shape_id,shape_pt_lat,shape_pt_lon,shape_pt_sequence,shape_dist_traveled
shp_33,50.014435,22.678083,1,0.0
shp_33,50.014259,22.678133,2,0.02
shp_33,50.013897,22.678228,3,0.061
shp_33,50.013699,22.678223,4,0.083
shp_33,50.013668,22.678221,5,0.086
shp_33,50.013634,22.678215,6,0.09
shp_33,50.013489,22.678198,7,0.106
shp_33,50.013084,22.678049,8,0.152
shp_33,50.012444,22.677782,9,0.226
shp_33,50.012409,22.677769,10,0.23
shp_33,50.012295,22.677717,11,0.243
shp_33,50.012238,22.677691,12,0.25
shp_33,50.012196,22.677671,13,0.255
shp_33,50.012112,22.677633,14,0.265
shp_33,50.012077,22.677618,15,0.268
shp_33,50.012035,22.677601,16,0.274
shp_33,50.011848,22.677528,17,0.295
shp_33,50.011726,22.677485,18,0.309
shp_33,50.011574,22.677437,19,0.326
shp_33,50.011505,22.677444,20,0.334
shp_33,50.011459,22.677475,21,0.339
shp_33,50.011425,22.677544,22,0.345
shp_33,50.011406,22.67762,23,0.351
shp_33,50.01141,22.67771,24,0.358
shp_33,50.01144,22.677889,25,0.371
shp_33,50.011551,22.678501,26,0.417
shp_33,50.011478,22.678499,27,0.425
shp_33,50.011269,22.678507,28,0.448
shp_33,50.011051,22.678482,29,0.472
shp_33,50.011066,22.67837,30,0.48
shp_33,50.011131,22.678349,31,0.488
shp_33,50.0112,22.678322,32,0.496
shp_33,50.011219,22.678312,33,0.498
shp_33,50.011234,22.678274,34,0.501
shp_33,50.011265,22.678047,35,0.518
shp_33,50.011288,22.677889,36,0.529
shp_33,50.011337,22.677509,37,0.557
shp_33,50.01136,22.677338,38,0.569
shp_33,50.01136,22.677294,39,0.573
shp_33,50.011356,22.677263,40,0.575
shp_33,50.011341,22.677223,41,0.578
shp_33,50.011326,22.677206,42,0.58
shp_33,50.011284,22.677193,43,0.585
shp_33,50.011257,22.677191,44,0.588
shp_33,50.01123,22.677206,45,0.591
shp_33,50.011223,22.677216,46,0.592
shp_33,50.011215,22.677225,47,0.593
shp_33,50.011204,22.677263,48,0.596
shp_33,50.011116,22.677931,49,0.645
shp_33,50.011116,22.67794,50,0.646
shp_33,50.011063,22.678295,51,0.672
shp_33,50.011066,22.67837,52,0.677
shp_33,50.011051,22.678482,53,0.685
shp_33,50.011269,22.678507,54,0.709
shp_33,50.011478,22.678499,55,0.733
shp_33,50.011551,22.678501,56,0.741
shp_33,50.011585,22.678707,57,0.756
shp_33,50.011604,22.678806,58,0.763
shp_33,50.011681,22.67922,59,0.794
shp_33,50.011742,22.679569,60,0.82
shp_33,50.011765,22.67968,61,0.828
shp_33,50.011887,22.680374,62,0.88
shp_33,50.011963,22.680763,63,0.909
shp_33,50.012077,22.681353,64,0.953
shp_33,50.01218,22.681646,65,0.977
shp_33,50.012241,22.681828,66,0.991
shp_33,50.012264,22.681889,67,0.996
shp_33,50.01247,22.682474,68,1.044
shp_33,50.01263,22.682936,69,1.082
shp_33,50.012779,22.683407,70,1.119
shp_33,50.012859,22.683657,71,1.139
shp_33,50.012932,22.683895,72,1.158
shp_33,50.012959,22.683973,73,1.164
shp_33,50.013054,22.68428,74,1.189
shp_33,50.013111,22.68446,75,1.203
shp_33,50.013206,22.684784,76,1.228
shp_33,50.013294,22.684717,77,1.239
shp_33,50.013374,22.684652,78,1.249
shp_33,50.013779,22.684338,79,1.299
shp_33,50.014164,22.684036,80,1.347
shp_33,50.014462,22.683804,81,1.384
shp_33,50.014568,22.68372,82,1.398
shp_33,50.014767,22.683554,83,1.423
shp_33,50.014927,22.683413,84,1.443
shp_33,50.014965,22.683384,85,1.448
shp_33,50.015003,22.683352,86,1.453
shp_33,50.015079,22.683289,87,1.462
shp_33,50.015125,22.683241,88,1.469
shp_33,50.015411,22.682964,89,1.506
shp_33,50.015476,22.682898,90,1.515
shp_33,50.015697,22.682671,91,1.544
shp_33,50.015804,22.682543,92,1.559
shp_33,50.015945,22.682405,93,1.577
shp_33,50.016129,22.68222,94,1.602
shp_33,50.016193,22.682158,95,1.61
shp_33,50.016281,22.682056,96,1.622
shp_33,50.016376,22.68203,97,1.633
shp_33,50.016418,22.682024,98,1.638
shp_33,50.016457,22.682011,99,1.642
shp_33,50.016479,22.681999,100,1.645
shp_33,50.016495,22.682032,101,1.648
shp_33,50.016514,22.682058,102,1.651
shp_33,50.016537,22.682076,103,1.653
shp_33,50.01656,22.682085,104,1.656
shp_33,50.016632,22.682568,105,1.691
shp_33,50.016655,22.682688,106,1.7
shp_33,50.016705,22.682871,107,1.715
shp_33,50.016758,22.683052,108,1.729
shp_33,50.016838,22.683342,109,1.751
shp_33,50.016861,22.683418,110,1.757
shp_33,50.016884,22.683567,111,1.768
shp_33,50.01688,22.68379,112,1.784
shp_33,50.016853,22.683834,113,1.788
shp_33,50.016842,22.683887,114,1.793
shp_33,50.016842,22.683945,115,1.797
shp_33,50.01685,22.683992,116,1.8
shp_33,50.016869,22.684034,117,1.804
shp_33,50.016895,22.684065,118,1.807
shp_33,50.016926,22.684082,119,1.811
shp_33,50.016953,22.684086,120,1.814
shp_33,50.016983,22.684074,121,1.818
shp_33,50.01704,22.684116,122,1.824
shp_33,50.017059,22.684139,123,1.827
shp_33,50.017155,22.684282,124,1.842
shp_33,50.017326,22.684927,125,1.892
shp_33,50.017418,22.685389,126,1.926
shp_33,50.017429,22.68548,127,1.933
shp_33,50.017513,22.686083,128,1.977
shp_33,50.017609,22.686783,129,2.028
shp_33,50.017799,22.688169,130,2.129
shp_33,50.017921,22.689058,131,2.194
shp_33,50.017952,22.689293,132,2.211
shp_33,50.018097,22.689819,133,2.252
shp_33,50.018394,22.690639,134,2.32
shp_33,50.018448,22.690788,135,2.332
shp_33,50.018494,22.690914,136,2.342
shp_33,50.01857,22.69112,137,2.359
shp_33,50.018669,22.691397,138,2.382
shp_33,50.018742,22.691587,139,2.398
shp_33,50.018856,22.691908,140,2.424
shp_33,50.019096,22.69257,141,2.478
shp_33,50.019157,22.692739,142,2.492
shp_33,50.019287,22.693106,143,2.522
shp_33,50.019604,22.693996,144,2.595
shp_33,50.019829,22.694628,145,2.646
shp_33,50.02018,22.695616,146,2.727
shp_33,50.020226,22.69574,147,2.737
shp_33,50.020313,22.695971,148,2.756
shp_33,50.020321,22.696047,149,2.762
shp_33,50.020325,22.696157,150,2.77
shp_33,50.020302,22.696304,151,2.78
shp_33,50.020267,22.696341,152,2.785
shp_33,50.020214,22.696417,153,2.793
shp_33,50.020203,22.696495,154,2.799
shp_33,50.020199,22.696537,155,2.802
shp_33,50.020206,22.696598,156,2.806
shp_33,50.020412,22.697247,157,2.858
shp_33,50.020435,22.697298,158,2.862
shp_33,50.020451,22.697317,159,2.865
shp_33,50.020489,22.697344,160,2.869
shp_33,50.020531,22.697367,161,2.874
shp_33,50.020584,22.697374,162,2.88
shp_33,50.020664,22.69738,163,2.889
shp_33,50.020634,22.698145,164,2.944
shp_33,50.020603,22.698975,165,3.003
shp_33,50.020584,22.699753,166,3.059
shp_33,50.020599,22.700087,167,3.083
shp_33,50.020603,22.700193,168,3.091
shp_33,50.020634,22.700722,169,3.128
shp_33,50.020645,22.70105,170,3.152
shp_33,50.020695,22.702051,171,3.224
shp_33,50.020702,22.702303,172,3.242
shp_33,50.020832,22.705078,173,3.441
shp_33,50.020863,22.705723,174,3.487
shp_33,50.020905,22.706615,175,3.551
shp_33,50.02095,22.707523,176,3.616
shp_33,50.020962,22.707844,177,3.639
shp_33,50.020973,22.708073,178,3.655
shp_33,50.020988,22.708282,179,3.67
shp_33,50.021023,22.70862,180,3.695
shp_33,50.021023,22.70862,181,3.695
shp_33,50.021065,22.708904,182,3.716
shp_33,50.021114,22.709145,183,3.733
shp_33,50.021172,22.709358,184,3.75
shp_33,50.021431,22.710115,185,3.811
shp_33,50.021561,22.710497,186,3.842
shp_33,50.021713,22.710939,187,3.878
shp_33,50.021828,22.71126,188,3.904
shp_33,50.02187,22.711378,189,3.914
shp_33,50.021896,22.711439,190,3.919
shp_33,50.022076,22.711832,191,3.954
shp_33,50.022293,22.712261,192,3.993
shp_33,50.022392,22.712425,193,4.009
shp_33,50.022545,22.712669,194,4.033
shp_33,50.022816,22.713064,195,4.074
shp_33,50.02293,22.713196,196,4.09
shp_33,50.023048,22.713327,197,4.106
shp_33,50.023121,22.713406,198,4.116
shp_33,50.023285,22.713591,199,4.139
shp_33,50.023369,22.713684,200,4.15
shp_33,50.02338,22.713696,201,4.152
shp_33,50.023399,22.713713,202,4.154
shp_33,50.023445,22.713757,203,4.16
shp_33,50.02356,22.713858,204,4.174
shp_33,50.023617,22.713911,205,4.182
shp_33,50.023926,22.714193,206,4.222
shp_33,50.024109,22.714359,207,4.246
shp_33,50.024483,22.714622,208,4.291
shp_33,50.024586,22.714695,209,4.304
shp_33,50.024849,22.714794,210,4.334
shp_33,50.024879,22.714806,211,4.337
shp_33,50.025021,22.714857,212,4.353
shp_33,50.025288,22.714888,213,4.383
shp_33,50.025398,22.714891,214,4.395
shp_33,50.025551,22.714886,215,4.412
shp_33,50.025864,22.714815,216,4.448
shp_33,50.026169,22.714788,217,4.481
shp_33,50.02623,22.71479,218,4.488
shp_33,50.026279,22.714808,219,4.494
shp_33,50.026318,22.714886,220,4.501
shp_33,50.026356,22.714935,221,4.506
shp_33,50.026375,22.714954,222,4.509
shp_33,50.026417,22.714981,223,4.514
shp_33,50.026459,22.714993,224,4.519
shp_33,50.026508,22.714991,225,4.524
shp_33,50.026585,22.714952,226,4.533
shp_33,50.02663,22.714899,227,4.54
shp_33,50.026665,22.714838,228,4.545
shp_33,50.026691,22.714746,229,4.553
shp_33,50.026695,22.71471,230,4.555
shp_33,50.026699,22.714645,231,4.56
shp_33,50.026699,22.714603,232,4.563
shp_33,50.026684,22.714506,233,4.57
shp_33,50.026646,22.714418,234,4.578
shp_33,50.026619,22.71438,235,4.582
shp_33,50.026592,22.71435,236,4.585
shp_33,50.026539,22.714315,237,4.592
shp_33,50.02647,22.714302,238,4.599
shp_33,50.026405,22.714321,239,4.607
shp_33,50.026344,22.714371,240,4.614
shp_33,50.026299,22.714445,241,4.622
shp_33,50.02626,22.714565,242,4.631
shp_33,50.02623,22.714628,243,4.637
shp_33,50.02615,22.714682,244,4.647
shp_33,50.025864,22.714815,245,4.68
shp_33,50.025551,22.714886,246,4.715
shp_33,50.025398,22.714891,247,4.732
shp_33,50.025288,22.714888,248,4.745
shp_33,50.025021,22.714857,249,4.774
shp_33,50.024879,22.714806,250,4.79
shp_33,50.024849,22.714794,251,4.794
shp_33,50.024586,22.714695,252,4.824
shp_33,50.024483,22.714622,253,4.837
shp_33,50.024109,22.714359,254,4.882
shp_33,50.023926,22.714193,255,4.906
shp_33,50.023617,22.713911,256,4.946
shp_33,50.02356,22.713858,257,4.953
shp_33,50.023445,22.713757,258,4.967
shp_33,50.023399,22.713713,259,4.974
shp_33,50.02338,22.713696,260,4.976
shp_33,50.023369,22.713684,261,4.977
shp_33,50.023285,22.713591,262,4.989
shp_33,50.023121,22.713406,263,5.012
shp_33,50.023048,22.713327,264,5.021
shp_33,50.022987,22.713259,265,5.03
shp_3_1,50.021553,22.697285,1,0.0
shp_3_1,50.022018,22.697752,2,61.883
shp_3_1,50.022369,22.697985,3,104.188
shp_3_1,50.022682,22.698097,4,139.928
shp_3_1,50.023003,22.69825,5,177.145
shp_3_1,50.023235,22.69845,6,206.753
shp_3_1,50.023296,22.698483,7,214.079
shp_3_1,50.023342,22.698488,8,219.316
shp_3_1,50.023376,22.698481,9,223.194
shp_3_1,50.023411,22.698458,10,227.226
shp_3_1,50.023449,22.698416,11,232.396
shp_3_1,50.023628,22.698116,12,261.563
shp_3_1,50.02475,22.69602,13,456.903
shp_3_1,50.02475,22.69602,14,456.903
shp_3_1,50.024971,22.695614,15,494.793
shp_3_1,50.025246,22.695042,16,545.975
shp_3_1,50.026215,22.693281,17,711.812
shp_3_1,50.025681,22.692341,18,801.608
shp_3_1,50.025513,22.692095,19,827.268
shp_3_1,50.024723,22.691427,20,927.467
shp_3_1,50.024597,22.69136,21,942.267
shp_3_1,50.023476,22.690903,22,1071.256
shp_3_1,50.023548,22.689955,23,1139.548
shp_3_1,50.023548,22.689955,24,1139.548
shp_3_1,50.023643,22.688744,25,1226.803
shp_3_1,50.023865,22.686981,26,1355.271
shp_3_1,50.023869,22.686811,27,1367.38
shp_3_1,50.0238,22.68671,28,1378.151
shp_3_1,50.023418,22.686268,29,1430.816
shp_3_1,50.02314,22.68574,30,1479.708
shp_3_1,50.02314,22.68574,31,1479.708
shp_3_1,50.022766,22.685032,32,1545.377
shp_3_1,50.023186,22.683523,33,1662.971
shp_3_1,50.023403,22.683758,34,1692.468
shp_3_1,50.023403,22.683758,35,1692.468
shp_3_1,50.024162,22.68458,36,1795.55
shp_3_1,50.024254,22.684658,37,1807.037
shp_3_1,50.0243,22.68453,38,1817.468
shp_3_1,50.024334,22.684385,39,1828.584
shp_3_1,50.024506,22.683435,40,1899.174
shp_3_1,50.024822,22.683229,41,1937.296
shp_3_1,50.026146,22.68364,42,2087.509
shp_3_1,50.027172,22.683775,43,2202.219
shp_3_1,50.028923,22.683966,44,2397.361
shp_3_1,50.028923,22.683966,45,2397.361
shp_3_1,50.029472,22.684027,46,2458.718
shp_3_1,50.031628,22.684761,47,2704.174
shp_3_1,50.032333,22.684994,48,2784.775
shp_3_1,50.033169,22.685287,49,2880.187
shp_3_1,50.033169,22.685287,50,2880.187
shp_3_1,50.033901,22.685543,51,2963.655
shp_3_1,50.035202,22.685974,52,3111.4
shp_3_1,50.035561,22.686108,53,3152.607
shp_3_1,50.035923,22.686287,54,3194.865
shp_3_1,50.036247,22.68648,55,3233.446
shp_3_1,50.036896,22.686815,56,3309.594
shp_3_2,50.01144,22.67787,1,0.0
shp_3_2,50.011887,22.680376,2,185.966
shp_3_2,50.012077,22.681353,3,259.115
shp_3_2,50.01263,22.682936,4,387.989
shp_3_2,50.012951,22.683949,5,468.653
shp_3_2,50.012951,22.683949,6,468.653
shp_3_2,50.013206,22.684784,7,534.902
shp_3_2,50.014568,22.68372,8,704.447
shp_3_2,50.015079,22.683289,9,769.189
shp_3_2,50.015411,22.682964,10,812.708
shp_3_2,50.015697,22.682669,11,850.91
shp_3_2,50.015839,22.68251,12,870.339
shp_3_2,50.016193,22.682158,13,917.098
shp_3_2,50.016281,22.682056,14,929.356
shp_3_2,50.016418,22.682024,15,945.048
shp_3_2,50.016479,22.682001,16,951.997
shp_3_2,50.016514,22.682058,17,957.48
shp_3_2,50.01656,22.682085,18,962.961
shp_3_2,50.016655,22.682688,19,1007.349
shp_3_2,50.016861,22.683418,20,1064.398
shp_3_2,50.016884,22.683567,21,1075.303
shp_3_2,50.01688,22.68379,22,1091.294
shp_3_2,50.016853,22.683834,23,1095.417
shp_3_2,50.016842,22.683887,24,1099.534
shp_3_2,50.016842,22.683945,25,1103.655
shp_3_2,50.01685,22.683992,26,1107.247
shp_3_2,50.016869,22.684034,27,1110.836
shp_3_2,50.016895,22.684065,28,1114.429
shp_3_2,50.016922,22.684082,29,1117.848
shp_3_2,50.016953,22.684086,30,1121.264
shp_3_2,50.016983,22.684074,31,1124.692
shp_3_2,50.01704,22.684116,32,1131.559
shp_3_2,50.017155,22.684284,33,1148.926
shp_3_2,50.017326,22.684927,34,1198.845
shp_3_2,50.017418,22.685389,35,1233.426
shp_3_2,50.017952,22.689291,36,1518.832
shp_3_2,50.018097,22.689819,37,1559.801
shp_3_2,50.01857,22.691122,38,1666.848
shp_3_3,50.01144,22.67787,1,0.0
shp_3_3,50.011887,22.680376,2,185.966
shp_3_3,50.012077,22.681353,3,259.115
shp_3_3,50.01263,22.682936,4,387.989
shp_3_3,50.012951,22.683949,5,468.653
shp_3_3,50.012951,22.683949,6,468.653
shp_3_3,50.013206,22.684784,7,534.902
shp_3_3,50.014568,22.68372,8,704.447
shp_3_3,50.015079,22.683289,9,769.189
shp_3_3,50.015411,22.682964,10,812.708
shp_3_3,50.015697,22.682669,11,850.91
shp_3_3,50.015839,22.68251,12,870.339
shp_3_3,50.016193,22.682158,13,917.098
shp_3_3,50.016281,22.682056,14,929.356
shp_3_3,50.016418,22.682024,15,945.048
shp_3_3,50.016479,22.682001,16,951.997
shp_3_3,50.016514,22.682058,17,957.48
shp_3_3,50.01656,22.682085,18,962.961
shp_3_3,50.016655,22.682688,19,1007.349
shp_3_3,50.016861,22.683418,20,1064.398
shp_3_3,50.016884,22.683567,21,1075.303
shp_3_3,50.01688,22.68379,22,1091.294
shp_3_3,50.016853,22.683834,23,1095.417
shp_3_3,50.016842,22.683887,24,1099.534
shp_3_3,50.016842,22.683945,25,1103.655
shp_3_3,50.01685,22.683992,26,1107.247
shp_3_3,50.016869,22.684034,27,1110.836
shp_3_3,50.016895,22.684065,28,1114.429
shp_3_3,50.016922,22.684082,29,1117.848
shp_3_3,50.016953,22.684086,30,1121.264
shp_3_3,50.016983,22.684074,31,1124.692
shp_3_3,50.01704,22.684116,32,1131.559
shp_3_3,50.017155,22.684284,33,1148.926
shp_3_3,50.017326,22.684927,34,1198.845
shp_3_3,50.017418,22.685389,35,1233.426
shp_3_3,50.017952,22.689291,36,1518.832
shp_3_3,50.018097,22.689819,37,1559.801
shp_3_3,50.01857,22.691122,38,1666.848
shp_3_3,50.01857,22.691122,39,1666.848
shp_3_3,50.019096,22.692568,40,1785.763
shp_3_3,50.020226,22.69574,41,2045.063
shp_3_3,50.020313,22.695971,42,2064.352
shp_3_3,50.020325,22.696157,43,2077.698
shp_3_3,50.020302,22.696304,44,2088.552
shp_3_3,50.020267,22.696341,45,2093.305
shp_3_3,50.020214,22.696417,46,2101.273
shp_3_3,50.020203,22.696495,47,2107.007
shp_3_3,50.020206,22.6966,48,2114.513
shp_3_3,50.020412,22.697247,49,2166.052
shp_3_3,50.020451,22.697317,50,2172.597
shp_3_3,50.020531,22.697367,51,2182.466
shp_3_3,50.020668,22.69738,52,2197.488
shp_3_3,50.020634,22.698143,53,2252.161
shp_3_3,50.020584,22.699753,54,2367.349
shp_3_3,50.020607,22.700272,55,2404.541
shp_3_3,50.020607,22.700272,56,2404.541
shp_3_3,50.020947,22.707487,57,2921.991
shp_3_3,50.020988,22.708282,58,2979.117
shp_3_3,50.021015,22.708542,59,2997.942
shp_3_3,50.021015,22.708542,60,2997.942
shp_3_3,50.021065,22.708906,61,3024.522
shp_3_3,50.021114,22.709145,62,3042.483
shp_3_3,50.021172,22.709358,63,3059.085
shp_3_3,50.02187,22.711378,64,3223.007
shp_3_3,50.022076,22.711832,65,3262.803
shp_3_3,50.022293,22.712263,66,3301.949
shp_3_3,50.022545,22.712669,67,3342.402
shp_3_3,50.022816,22.713064,68,3383.675
shp_3_3,50.023399,22.713713,69,3463.391
shp_3_3,50.023888,22.714157,70,3526.425
shp_3_4,50.016804,22.680517,1,0.0
shp_3_4,50.016724,22.680325,2,16.475
shp_3_4,50.016586,22.679928,3,48.625
shp_3_4,50.016472,22.679508,4,81.257
shp_3_4,50.016304,22.678753,5,138.538
shp_3_4,50.016163,22.67798,6,195.883
shp_3_4,50.01598,22.676802,7,282.661
shp_3_4,50.0158,22.675743,8,360.93
shp_3_4,50.01561,22.674753,9,434.88
shp_3_4,50.015427,22.673674,10,514.648
shp_3_4,50.015427,22.673674,11,514.648
shp_3_4,50.014992,22.671064,12,707.559
shp_3_4,50.014977,22.670805,13,726.228
shp_3_4,50.014988,22.67054,14,745.195
shp_3_4,50.015018,22.670282,15,763.928
shp_3_4,50.015141,22.669886,16,795.34
shp_3_4,50.0154,22.669298,17,846.479
shp_3_4,50.015743,22.668489,18,915.627
shp_3_4,50.015945,22.668688,19,942.442
shp_3_4,50.016083,22.668688,20,957.815
shp_3_4,50.01659,22.668524,21,1015.354
shp_3_4,50.01659,22.668524,22,1015.354
shp_3_4,50.017666,22.668173,23,1137.532
shp_3_4,50.018593,22.667738,24,1245.441
shp_3_4,50.019787,22.66715,25,1385.045
shp_3_4,50.020088,22.666992,26,1420.503
shp_3_4,50.020088,22.666992,27,1420.503
shp_3_4,50.02084,22.666607,28,1508.44
shp_3_4,50.021019,22.667641,29,1585.063
shp_3_4,50.021622,22.67083,30,1822.802
shp_3_4,50.021622,22.67083,31,1822.802
shp_3_4,50.021847,22.671854,32,1900.28
shp_3_4,50.022602,22.674887,33,2132.817
shp_3_4,50.023121,22.674553,34,2195.31
shp_3_4,50.023121,22.674553,35,2195.31
shp_3_4,50.02319,22.674511,36,2203.419
shp_3_4,50.023365,22.674473,37,2223.143
shp_3_4,50.023384,22.674511,38,2226.615
shp_3_4,50.023438,22.674555,39,2233.466
shp_3_4,50.023468,22.674557,40,2236.931
shp_3_4,50.023499,22.674545,41,2240.405
shp_3_4,50.023525,22.67452,42,2243.861
shp_3_4,50.023548,22.674486,43,2247.327
shp_3_4,50.02356,22.674442,44,2250.791
shp_3_4,50.023567,22.674381,45,2255.23
shp_3_4,50.023727,22.674189,46,2277.96
shp_3_4,50.023823,22.674118,47,2289.59
shp_3_4,50.023899,22.674036,48,2300.013
shp_3_4,50.024326,22.673418,49,2364.799
shp_3_4,50.024597,22.673077,50,2403.634
shp_3_4,50.024612,22.672916,51,2415.28
shp_3_4,50.024643,22.672791,52,2424.758
shp_3_4,50.024685,22.672668,53,2434.813
shp_3_4,50.025257,22.671513,54,2538.949
shp_3_4,50.025646,22.670536,55,2621.31
shp_3_4,50.025612,22.670486,56,2626.669
shp_3_4,50.025566,22.670292,57,2641.424
shp_3_4,50.025448,22.669678,58,2687.283
shp_3_4,50.025448,22.669678,59,2687.283
shp_3_4,50.025166,22.668182,60,2798.773
shp_3_4,50.024372,22.66856,61,2890.838
shp_3_4,50.023567,22.668962,62,2985.148
shp_3_5,50.024021,22.640734,1,0.0
shp_3_5,50.024509,22.63896,2,138.006
shp_3_5,50.024635,22.638548,3,170.552
shp_3_5,50.024807,22.638147,4,205.136
shp_3_5,50.024872,22.638029,5,216.184
shp_3_5,50.024914,22.638037,6,220.737
shp_3_5,50.024952,22.638027,7,225.289
shp_3_5,50.02499,22.638002,8,229.852
shp_3_5,50.025024,22.637964,9,234.407
shp_3_5,50.025047,22.637915,10,238.957
shp_3_5,50.025066,22.637856,11,243.518
shp_3_5,50.02507,22.637794,12,247.935
shp_3_5,50.025066,22.637733,13,252.352
shp_3_5,50.025051,22.637671,14,257.201
shp_3_5,50.025028,22.637615,15,262.053
shp_3_5,50.024986,22.637566,16,267.883
shp_3_5,50.024937,22.637541,17,273.718
shp_3_5,50.024864,22.63755,18,281.498
shp_3_5,50.024803,22.637604,19,289.279
shp_3_5,50.024765,22.637693,20,297.06
shp_3_5,50.024731,22.637701,21,300.912
shp_3_5,50.024654,22.637693,22,309.327
shp_3_5,50.024422,22.637737,23,335.277
shp_3_5,50.024353,22.637756,24,343.141
shp_3_5,50.023884,22.637995,25,398.2
shp_3_5,50.02158,22.6392,26,668.473
shp_3_5,50.02158,22.6392,27,668.473
shp_3_5,50.01899,22.640553,28,972.703
shp_3_5,50.018417,22.640877,29,1040.461
shp_3_5,50.018417,22.640877,30,1040.461
shp_3_5,50.018253,22.640982,31,1060.445
shp_3_5,50.01498,22.643475,32,1466.029
shp_3_5,50.014729,22.643627,33,1496.139
shp_3_5,50.014706,22.64362,34,1498.74
shp_3_5,50.014664,22.643627,35,1503.165
shp_3_5,50.014648,22.643642,36,1505.494
shp_3_5,50.014633,22.643669,37,1508.076
shp_3_5,50.01458,22.643854,38,1522.54
shp_3_5,50.01453,22.643957,39,1531.729
shp_3_5,50.014515,22.644022,40,1536.759
shp_3_5,50.014511,22.644064,41,1539.636
shp_3_5,50.014523,22.644127,42,1544.378
shp_3_5,50.014557,22.644173,43,1549.18
shp_3_5,50.01461,22.644196,44,1555.475
shp_3_5,50.014629,22.644331,45,1565.464
shp_3_5,50.014671,22.644651,46,1588.844
shp_3_5,50.014687,22.645206,47,1628.474
shp_3_5,50.014687,22.645206,48,1628.474
shp_3_5,50.014755,22.64756,49,1797.076
shp_3_5,50.015526,22.652098,50,2132.848
shp_3_5,50.015736,22.65366,51,2246.914
shp_3_5,50.015736,22.65366,52,2246.914
shp_3_5,50.015835,22.654415,53,2302.172
shp_3_5,50.015869,22.654757,54,2326.847
shp_3_5,50.0159,22.655312,55,2366.65
shp_3_5,50.015945,22.655424,56,2376.203
shp_3_5,50.016003,22.655521,57,2385.554
shp_3_5,50.016167,22.655746,58,2409.991
shp_3_5,50.016262,22.65593,59,2426.702
shp_3_5,50.016289,22.656006,60,2432.902
shp_3_5,50.016399,22.656744,61,2487.052
shp_3_5,50.016655,22.65814,62,2590.987
shp_3_5,50.017097,22.660322,63,2754.573
shp_3_5,50.017624,22.662561,64,2925.228
shp_3_5,50.017624,22.662561,65,2925.228
shp_3_5,50.017715,22.662958,66,2955.459
shp_3_5,50.01778,22.663071,67,2966.082
shp_3_5,50.017166,22.66527,68,3137.448
shp_3_5,50.016991,22.665836,69,3182.495
shp_3_5,50.016876,22.666126,70,3206.928
shp_3_5,50.016735,22.666426,71,3233.307
shp_3_5,50.016197,22.667528,72,3332.311
shp_3_5,50.016197,22.667528,73,3332.311
shp_3_5,50.015743,22.668489,74,3417.732
shp_3_5,50.0154,22.669298,75,3486.879
shp_3_5,50.015141,22.669886,76,3538.019
shp_3_5,50.015018,22.670282,77,3569.431
shp_3_5,50.014988,22.67054,78,3588.164
shp_3_5,50.014977,22.670805,79,3607.131
shp_3_5,50.014992,22.671064,80,3625.8
shp_3_5,50.015636,22.674923,81,3910.928
shp_3_5,50.015636,22.674923,82,3910.928
shp_3_5,50.015747,22.675762,83,3972.225
shp_3_5,50.015884,22.676592,84,4033.566
shp_3_5,50.01606,22.677696,85,4114.99
shp_3_5,50.015934,22.67767,86,4129.386
shp_3_5,50.014256,22.678135,87,4319.207
shp_3_5,50.014256,22.678135,88,4319.207
shp_3_5,50.013897,22.678228,89,4359.692
shp_3_5,50.013699,22.678223,90,4381.77
shp_3_5,50.013489,22.678198,91,4405.097
shp_3_5,50.013084,22.678049,92,4451.219
shp_3_5,50.012295,22.677717,93,4542.451
shp_3_5,50.012077,22.677618,94,4567.463
shp_3_5,50.011848,22.677528,95,4593.907
shp_3_5,50.011574,22.677437,96,4625.315
shp_3_5,50.011505,22.677443,97,4632.81
shp_3_5,50.011459,22.677475,98,4638.359
shp_3_5,50.011425,22.677544,99,4644.546
shp_3_5,50.011406,22.67762,100,4650.374
shp_3_5,50.01141,22.67771,101,4656.734
shp_3_5,50.01144,22.67787,102,4668.731
shp_3_5,50.01144,22.67787,103,4668.731
shp_3_5,50.011887,22.680376,104,4854.697
shp_3_5,50.012077,22.681353,105,4927.846
shp_3_5,50.01263,22.682936,106,5056.72
shp_3_5,50.012951,22.683949,107,5137.384
shp_3_5,50.012951,22.683949,108,5137.384
shp_3_5,50.013206,22.684784,109,5203.634
shp_3_5,50.014568,22.68372,110,5373.178
shp_3_5,50.015079,22.683289,111,5437.921
shp_3_5,50.015411,22.682964,112,5481.439
shp_3_5,50.015697,22.682669,113,5519.641
shp_3_5,50.015839,22.68251,114,5539.07
shp_3_5,50.016193,22.682158,115,5585.83
shp_3_5,50.016281,22.682056,116,5598.088
shp_3_5,50.016418,22.682024,117,5613.78
shp_3_5,50.016479,22.682001,118,5620.729
shp_3_5,50.016514,22.682058,119,5626.212
shp_3_5,50.01656,22.682085,120,5631.692
shp_3_5,50.016655,22.682688,121,5676.081
shp_3_5,50.016861,22.683418,122,5733.129
shp_3_5,50.016884,22.683567,123,5744.035
shp_3_5,50.01688,22.68379,124,5760.026
shp_3_5,50.016853,22.683834,125,5764.149
shp_3_5,50.016842,22.683887,126,5768.266
shp_3_5,50.016842,22.683945,127,5772.386
shp_3_5,50.01685,22.683992,128,5775.979
shp_3_5,50.016869,22.684034,129,5779.567
shp_3_5,50.016895,22.684065,130,5783.161
shp_3_5,50.016922,22.684082,131,5786.579
shp_3_5,50.016953,22.684086,132,5789.995
shp_3_5,50.016983,22.684074,133,5793.423
shp_3_5,50.01704,22.684116,134,5800.291
shp_3_5,50.017155,22.684284,135,5817.657
shp_3_5,50.017326,22.684927,136,5867.577
shp_3_5,50.017418,22.685389,137,5902.157
shp_3_5,50.017952,22.689291,138,6187.563
shp_3_5,50.018097,22.689819,139,6228.532
shp_3_5,50.01857,22.691122,140,6335.579
shp_3_6,50.024021,22.640734,1,0.0
shp_3_6,50.024509,22.63896,2,138.006
shp_3_6,50.024635,22.638548,3,170.552
shp_3_6,50.024807,22.638147,4,205.136
shp_3_6,50.024872,22.638029,5,216.184
shp_3_6,50.024914,22.638037,6,220.737
shp_3_6,50.024952,22.638027,7,225.289
shp_3_6,50.02499,22.638002,8,229.852
shp_3_6,50.025024,22.637964,9,234.407
shp_3_6,50.025047,22.637915,10,238.957
shp_3_6,50.025066,22.637856,11,243.518
shp_3_6,50.02507,22.637794,12,247.935
shp_3_6,50.025066,22.637733,13,252.352
shp_3_6,50.025051,22.637671,14,257.201
shp_3_6,50.025028,22.637615,15,262.053
shp_3_6,50.024986,22.637566,16,267.883
shp_3_6,50.024937,22.637541,17,273.718
shp_3_6,50.024864,22.63755,18,281.498
shp_3_6,50.024803,22.637604,19,289.279
shp_3_6,50.024765,22.637693,20,297.06
shp_3_6,50.024731,22.637701,21,300.912
shp_3_6,50.024654,22.637693,22,309.327
shp_3_6,50.024422,22.637737,23,335.277
shp_3_6,50.024353,22.637756,24,343.141
shp_3_6,50.023884,22.637995,25,398.2
shp_3_6,50.02158,22.6392,26,668.473
shp_3_6,50.02158,22.6392,27,668.473
shp_3_6,50.01899,22.640553,28,972.703
shp_3_6,50.018417,22.640877,29,1040.461
shp_3_6,50.018417,22.640877,30,1040.461
shp_3_6,50.018253,22.640982,31,1060.445
shp_3_6,50.01498,22.643475,32,1466.029
shp_3_6,50.014729,22.643627,33,1496.139
shp_3_6,50.014706,22.64362,34,1498.74
shp_3_6,50.014664,22.643627,35,1503.165
shp_3_6,50.014648,22.643642,36,1505.494
shp_3_6,50.014633,22.643669,37,1508.076
shp_3_6,50.01458,22.643854,38,1522.54
shp_3_6,50.01453,22.643957,39,1531.729
shp_3_6,50.014515,22.644022,40,1536.759
shp_3_6,50.014511,22.644064,41,1539.636
shp_3_6,50.014523,22.644127,42,1544.378
shp_3_6,50.014557,22.644173,43,1549.18
shp_3_6,50.01461,22.644196,44,1555.475
shp_3_6,50.014629,22.644331,45,1565.464
shp_3_6,50.014671,22.644651,46,1588.844
shp_3_6,50.014687,22.645206,47,1628.474
shp_3_6,50.014687,22.645206,48,1628.474
shp_3_6,50.014755,22.64756,49,1797.076
shp_3_6,50.015526,22.652098,50,2132.848
shp_3_6,50.015736,22.65366,51,2246.914
shp_3_6,50.015736,22.65366,52,2246.914
shp_3_6,50.015835,22.654415,53,2302.172
shp_3_6,50.015869,22.654757,54,2326.847
shp_3_6,50.0159,22.655312,55,2366.65
shp_3_6,50.015945,22.655424,56,2376.203
shp_3_6,50.016003,22.655521,57,2385.554
shp_3_6,50.016167,22.655746,58,2409.991
shp_3_6,50.016262,22.65593,59,2426.702
shp_3_6,50.016289,22.656006,60,2432.902
shp_3_6,50.016399,22.656744,61,2487.052
shp_3_6,50.016655,22.65814,62,2590.987
shp_3_6,50.017097,22.660322,63,2754.573
shp_3_6,50.017624,22.662561,64,2925.228
shp_3_6,50.017624,22.662561,65,2925.228
shp_3_6,50.017715,22.662958,66,2955.459
shp_3_6,50.01778,22.663071,67,2966.082
shp_3_6,50.017166,22.66527,68,3137.448
shp_3_6,50.016991,22.665836,69,3182.495
shp_3_6,50.016876,22.666126,70,3206.928
shp_3_6,50.016735,22.666426,71,3233.307
shp_3_6,50.016197,22.667528,72,3332.311
shp_3_6,50.016197,22.667528,73,3332.311
shp_3_6,50.015743,22.668489,74,3417.732
shp_3_6,50.0154,22.669298,75,3486.879
shp_3_6,50.015141,22.669886,76,3538.019
shp_3_6,50.015018,22.670282,77,3569.431
shp_3_6,50.014988,22.67054,78,3588.164
shp_3_6,50.014977,22.670805,79,3607.131
shp_3_6,50.014992,22.671064,80,3625.8
shp_3_6,50.015636,22.674923,81,3910.928
shp_3_6,50.015636,22.674923,82,3910.928
shp_3_6,50.015747,22.675762,83,3972.225
shp_3_6,50.015884,22.676592,84,4033.566
shp_3_6,50.01606,22.677696,85,4114.99
shp_3_6,50.015934,22.67767,86,4129.386
shp_3_6,50.014256,22.678135,87,4319.207
shp_3_6,50.014256,22.678135,88,4319.207
shp_3_6,50.013897,22.678228,89,4359.692
shp_3_6,50.013699,22.678223,90,4381.77
shp_3_6,50.013489,22.678198,91,4405.097
shp_3_6,50.013084,22.678049,92,4451.219
shp_3_6,50.012295,22.677717,93,4542.451
shp_3_6,50.012077,22.677618,94,4567.463
shp_3_6,50.011848,22.677528,95,4593.907
shp_3_6,50.011574,22.677437,96,4625.315
shp_3_6,50.011505,22.677443,97,4632.81
shp_3_6,50.011459,22.677475,98,4638.359
shp_3_6,50.011425,22.677544,99,4644.546
shp_3_6,50.011406,22.67762,100,4650.374
shp_3_6,50.01141,22.67771,101,4656.734
shp_3_6,50.01144,22.67787,102,4668.731
shp_3_6,50.01144,22.67787,103,4668.731
shp_3_6,50.011887,22.680376,104,4854.697
shp_3_6,50.012077,22.681353,105,4927.846
shp_3_6,50.01263,22.682936,106,5056.72
shp_3_6,50.012951,22.683949,107,5137.384
shp_3_6,50.012951,22.683949,108,5137.384
shp_3_6,50.013206,22.684784,109,5203.634
shp_3_6,50.014568,22.68372,110,5373.178
shp_3_6,50.015079,22.683289,111,5437.921
shp_3_6,50.015411,22.682964,112,5481.439
shp_3_6,50.015697,22.682669,113,5519.641
shp_3_6,50.015839,22.68251,114,5539.07
shp_3_6,50.016193,22.682158,115,5585.83
shp_3_6,50.016281,22.682056,116,5598.088
shp_3_6,50.016418,22.682024,117,5613.78
shp_3_6,50.016479,22.682001,118,5620.729
shp_3_6,50.016514,22.682058,119,5626.212
shp_3_6,50.01656,22.682085,120,5631.692
shp_3_6,50.016655,22.682688,121,5676.081
shp_3_6,50.016861,22.683418,122,5733.129
shp_3_6,50.016884,22.683567,123,5744.035
shp_3_6,50.01688,22.68379,124,5760.026
shp_3_6,50.016853,22.683834,125,5764.149
shp_3_6,50.016842,22.683887,126,5768.266
shp_3_6,50.016842,22.683945,127,5772.386
shp_3_6,50.01685,22.683992,128,5775.979
shp_3_6,50.016869,22.684034,129,5779.567
shp_3_6,50.016895,22.684065,130,5783.161
shp_3_6,50.016922,22.684082,131,5786.579
shp_3_6,50.016953,22.684086,132,5789.995
shp_3_6,50.016983,22.684074,133,5793.423
shp_3_6,50.01704,22.684116,134,5800.291
shp_3_6,50.017155,22.684284,135,5817.657
shp_3_6,50.017326,22.684927,136,5867.577
shp_3_6,50.017418,22.685389,137,5902.157
shp_3_6,50.017952,22.689291,138,6187.563
shp_3_6,50.018097,22.689819,139,6228.532
shp_3_6,50.01857,22.691122,140,6335.579
shp_3_6,50.01857,22.691122,141,6335.579
shp_3_6,50.019096,22.692568,142,6454.494
shp_3_6,50.020226,22.69574,143,6713.794
shp_3_6,50.020313,22.695971,144,6733.083
shp_3_6,50.020325,22.696157,145,6746.429
shp_3_6,50.020302,22.696304,146,6757.284
shp_3_6,50.020267,22.696341,147,6762.036
shp_3_6,50.020214,22.696417,148,6770.004
shp_3_6,50.020203,22.696495,149,6775.738
shp_3_6,50.020206,22.6966,150,6783.244
shp_3_6,50.020412,22.697247,151,6834.783
shp_3_6,50.020451,22.697317,152,6841.329
shp_3_6,50.020531,22.697367,153,6851.197
shp_3_6,50.020668,22.69738,154,6866.219
shp_3_6,50.020634,22.698143,155,6920.893
shp_3_6,50.020584,22.699753,156,7036.081
shp_3_6,50.020607,22.700272,157,7073.272
shp_3_6,50.020607,22.700272,158,7073.272
shp_3_6,50.020947,22.707487,159,7590.722
shp_3_6,50.020988,22.708282,160,7647.848
shp_3_6,50.021015,22.708542,161,7666.673
shp_3_6,50.021015,22.708542,162,7666.673
shp_3_6,50.021065,22.708906,163,7693.253
shp_3_6,50.021114,22.709145,164,7711.214
shp_3_6,50.021172,22.709358,165,7727.815
shp_3_6,50.02187,22.711378,166,7891.737
shp_3_6,50.022076,22.711832,167,7931.534
shp_3_6,50.022293,22.712263,168,7970.68
shp_3_6,50.022545,22.712669,169,8011.132
shp_3_6,50.022816,22.713064,170,8052.406
shp_3_6,50.023399,22.713713,171,8132.122
shp_3_6,50.023888,22.714157,172,8195.155
shp_3_7,50.036896,22.686815,1,0.0
shp_3_7,50.036247,22.68648,2,76.147
shp_3_7,50.035923,22.686287,3,114.728
shp_3_7,50.035561,22.686108,4,156.987
shp_3_7,50.035202,22.685974,5,198.193
shp_3_7,50.033901,22.685543,6,345.938
shp_3_7,50.033169,22.685287,7,429.407
shp_3_7,50.033169,22.685287,8,429.407
shp_3_7,50.032333,22.684994,9,524.818
shp_3_7,50.031628,22.684761,10,605.419
shp_3_7,50.029472,22.684027,11,850.876
shp_3_7,50.028923,22.683966,12,912.232
shp_3_7,50.028923,22.683966,13,912.232
shp_3_7,50.027172,22.683775,14,1107.374
shp_3_7,50.026146,22.68364,15,1222.084
shp_3_7,50.024822,22.683229,16,1372.297
shp_3_7,50.024506,22.683435,17,1410.419
shp_3_7,50.024334,22.684385,18,1481.009
shp_3_7,50.0243,22.68453,19,1492.125
shp_3_7,50.024254,22.684658,20,1502.556
shp_3_7,50.024162,22.68458,21,1514.043
shp_3_7,50.023403,22.683758,22,1617.125
shp_3_7,50.023403,22.683758,23,1617.125
shp_3_7,50.023186,22.683523,24,1646.622
shp_3_7,50.022766,22.685032,25,1764.216
shp_3_7,50.023273,22.685993,26,1853.316
shp_3_7,50.023273,22.685993,27,1853.316
shp_3_7,50.023418,22.686268,28,1878.777
shp_3_7,50.0238,22.68671,29,1931.442
shp_3_7,50.023869,22.686811,30,1942.213
shp_3_7,50.023865,22.686981,31,1954.322
shp_3_7,50.023643,22.688744,32,2082.79
shp_3_7,50.023548,22.689955,33,2170.045
shp_3_7,50.023548,22.689955,34,2170.045
shp_3_7,50.023476,22.690903,35,2238.337
shp_3_7,50.024597,22.69136,36,2367.326
shp_3_7,50.024723,22.691427,37,2382.126
shp_3_7,50.025513,22.692095,38,2482.325
shp_3_7,50.025681,22.692341,39,2507.985
shp_3_7,50.026215,22.693281,40,2597.781
shp_3_7,50.026379,22.693544,41,2624.021
shp_3_7,50.027153,22.694521,42,2734.723
shp_3_7,50.027435,22.694847,43,2773.883
shp_3_7,50.027512,22.694921,44,2783.845
shp_3_7,50.027584,22.694979,45,2793.036
shp_3_7,50.027664,22.695019,46,2802.333
shp_3_7,50.027744,22.695028,47,2811.365
shp_3_7,50.027889,22.695002,48,2827.537
shp_3_7,50.028172,22.694933,49,2859.478
shp_3_7,50.02829,22.694927,50,2872.554
shp_3_7,50.028446,22.694944,51,2890.068
shp_3_7,50.028641,22.694996,52,2911.995
shp_3_7,50.029037,22.695131,53,2957.088
shp_3_7,50.030437,22.695658,54,3117.799
shp_3_7,50.030651,22.695747,55,3142.159
shp_3_7,50.030766,22.695829,56,3156.253
shp_3_7,50.03072,22.696171,57,3181.256
shp_3_7,50.03072,22.696171,58,3181.256
shp_3_7,50.030766,22.695829,59,3206.259
shp_3_7,50.030651,22.695747,60,3220.353
shp_3_7,50.030437,22.695658,61,3244.713
shp_3_7,50.029037,22.695131,62,3405.424
shp_3_7,50.028641,22.694996,63,3450.517
shp_3_7,50.028446,22.694944,64,3472.445
shp_3_7,50.02829,22.694927,65,3489.958
shp_3_7,50.028172,22.694933,66,3503.035
shp_3_7,50.027889,22.695002,67,3534.975
shp_3_7,50.027744,22.695028,68,3551.147
shp_3_7,50.027664,22.695019,69,3560.179
shp_3_7,50.027584,22.694979,70,3569.476
shp_3_7,50.027512,22.694921,71,3578.667
shp_3_7,50.027435,22.694847,72,3588.629
shp_3_7,50.027153,22.694521,73,3627.789
shp_3_7,50.026379,22.693544,74,3738.491
shp_3_7,50.026215,22.693281,75,3764.731
shp_3_7,50.025246,22.695042,76,3930.569
shp_3_7,50.024971,22.695614,77,3981.751
shp_3_7,50.02475,22.69602,78,4019.641
shp_3_7,50.02475,22.69602,79,4019.641
shp_3_7,50.023628,22.698116,80,4214.98
shp_3_7,50.023449,22.698416,81,4244.147
shp_3_7,50.023411,22.698458,82,4249.318
shp_3_7,50.023376,22.698481,83,4253.35
shp_3_7,50.023342,22.698488,84,4257.228
shp_3_7,50.023296,22.698483,85,4262.465
shp_3_7,50.023235,22.69845,86,4269.791
shp_3_7,50.023003,22.69825,87,4299.399
shp_3_7,50.022682,22.698097,88,4336.616
shp_3_7,50.022369,22.697985,89,4372.355
shp_3_7,50.022018,22.697752,90,4414.661
shp_3_7,50.021553,22.697285,91,4476.544
shp_3_7,50.021553,22.697285,92,4476.544
shp_3_7,50.021141,22.696848,93,4531.833
shp_3_7,50.02108,22.696795,94,4539.849
shp_3_7,50.020889,22.696762,95,4560.973
shp_3_7,50.02071,22.696243,96,4603.093
shp_3_7,50.020653,22.696163,97,4611.681
shp_3_7,50.020588,22.696135,98,4619.293
shp_3_7,50.020508,22.69615,99,4628.353
shp_3_7,50.020466,22.696171,100,4632.996
shp_3_7,50.020374,22.696083,101,4645.228
shp_3_7,50.020313,22.695971,102,4655.639
shp_3_7,50.020226,22.69574,103,4674.928
shp_3_7,50.019096,22.692568,104,4934.228
shp_3_7,50.018707,22.691504,105,5021.724
shp_3_7,50.018707,22.691504,106,5021.724
shp_3_7,50.018097,22.689819,107,5160.19
shp_3_7,50.017952,22.689291,108,5201.159
shp_3_7,50.017418,22.685389,109,5486.565
shp_3_7,50.017326,22.684927,110,5521.146
shp_3_7,50.017155,22.684284,111,5571.065
shp_3_7,50.017109,22.684072,112,5586.994
shp_3_7,50.017052,22.683945,113,5597.936
shp_3_7,50.017052,22.683887,114,5602.028
shp_3_7,50.01704,22.683834,115,5606.126
shp_3_7,50.017014,22.683792,116,5610.22
shp_3_7,50.016678,22.682598,117,5703.47
shp_3_7,50.016644,22.682425,118,5716.357
shp_3_7,50.016632,22.682285,119,5726.443
shp_3_7,50.016628,22.682058,120,5742.744
shp_3_7,50.016651,22.682024,121,5746.206
shp_3_7,50.016666,22.681982,122,5749.674
shp_3_7,50.01667,22.681934,123,5753.139
shp_3_7,50.016666,22.681887,124,5756.605
shp_3_7,50.016727,22.681715,125,5770.558
shp_3_7,50.016804,22.681581,126,5783.297
shp_3_7,50.016846,22.681528,127,5789.404
shp_3_7,50.01688,22.681515,128,5793.08
shp_3_7,50.016914,22.681528,129,5797.279
shp_3_7,50.016953,22.681522,130,5801.475
shp_3_7,50.016987,22.681498,131,5805.665
shp_3_7,50.017014,22.681459,132,5809.861
shp_3_7,50.017033,22.681408,133,5814.059
shp_3_7,50.017036,22.681311,134,5820.945
shp_3_7,50.017029,22.681265,135,5824.412
shp_3_7,50.017006,22.681219,136,5828.417
shp_3_7,50.016979,22.681185,137,5832.418
shp_3_7,50.016911,22.68079,138,5861.735
shp_3_7,50.016891,22.680721,139,5867.098
shp_3_7,50.016804,22.680517,140,5884.601
shp_3_7,50.016804,22.680517,141,5884.601
shp_3_7,50.016724,22.680325,142,5901.076
shp_3_7,50.016586,22.679928,143,5933.226
shp_3_7,50.016472,22.679508,144,5965.857
shp_3_7,50.016304,22.678753,145,6023.139
shp_3_7,50.016163,22.67798,146,6080.483
shp_3_7,50.016121,22.677702,147,6100.978
shp_3_7,50.01606,22.677696,148,6107.71
shp_3_7,50.015934,22.67767,149,6122.106
shp_3_7,50.014256,22.678135,150,6311.927
shp_3_7,50.014256,22.678135,151,6311.927
shp_3_7,50.013897,22.678228,152,6352.412
shp_3_7,50.013699,22.678223,153,6374.49
shp_3_7,50.013489,22.678198,154,6397.817
shp_3_7,50.013084,22.678049,155,6443.939
shp_3_7,50.012295,22.677717,156,6535.171
shp_3_7,50.012077,22.677618,157,6560.183
shp_3_7,50.011848,22.677528,158,6586.627
shp_3_7,50.011574,22.677437,159,6618.035
shp_3_7,50.011505,22.677443,160,6625.53
shp_3_7,50.011459,22.677475,161,6631.079
shp_3_7,50.011425,22.677544,162,6637.267
shp_3_7,50.011406,22.67762,163,6643.094
shp_3_7,50.01141,22.67771,164,6649.455
shp_3_7,50.01144,22.67787,165,6661.451
shp_3_7,50.01144,22.67787,166,6661.451
shp_3_7,50.011887,22.680376,167,6847.417
shp_3_7,50.012077,22.681353,168,6920.566
shp_3_7,50.01263,22.682936,169,7049.44
shp_3_7,50.012859,22.683657,170,7106.873
shp_3_8,50.036896,22.686815,1,0.0
shp_3_8,50.036247,22.68648,2,76.147
shp_3_8,50.035923,22.686287,3,114.728
shp_3_8,50.035561,22.686108,4,156.987
shp_3_8,50.035202,22.685974,5,198.193
shp_3_8,50.033901,22.685543,6,345.938
shp_3_8,50.033169,22.685287,7,429.407
shp_3_8,50.033169,22.685287,8,429.407
shp_3_8,50.032333,22.684994,9,524.818
shp_3_8,50.031628,22.684761,10,605.419
shp_3_8,50.029472,22.684027,11,850.876
shp_3_8,50.028923,22.683966,12,912.232
shp_3_8,50.028923,22.683966,13,912.232
shp_3_8,50.027172,22.683775,14,1107.374
shp_3_8,50.026146,22.68364,15,1222.084
shp_3_8,50.024822,22.683229,16,1372.297
shp_3_8,50.024506,22.683435,17,1410.419
shp_3_8,50.024334,22.684385,18,1481.009
shp_3_8,50.0243,22.68453,19,1492.125
shp_3_8,50.024254,22.684658,20,1502.556
shp_3_8,50.024162,22.68458,21,1514.043
shp_3_8,50.023403,22.683758,22,1617.125
shp_3_8,50.023403,22.683758,23,1617.125
shp_3_8,50.023186,22.683523,24,1646.622
shp_3_8,50.022766,22.685032,25,1764.216
shp_3_8,50.023273,22.685993,26,1853.316
shp_3_8,50.023273,22.685993,27,1853.316
shp_3_8,50.023418,22.686268,28,1878.777
shp_3_8,50.0238,22.68671,29,1931.442
shp_3_8,50.023869,22.686811,30,1942.213
shp_3_8,50.023865,22.686981,31,1954.322
shp_3_8,50.023643,22.688744,32,2082.79
shp_3_8,50.023548,22.689955,33,2170.045
shp_3_8,50.023548,22.689955,34,2170.045
shp_3_8,50.023476,22.690903,35,2238.337
shp_3_8,50.024597,22.69136,36,2367.326
shp_3_8,50.024723,22.691427,37,2382.126
shp_3_8,50.025513,22.692095,38,2482.325
shp_3_8,50.025681,22.692341,39,2507.985
shp_3_8,50.026215,22.693281,40,2597.781
shp_3_8,50.025246,22.695042,41,2763.618
shp_3_8,50.024971,22.695614,42,2814.8
shp_3_8,50.02475,22.69602,43,2852.69
shp_3_8,50.02475,22.69602,44,2852.69
shp_3_8,50.023628,22.698116,45,3048.03
shp_3_8,50.023449,22.698416,46,3077.197
shp_3_8,50.023411,22.698458,47,3082.367
shp_3_8,50.023376,22.698481,48,3086.399
shp_3_8,50.023342,22.698488,49,3090.277
shp_3_8,50.023296,22.698483,50,3095.514
shp_3_8,50.023235,22.69845,51,3102.84
shp_3_8,50.023003,22.69825,52,3132.448
shp_3_8,50.022682,22.698097,53,3169.665
shp_3_8,50.022369,22.697985,54,3205.405
shp_3_8,50.022018,22.697752,55,3247.71
shp_3_8,50.021553,22.697285,56,3309.593
shp_3_8,50.021553,22.697285,57,3309.593
shp_3_8,50.021141,22.696848,58,3364.883
shp_3_8,50.02108,22.696795,59,3372.898
shp_3_8,50.020889,22.696762,60,3394.022
shp_3_8,50.02071,22.696243,61,3436.142
shp_3_8,50.020653,22.696163,62,3444.73
shp_3_8,50.020588,22.696135,63,3452.343
shp_3_8,50.020508,22.69615,64,3461.402
shp_3_8,50.020466,22.696171,65,3466.045
shp_3_8,50.020374,22.696083,66,3478.277
shp_3_8,50.020313,22.695971,67,3488.688
shp_3_8,50.020226,22.69574,68,3507.977
shp_3_8,50.019096,22.692568,69,3767.277
shp_3_8,50.018707,22.691504,70,3854.772
shp_3_8,50.018707,22.691504,71,3854.772
shp_3_8,50.018097,22.689819,72,3993.239
shp_3_8,50.017952,22.689291,73,4034.208
shp_3_8,50.017418,22.685389,74,4319.614
shp_3_8,50.017326,22.684927,75,4354.194
shp_3_8,50.017155,22.684284,76,4404.114
shp_3_8,50.017109,22.684072,77,4420.042
shp_3_8,50.017052,22.683945,78,4430.985
shp_3_8,50.017052,22.683887,79,4435.077
shp_3_8,50.01704,22.683834,80,4439.175
shp_3_8,50.017014,22.683792,81,4443.269
shp_3_8,50.016678,22.682598,82,4536.519
shp_3_8,50.016644,22.682425,83,4549.406
shp_3_8,50.016632,22.682285,84,4559.492
shp_3_8,50.016628,22.682058,85,4575.793
shp_3_8,50.016651,22.682024,86,4579.254
shp_3_8,50.016666,22.681982,87,4582.723
shp_3_8,50.01667,22.681934,88,4586.188
shp_3_8,50.016666,22.681887,89,4589.654
shp_3_8,50.016727,22.681715,90,4603.607
shp_3_8,50.016804,22.681581,91,4616.346
shp_3_8,50.016846,22.681528,92,4622.453
shp_3_8,50.01688,22.681515,93,4626.129
shp_3_8,50.016914,22.681528,94,4630.328
shp_3_8,50.016953,22.681522,95,4634.524
shp_3_8,50.016987,22.681498,96,4638.713
shp_3_8,50.017014,22.681459,97,4642.91
shp_3_8,50.017033,22.681408,98,4647.108
shp_3_8,50.017036,22.681311,99,4653.994
shp_3_8,50.017029,22.681265,100,4657.46
shp_3_8,50.017006,22.681219,101,4661.465
shp_3_8,50.016979,22.681185,102,4665.467
shp_3_8,50.016911,22.68079,103,4694.784
shp_3_8,50.016891,22.680721,104,4700.147
shp_3_8,50.016804,22.680517,105,4717.649
shp_3_8,50.016804,22.680517,106,4717.649
shp_3_8,50.016724,22.680325,107,4734.125
shp_3_8,50.016586,22.679928,108,4766.274
shp_3_8,50.016472,22.679508,109,4798.906
shp_3_8,50.016304,22.678753,110,4856.188
shp_3_8,50.016163,22.67798,111,4913.532
shp_3_8,50.016121,22.677702,112,4934.026
shp_3_8,50.01606,22.677696,113,4940.759
shp_3_8,50.015934,22.67767,114,4955.155
shp_3_8,50.014256,22.678135,115,5144.976
shp_3_8,50.014256,22.678135,116,5144.976
shp_3_8,50.013897,22.678228,117,5185.461
shp_3_8,50.013699,22.678223,118,5207.539
shp_3_8,50.013489,22.678198,119,5230.866
shp_3_8,50.013084,22.678049,120,5276.988
shp_3_8,50.012295,22.677717,121,5368.22
shp_3_8,50.012077,22.677618,122,5393.232
shp_3_8,50.011848,22.677528,123,5419.676
shp_3_8,50.011574,22.677437,124,5451.084
shp_3_8,50.011505,22.677443,125,5458.579
shp_3_8,50.011459,22.677475,126,5464.128
shp_3_8,50.011425,22.677544,127,5470.315
shp_3_8,50.011406,22.67762,128,5476.143
shp_3_8,50.01141,22.67771,129,5482.503
shp_3_8,50.01144,22.67787,130,5494.5
shp_3_8,50.01144,22.67787,131,5494.5
shp_3_8,50.011887,22.680376,132,5680.466
shp_3_8,50.012077,22.681353,133,5753.615
shp_3_8,50.01263,22.682936,134,5882.489
shp_3_8,50.012859,22.683657,135,5939.922
shp_3_9,50.106228,22.647484,1,0.0
shp_3_9,50.105549,22.647869,2,80.397
shp_3_9,50.104023,22.649441,3,284.159
shp_3_9,50.103321,22.650047,4,373.304
shp_3_9,50.102947,22.650335,5,419.941
shp_3_9,50.102749,22.650558,6,447.098
shp_3_9,50.102604,22.650888,7,475.558
shp_3_9,50.102604,22.650888,8,475.558
shp_3_9,50.102097,22.652239,9,587.243
shp_3_9,50.101791,22.65246,10,625.028
shp_3_9,50.098965,22.653997,11,958.126
shp_3_9,50.098831,22.65406,12,973.61
shp_3_9,50.098831,22.65406,13,973.61
shp_3_9,50.097462,22.654705,14,1133.126
shp_3_9,50.096725,22.654915,15,1216.199
shp_3_9,50.096214,22.655014,16,1273.589
shp_3_9,50.091354,22.656048,17,1819.538
shp_3_9,50.090836,22.656183,18,1878.156
shp_3_9,50.089771,22.656397,19,1997.495
shp_3_9,50.089367,22.656391,20,2042.727
shp_3_9,50.089119,22.65633,21,2070.562
shp_3_9,50.089119,22.65633,22,2070.562
shp_3_9,50.085167,22.655346,23,2516.128
shp_3_9,50.084873,22.655333,24,2548.647
shp_3_9,50.084522,22.655422,25,2588.557
shp_3_9,50.08374,22.655664,26,2677.333
shp_3_9,50.08374,22.655664,27,2677.333
shp_3_9,50.083317,22.655807,28,2725.48
shp_3_9,50.082924,22.655909,29,2769.896
shp_3_9,50.082672,22.655897,30,2797.56
shp_3_9,50.08112,22.655291,31,2975.915
shp_3_9,50.079021,22.65523,32,3209.726
shp_3_9,50.07872,22.655081,33,3244.799
shp_3_9,50.078358,22.654743,34,3291.933
shp_3_9,50.078163,22.654633,35,3314.946
shp_3_9,50.078003,22.654572,36,3333.248
shp_3_9,50.077869,22.654564,37,3347.995
shp_3_9,50.077068,22.654749,38,3438.0
shp_3_9,50.077068,22.654749,39,3438.0
shp_3_9,50.07618,22.654964,40,3538.213
shp_3_9,50.076,22.654976,41,3558.21
shp_3_9,50.075768,22.654924,42,3584.477
shp_3_9,50.075348,22.654762,43,3632.575
shp_3_9,50.075092,22.654718,44,3661.256
shp_3_9,50.074635,22.654661,45,3712.375
shp_3_9,50.074078,22.65468,46,3774.425
shp_3_9,50.073669,22.654776,47,3820.462
shp_3_9,50.073463,22.65489,48,3844.733
shp_3_9,50.073238,22.655075,49,3873.146
shp_3_9,50.072842,22.655434,50,3924.067
shp_3_9,50.072582,22.655584,51,3954.672
shp_3_9,50.07225,22.655758,52,3993.891
shp_3_9,50.072311,22.655865,53,4004.191
shp_3_9,50.073288,22.656988,54,4139.333
shp_3_9,50.073704,22.65748,55,4197.488
shp_3_9,50.073849,22.657631,56,4216.825
shp_3_9,50.074116,22.657843,57,4250.293
shp_3_9,50.074596,22.658165,58,4308.154
shp_3_9,50.074986,22.658375,59,4354.105
shp_3_9,50.075665,22.658707,60,4433.578
shp_3_9,50.076149,22.659016,61,4491.86
shp_3_9,50.076401,22.659212,62,4522.951
shp_3_9,50.07663,22.659473,63,4554.621
shp_3_9,50.077332,22.660368,64,4655.447
shp_3_9,50.077518,22.660564,65,4680.618
shp_3_9,50.077862,22.660851,66,4724.041
shp_3_9,50.078564,22.661465,67,4813.556
shp_3_9,50.078712,22.661604,68,4832.908
shp_3_9,50.078888,22.661854,69,4859.383
shp_3_9,50.079193,22.662354,70,4908.802
shp_3_9,50.079998,22.663498,71,5029.938
shp_3_9,50.080406,22.664186,72,5096.919
shp_3_9,50.080406,22.664186,73,5096.919
shp_3_9,50.080509,22.66436,74,5113.855
shp_3_9,50.079998,22.663498,75,5197.772
shp_3_9,50.079193,22.662354,76,5318.908
shp_3_9,50.078888,22.661854,77,5368.327
shp_3_9,50.078712,22.661604,78,5394.802
shp_3_9,50.078564,22.661465,79,5414.155
shp_3_9,50.077862,22.660851,80,5503.669
shp_3_9,50.077518,22.660564,81,5547.093
shp_3_9,50.077332,22.660368,82,5572.264
shp_3_9,50.07663,22.659473,83,5673.089
shp_3_9,50.076401,22.659212,84,5704.759
shp_3_9,50.076149,22.659016,85,5735.851
shp_3_9,50.075665,22.658707,86,5794.132
shp_3_9,50.074986,22.658375,87,5873.605
shp_3_9,50.074596,22.658165,88,5919.556
shp_3_9,50.074116,22.657843,89,5977.417
shp_3_9,50.073849,22.657631,90,6010.885
shp_3_9,50.073704,22.65748,91,6030.222
shp_3_9,50.073288,22.656988,92,6088.378
shp_3_9,50.072311,22.655865,93,6223.519
shp_3_9,50.07225,22.655758,94,6233.819
shp_3_9,50.072155,22.655737,95,6244.632
shp_3_9,50.072071,22.655647,96,6255.993
shp_3_9,50.071815,22.655188,97,6299.402
shp_3_9,50.071815,22.655188,98,6299.402
shp_3_9,50.071537,22.654692,99,6346.384
shp_3_9,50.07148,22.654755,100,6354.162
shp_3_9,50.071068,22.655817,101,6442.889
shp_3_9,50.07098,22.655981,102,6458.157
shp_3_9,50.069595,22.657221,103,6635.788
shp_3_9,50.069412,22.657423,104,6661.048
shp_3_9,50.069283,22.657652,105,6682.716
shp_3_9,50.069153,22.658031,106,6713.404
shp_3_9,50.068947,22.658756,107,6769.954
shp_3_9,50.068947,22.658756,108,6769.954
shp_3_9,50.068829,22.659201,109,6804.345
shp_3_9,50.068668,22.659681,110,6843.279
shp_3_9,50.068439,22.660139,111,6884.608
shp_3_9,50.066055,22.663193,112,7228.331
shp_3_9,50.065758,22.66328,113,7262.038
shp_3_9,50.065334,22.663309,114,7308.853
shp_3_9,50.065334,22.663309,115,7308.853
shp_3_9,50.065083,22.663326,116,7337.228
shp_3_9,50.064861,22.663382,117,7361.912
shp_3_9,50.064663,22.66353,118,7386.446
shp_3_9,50.064014,22.664265,119,7475.875
shp_3_9,50.063816,22.664463,120,7502.092
shp_3_9,50.063625,22.664587,121,7524.984
shp_3_9,50.063469,22.664635,122,7542.646
shp_3_9,50.063107,22.664673,123,7583.158
shp_3_9,50.061199,22.664921,124,7796.2
shp_3_9,50.057461,22.665392,125,8213.961
shp_3_9,50.057461,22.665392,126,8213.961
shp_3_9,50.05434,22.665751,127,8562.122
shp_3_9,50.052116,22.666838,128,8821.716
shp_3_9,50.051445,22.667053,129,8898.09
shp_3_9,50.050816,22.667437,130,8973.121
shp_3_9,50.049339,22.668795,131,9164.118
shp_3_9,50.048607,22.669495,132,9259.843
shp_3_9,50.048149,22.669916,133,9318.729
shp_3_9,50.048,22.669983,134,9336.159
shp_3_9,50.047569,22.669956,135,9384.318
shp_3_9,50.047398,22.669964,136,9403.326
shp_3_9,50.047256,22.670034,137,9419.813
shp_3_9,50.046711,22.670444,138,9487.293
shp_3_9,50.046295,22.67074,139,9538.205
shp_3_9,50.046295,22.67074,140,9538.205
shp_3_9,50.045971,22.670971,141,9577.821
shp_3_9,50.045071,22.671261,142,9680.131
shp_3_9,50.04314,22.67087,143,9896.779
shp_3_9,50.042812,22.670713,144,9934.959
shp_3_9,50.04258,22.670586,145,9962.565
shp_3_9,50.042202,22.670408,146,10006.435
shp_3_9,50.041939,22.670338,147,10035.94
shp_3_9,50.041729,22.670345,148,10059.246
shp_3_9,50.04142,22.67046,149,10094.737
shp_3_9,50.041302,22.670513,150,10108.516
shp_3_9,50.0411,22.67062,151,10132.288
shp_3_9,50.04092,22.670748,152,10154.025
shp_3_9,50.040749,22.67095,153,10178.234
shp_3_9,50.040398,22.671492,154,10233.104
shp_3_9,50.039959,22.67214,155,10300.367
shp_3_9,50.039467,22.672491,156,10360.856
shp_3_9,50.039116,22.672586,157,10400.266
shp_3_9,50.038597,22.672895,158,10462.256
shp_3_9,50.038597,22.672895,159,10462.256
shp_3_9,50.0378,22.673323,160,10556.103
shp_3_9,50.037735,22.673193,161,10567.941
shp_3_9,50.037426,22.672441,162,10631.746
shp_3_9,50.037209,22.671963,163,10673.57
shp_3_9,50.036552,22.670639,164,10793.147
shp_3_9,50.036499,22.670462,165,10807.092
shp_3_9,50.036606,22.670296,166,10823.874
shp_3_9,50.036606,22.670296,167,10823.874
shp_3_9,50.036762,22.670069,168,10847.622
shp_3_9,50.036812,22.66992,169,10859.532
shp_3_9,50.036701,22.669949,170,10871.88
shp_3_9,50.036594,22.669945,171,10883.672
shp_3_9,50.036331,22.669878,172,10913.581
shp_3_9,50.035854,22.669788,173,10966.978
shp_3_9,50.035465,22.669819,174,11010.234
shp_3_9,50.034847,22.66995,175,11079.792
shp_3_9,50.034725,22.66997,176,11093.144
shp_3_9,50.034573,22.66996,177,11110.152
shp_3_9,50.034466,22.669935,178,11122.357
shp_3_9,50.034306,22.669859,179,11140.985
shp_3_9,50.034172,22.669764,180,11157.425
shp_3_9,50.033752,22.669395,181,11211.112
shp_3_9,50.03363,22.669304,182,11225.933
shp_3_9,50.03344,22.669182,183,11249.048
shp_3_9,50.033226,22.669083,184,11273.831
shp_3_9,50.033085,22.669043,185,11289.668
shp_3_9,50.032986,22.669024,186,11301.036
shp_3_9,50.032555,22.668997,187,11349.042
shp_3_9,50.032467,22.669006,188,11358.647
shp_3_9,50.032398,22.669024,189,11366.388
shp_3_9,50.032307,22.669062,190,11376.934
shp_3_9,50.032265,22.669088,191,11382.256
shp_3_9,50.032181,22.669172,192,11393.256
shp_3_9,50.032139,22.669226,193,11399.241
shp_3_9,50.032074,22.669333,194,11409.66
shp_3_9,50.031887,22.669769,195,11447.297
shp_3_9,50.031845,22.669834,196,11453.615
shp_3_9,50.031746,22.669952,197,11467.619
shp_3_9,50.031662,22.670015,198,11478.047
shp_3_9,50.031574,22.670053,199,11488.177
shp_3_9,50.03104,22.670143,200,11548.168
shp_3_9,50.030823,22.670197,201,11572.625
shp_3_9,50.030746,22.670227,202,11581.193
shp_3_9,50.030594,22.670332,203,11599.996
shp_3_9,50.030277,22.670626,204,11640.93
shp_3_9,50.030029,22.670868,205,11673.427
shp_3_9,50.029858,22.671024,206,11695.524
shp_3_9,50.029728,22.671118,207,11711.524
shp_3_9,50.029598,22.671186,208,11726.773
shp_3_9,50.029099,22.671398,209,11784.479
shp_3_9,50.028965,22.671473,210,11800.389
shp_3_9,50.028965,22.671473,211,11800.389
shp_3_9,50.028847,22.671549,212,11814.317
shp_3_9,50.028542,22.671806,213,11853.335
shp_3_9,50.027691,22.672445,214,11958.25
shp_3_9,50.027073,22.672884,215,12033.795
shp_3_9,50.026951,22.672955,216,12048.377
shp_3_9,50.026821,22.672993,217,12063.171
shp_3_9,50.02644,22.672911,218,12105.732
shp_3_9,50.026272,22.672892,219,12124.632
shp_3_9,50.025154,22.67288,220,12249.223
shp_3_9,50.024899,22.672905,221,12277.574
shp_3_9,50.024746,22.672962,222,12295.257
shp_3_9,50.024597,22.673077,223,12313.556
shp_3_9,50.024326,22.673418,224,12352.39
shp_3_9,50.023899,22.674036,225,12417.177
shp_3_9,50.023823,22.674118,226,12427.6
shp_3_9,50.023727,22.674189,227,12439.23
shp_3_9,50.023533,22.674263,228,12461.701
shp_3_9,50.023506,22.674236,229,12465.171
shp_3_9,50.023479,22.674219,230,12468.631
shp_3_9,50.023445,22.674217,231,12472.096
shp_3_9,50.023418,22.674229,232,12475.559
shp_3_9,50.023388,22.674253,233,12479.024
shp_3_9,50.023369,22.67429,234,12482.49
shp_3_9,50.02335,22.674362,235,12488.108
shp_3_9,50.02335,22.674429,236,12492.787
shp_3_9,50.023365,22.674473,237,12496.248
shp_3_9,50.023384,22.674511,238,12499.72
shp_3_9,50.023422,22.674547,239,12504.84
shp_3_9,50.023426,22.674664,240,12513.168
shp_3_9,50.023422,22.674841,241,12525.931
shp_3_9,50.023235,22.675385,242,12569.937
shp_3_9,50.02314,22.675806,243,12601.789
shp_3_9,50.02314,22.675806,244,12601.789
shp_3_9,50.02309,22.676031,245,12618.95
shp_3_9,50.022934,22.676477,246,12655.27
shp_3_9,50.02248,22.67742,247,12739.475
shp_3_9,50.022247,22.677763,248,12775.18
shp_3_9,50.021088,22.679022,249,12932.689
shp_3_9,50.020882,22.679253,250,12960.927
shp_3_9,50.020599,22.67955,251,12998.943
shp_3_9,50.020363,22.679829,252,13031.748
shp_3_9,50.020153,22.679964,253,13057.229
shp_3_9,50.020023,22.679972,254,13071.698
shp_3_9,50.018883,22.680185,255,13199.615
shp_3_9,50.018696,22.680229,256,13220.412
shp_3_9,50.018452,22.680273,257,13247.923
shp_3_9,50.018326,22.680313,258,13262.112
shp_3_9,50.018082,22.680523,259,13293.103
shp_3_9,50.01757,22.680939,260,13357.425
shp_3_9,50.017147,22.681295,261,13411.164
shp_3_9,50.017101,22.681274,262,13416.394
shp_3_9,50.017029,22.681265,263,13424.576
shp_3_9,50.017006,22.681219,264,13428.581
shp_3_9,50.016979,22.681185,265,13432.583
shp_3_9,50.016911,22.68079,266,13461.899
shp_3_9,50.016891,22.680721,267,13467.263
shp_3_9,50.016804,22.680517,268,13484.765
shp_3_9,50.016804,22.680517,269,13484.765
shp_3_9,50.016724,22.680325,270,13501.24
shp_3_9,50.016586,22.679928,271,13533.39
shp_3_9,50.016472,22.679508,272,13566.021
shp_3_9,50.016304,22.678753,273,13623.303
shp_3_9,50.016163,22.67798,274,13680.647
shp_3_9,50.016121,22.677702,275,13701.142
shp_3_9,50.01606,22.677696,276,13707.874
shp_3_9,50.015934,22.67767,277,13722.271
shp_3_9,50.014256,22.678135,278,13912.091
shp_3_9,50.014256,22.678135,279,13912.091
shp_3_9,50.013897,22.678228,280,13952.576
shp_3_9,50.013699,22.678223,281,13974.654
shp_3_9,50.013489,22.678198,282,13997.981
shp_3_9,50.013084,22.678049,283,14044.104
shp_3_9,50.012295,22.677717,284,14135.335
shp_3_9,50.012077,22.677618,285,14160.347
shp_3_9,50.011848,22.677528,286,14186.79
shp_3_9,50.011574,22.677437,287,14218.198
shp_3_9,50.011505,22.677443,288,14225.693
shp_3_9,50.011459,22.677475,289,14231.243
shp_3_9,50.011425,22.677544,290,14237.431
shp_3_9,50.011406,22.67762,291,14243.258
shp_3_9,50.01141,22.67771,292,14249.619
shp_3_9,50.01144,22.67787,293,14261.616
shp_3_9,50.01144,22.67787,294,14261.616
shp_3_9,50.011887,22.680376,295,14447.582
shp_3_9,50.012077,22.681353,296,14520.731
shp_3_9,50.01263,22.682936,297,14649.605
shp_3_9,50.012859,22.683657,298,14707.038
shp_3_10,50.106228,22.647484,1,0.0
shp_3_10,50.105549,22.647869,2,80.397
shp_3_10,50.104023,22.649441,3,284.159
shp_3_10,50.103321,22.650047,4,373.304
shp_3_10,50.102947,22.650335,5,419.941
shp_3_10,50.102749,22.650558,6,447.098
shp_3_10,50.102604,22.650888,7,475.558
shp_3_10,50.102604,22.650888,8,475.558
shp_3_10,50.102097,22.652239,9,587.243
shp_3_10,50.101791,22.65246,10,625.028
shp_3_10,50.098965,22.653997,11,958.126
shp_3_10,50.098831,22.65406,12,973.61
shp_3_10,50.098831,22.65406,13,973.61
shp_3_10,50.097462,22.654705,14,1133.126
shp_3_10,50.096725,22.654915,15,1216.199
shp_3_10,50.096214,22.655014,16,1273.589
shp_3_10,50.091354,22.656048,17,1819.538
shp_3_10,50.090836,22.656183,18,1878.156
shp_3_10,50.089771,22.656397,19,1997.495
shp_3_10,50.089367,22.656391,20,2042.727
shp_3_10,50.089119,22.65633,21,2070.562
shp_3_10,50.089119,22.65633,22,2070.562
shp_3_10,50.085167,22.655346,23,2516.128
shp_3_10,50.084873,22.655333,24,2548.647
shp_3_10,50.084522,22.655422,25,2588.557
shp_3_10,50.08374,22.655664,26,2677.333
shp_3_10,50.08374,22.655664,27,2677.333
shp_3_10,50.083317,22.655807,28,2725.48
shp_3_10,50.082924,22.655909,29,2769.896
shp_3_10,50.082672,22.655897,30,2797.56
shp_3_10,50.08112,22.655291,31,2975.915
shp_3_10,50.079021,22.65523,32,3209.726
shp_3_10,50.07872,22.655081,33,3244.799
shp_3_10,50.078358,22.654743,34,3291.933
shp_3_10,50.078163,22.654633,35,3314.946
shp_3_10,50.078003,22.654572,36,3333.248
shp_3_10,50.077869,22.654564,37,3347.995
shp_3_10,50.077068,22.654749,38,3438.0
shp_3_10,50.077068,22.654749,39,3438.0
shp_3_10,50.07618,22.654964,40,3538.213
shp_3_10,50.076,22.654976,41,3558.21
shp_3_10,50.075768,22.654924,42,3584.477
shp_3_10,50.075348,22.654762,43,3632.575
shp_3_10,50.075092,22.654718,44,3661.256
shp_3_10,50.074635,22.654661,45,3712.375
shp_3_10,50.074078,22.65468,46,3774.425
shp_3_10,50.073669,22.654776,47,3820.462
shp_3_10,50.073463,22.65489,48,3844.733
shp_3_10,50.073238,22.655075,49,3873.146
shp_3_10,50.072842,22.655434,50,3924.067
shp_3_10,50.072582,22.655584,51,3954.672
shp_3_10,50.07225,22.655758,52,3993.891
shp_3_10,50.072155,22.655737,53,4004.705
shp_3_10,50.072071,22.655647,54,4016.066
shp_3_10,50.071815,22.655188,55,4059.475
shp_3_10,50.071815,22.655188,56,4059.475
shp_3_10,50.071537,22.654692,57,4106.457
shp_3_10,50.07148,22.654755,58,4114.235
shp_3_10,50.071068,22.655817,59,4202.961
shp_3_10,50.07098,22.655981,60,4218.229
shp_3_10,50.069595,22.657221,61,4395.86
shp_3_10,50.069412,22.657423,62,4421.121
shp_3_10,50.069283,22.657652,63,4442.789
shp_3_10,50.069153,22.658031,64,4473.477
shp_3_10,50.068947,22.658756,65,4530.027
shp_3_10,50.068947,22.658756,66,4530.027
shp_3_10,50.068829,22.659201,67,4564.417
shp_3_10,50.068668,22.659681,68,4603.352
shp_3_10,50.068439,22.660139,69,4644.681
shp_3_10,50.066055,22.663193,70,4988.404
shp_3_10,50.065758,22.66328,71,5022.11
shp_3_10,50.065334,22.663309,72,5068.925
shp_3_10,50.065334,22.663309,73,5068.925
shp_3_10,50.065083,22.663326,74,5097.301
shp_3_10,50.064861,22.663382,75,5121.985
shp_3_10,50.064663,22.66353,76,5146.519
shp_3_10,50.064014,22.664265,77,5235.948
shp_3_10,50.063816,22.664463,78,5262.165
shp_3_10,50.063625,22.664587,79,5285.057
shp_3_10,50.063469,22.664635,80,5302.719
shp_3_10,50.063107,22.664673,81,5343.23
shp_3_10,50.061199,22.664921,82,5556.272
shp_3_10,50.057461,22.665392,83,5974.034
shp_3_10,50.057461,22.665392,84,5974.034
shp_3_10,50.05434,22.665751,85,6322.195
shp_3_10,50.052116,22.666838,86,6581.79
shp_3_10,50.051445,22.667053,87,6658.164
shp_3_10,50.050816,22.667437,88,6733.195
shp_3_10,50.049339,22.668795,89,6924.192
shp_3_10,50.048607,22.669495,90,7019.917
shp_3_10,50.048149,22.669916,91,7078.803
shp_3_10,50.048,22.669983,92,7096.234
shp_3_10,50.047569,22.669956,93,7144.393
shp_3_10,50.047398,22.669964,94,7163.4
shp_3_10,50.047256,22.670034,95,7179.887
shp_3_10,50.046711,22.670444,96,7247.368
shp_3_10,50.046295,22.67074,97,7298.28
shp_3_10,50.046295,22.67074,98,7298.28
shp_3_10,50.045971,22.670971,99,7337.896
shp_3_10,50.045071,22.671261,100,7440.206
shp_3_10,50.04314,22.67087,101,7656.854
shp_3_10,50.042812,22.670713,102,7695.034
shp_3_10,50.04258,22.670586,103,7722.641
shp_3_10,50.042202,22.670408,104,7766.51
shp_3_10,50.041939,22.670338,105,7796.016
shp_3_10,50.041729,22.670345,106,7819.322
shp_3_10,50.04142,22.67046,107,7854.813
shp_3_10,50.041302,22.670513,108,7868.591
shp_3_10,50.0411,22.67062,109,7892.364
shp_3_10,50.04092,22.670748,110,7914.101
shp_3_10,50.040749,22.67095,111,7938.311
shp_3_10,50.040398,22.671492,112,7993.179
shp_3_10,50.039959,22.67214,113,8060.443
shp_3_10,50.039467,22.672491,114,8120.932
shp_3_10,50.039116,22.672586,115,8160.341
shp_3_10,50.038597,22.672895,116,8222.332
shp_3_10,50.038597,22.672895,117,8222.332
shp_3_10,50.0378,22.673323,118,8316.179
shp_3_10,50.037735,22.673193,119,8328.018
shp_3_10,50.037426,22.672441,120,8391.822
shp_3_10,50.037209,22.671963,121,8433.646
shp_3_10,50.036552,22.670639,122,8553.224
shp_3_10,50.036499,22.670462,123,8567.168
shp_3_10,50.036606,22.670296,124,8583.95
shp_3_10,50.036606,22.670296,125,8583.95
shp_3_10,50.036762,22.670069,126,8607.698
shp_3_10,50.036812,22.66992,127,8619.608
shp_3_10,50.036701,22.669949,128,8631.956
shp_3_10,50.036594,22.669945,129,8643.748
shp_3_10,50.036331,22.669878,130,8673.657
shp_3_10,50.035854,22.669788,131,8727.054
shp_3_10,50.035465,22.669819,132,8770.311
shp_3_10,50.034847,22.66995,133,8839.868
shp_3_10,50.034725,22.66997,134,8853.22
shp_3_10,50.034573,22.66996,135,8870.229
shp_3_10,50.034466,22.669935,136,8882.434
shp_3_10,50.034306,22.669859,137,8901.062
shp_3_10,50.034172,22.669764,138,8917.501
shp_3_10,50.033752,22.669395,139,8971.188
shp_3_10,50.03363,22.669304,140,8986.009
shp_3_10,50.03344,22.669182,141,9009.124
shp_3_10,50.033226,22.669083,142,9033.907
shp_3_10,50.033085,22.669043,143,9049.744
shp_3_10,50.032986,22.669024,144,9061.112
shp_3_10,50.032555,22.668997,145,9109.118
shp_3_10,50.032467,22.669006,146,9118.724
shp_3_10,50.032398,22.669024,147,9126.464
shp_3_10,50.032307,22.669062,148,9137.01
shp_3_10,50.032265,22.669088,149,9142.332
shp_3_10,50.032181,22.669172,150,9153.332
shp_3_10,50.032139,22.669226,151,9159.317
shp_3_10,50.032074,22.669333,152,9169.736
shp_3_10,50.031887,22.669769,153,9207.373
shp_3_10,50.031845,22.669834,154,9213.691
shp_3_10,50.031746,22.669952,155,9227.695
shp_3_10,50.031662,22.670015,156,9238.123
shp_3_10,50.031574,22.670053,157,9248.253
shp_3_10,50.03104,22.670143,158,9308.244
shp_3_10,50.030823,22.670197,159,9332.701
shp_3_10,50.030746,22.670227,160,9341.27
shp_3_10,50.030594,22.670332,161,9360.072
shp_3_10,50.030277,22.670626,162,9401.006
shp_3_10,50.030029,22.670868,163,9433.503
shp_3_10,50.029858,22.671024,164,9455.601
shp_3_10,50.029728,22.671118,165,9471.601
shp_3_10,50.029598,22.671186,166,9486.85
shp_3_10,50.029099,22.671398,167,9544.556
shp_3_10,50.028965,22.671473,168,9560.465
shp_3_10,50.028965,22.671473,169,9560.465
shp_3_10,50.028847,22.671549,170,9574.394
shp_3_10,50.028542,22.671806,171,9613.411
shp_3_10,50.027691,22.672445,172,9718.326
shp_3_10,50.027073,22.672884,173,9793.871
shp_3_10,50.026951,22.672955,174,9808.453
shp_3_10,50.026821,22.672993,175,9823.247
shp_3_10,50.02644,22.672911,176,9865.809
shp_3_10,50.026272,22.672892,177,9884.708
shp_3_10,50.025154,22.67288,178,10009.299
shp_3_10,50.024899,22.672905,179,10037.65
shp_3_10,50.024746,22.672962,180,10055.333
shp_3_10,50.024597,22.673077,181,10073.632
shp_3_10,50.024326,22.673418,182,10112.466
shp_3_10,50.023899,22.674036,183,10177.253
shp_3_10,50.023823,22.674118,184,10187.676
shp_3_10,50.023727,22.674189,185,10199.307
shp_3_10,50.023533,22.674263,186,10221.777
shp_3_10,50.023506,22.674236,187,10225.247
shp_3_10,50.023479,22.674219,188,10228.707
shp_3_10,50.023445,22.674217,189,10232.172
shp_3_10,50.023418,22.674229,190,10235.635
shp_3_10,50.023388,22.674253,191,10239.101
shp_3_10,50.023369,22.67429,192,10242.566
shp_3_10,50.02335,22.674362,193,10248.185
shp_3_10,50.02335,22.674429,194,10252.863
shp_3_10,50.023365,22.674473,195,10256.324
shp_3_10,50.023384,22.674511,196,10259.796
shp_3_10,50.023422,22.674547,197,10264.916
shp_3_10,50.023426,22.674664,198,10273.244
shp_3_10,50.023422,22.674841,199,10286.007
shp_3_10,50.023235,22.675385,200,10330.013
shp_3_10,50.02314,22.675806,201,10361.865
shp_3_10,50.02314,22.675806,202,10361.865
shp_3_10,50.02309,22.676031,203,10379.026
shp_3_10,50.022934,22.676477,204,10415.346
shp_3_10,50.02248,22.67742,205,10499.551
shp_3_10,50.022247,22.677763,206,10535.256
shp_3_10,50.021088,22.679022,207,10692.766
shp_3_10,50.020882,22.679253,208,10721.003
shp_3_10,50.020599,22.67955,209,10759.02
shp_3_10,50.020363,22.679829,210,10791.824
shp_3_10,50.020153,22.679964,211,10817.306
shp_3_10,50.020023,22.679972,212,10831.774
shp_3_10,50.018883,22.680185,213,10959.691
shp_3_10,50.018696,22.680229,214,10980.488
shp_3_10,50.018452,22.680273,215,11007.999
shp_3_10,50.018326,22.680313,216,11022.188
shp_3_10,50.018082,22.680523,217,11053.179
shp_3_10,50.01757,22.680939,218,11117.501
shp_3_10,50.017147,22.681295,219,11171.24
shp_3_10,50.017101,22.681274,220,11176.47
shp_3_10,50.017029,22.681265,221,11184.652
shp_3_10,50.017006,22.681219,222,11188.657
shp_3_10,50.016979,22.681185,223,11192.659
shp_3_10,50.016911,22.68079,224,11221.976
shp_3_10,50.016891,22.680721,225,11227.339
shp_3_10,50.016804,22.680517,226,11244.841
shp_3_10,50.016804,22.680517,227,11244.841
shp_3_10,50.016724,22.680325,228,11261.316
shp_3_10,50.016586,22.679928,229,11293.466
shp_3_10,50.016472,22.679508,230,11326.098
shp_3_10,50.016304,22.678753,231,11383.379
shp_3_10,50.016163,22.67798,232,11440.724
shp_3_10,50.016121,22.677702,233,11461.218
shp_3_10,50.01606,22.677696,234,11467.95
shp_3_10,50.015934,22.67767,235,11482.347
shp_3_10,50.014256,22.678135,236,11672.167
shp_3_10,50.014256,22.678135,237,11672.167
shp_3_10,50.013897,22.678228,238,11712.652
shp_3_10,50.013699,22.678223,239,11734.73
shp_3_10,50.013489,22.678198,240,11758.058
shp_3_10,50.013084,22.678049,241,11804.18
shp_3_10,50.012295,22.677717,242,11895.411
shp_3_10,50.012077,22.677618,243,11920.423
shp_3_10,50.011848,22.677528,244,11946.866
shp_3_10,50.011574,22.677437,245,11978.274
shp_3_10,50.011505,22.677443,246,11985.77
shp_3_10,50.011459,22.677475,247,11991.319
shp_3_10,50.011425,22.677544,248,11997.507
shp_3_10,50.011406,22.67762,249,12003.334
shp_3_10,50.01141,22.67771,250,12009.695
shp_3_10,50.01144,22.67787,251,12021.692
shp_3_10,50.01144,22.67787,252,12021.692
shp_3_10,50.011887,22.680376,253,12207.658
shp_3_10,50.012077,22.681353,254,12280.808
shp_3_10,50.01263,22.682936,255,12409.682
shp_3_10,50.012859,22.683657,256,12467.114
shp_3_12,50.012779,22.683407,1,0.0
shp_3_12,50.01263,22.682936,2,37.583
shp_3_12,50.012077,22.681353,3,166.457
shp_3_12,50.011887,22.680376,4,239.606
shp_3_12,50.011551,22.678503,5,378.686
shp_3_12,50.011616,22.678391,6,389.376
shp_3_12,50.011642,22.678303,7,396.368
shp_3_12,50.011688,22.678085,8,412.708
shp_3_12,50.011688,22.678085,9,412.708
shp_3_12,50.01178,22.677666,10,444.432
shp_3_12,50.01181,22.677582,11,451.491
shp_3_12,50.011848,22.677528,12,457.024
shp_3_12,50.012077,22.677618,13,483.468
shp_3_12,50.012295,22.677717,14,508.48
shp_3_12,50.013084,22.678049,15,599.712
shp_3_12,50.013489,22.678198,16,645.834
shp_3_12,50.013699,22.678223,17,669.161
shp_3_12,50.013897,22.678228,18,691.239
shp_3_12,50.014256,22.678135,19,731.724
shp_3_12,50.014256,22.678135,20,731.724
shp_3_12,50.015934,22.67767,21,921.545
shp_3_12,50.01606,22.677696,22,935.941
shp_3_12,50.016186,22.678421,23,989.665
shp_3_12,50.016327,22.679119,24,1041.915
shp_3_12,50.016483,22.679752,25,1090.448
shp_3_12,50.016544,22.67997,26,1107.345
shp_3_12,50.016651,22.680279,27,1132.532
shp_3_12,50.016842,22.680756,28,1172.854
shp_3_12,50.01688,22.680912,29,1184.801
shp_3_12,50.016888,22.680979,30,1189.499
shp_3_12,50.016865,22.681187,31,1204.643
shp_3_12,50.016838,22.681219,32,1208.39
shp_3_12,50.016819,22.681261,33,1212.151
shp_3_12,50.016808,22.681311,34,1215.908
shp_3_12,50.016804,22.681364,35,1219.66
shp_3_12,50.016815,22.681416,36,1223.415
shp_3_12,50.016685,22.681654,37,1245.718
shp_3_12,50.016605,22.681784,38,1258.415
shp_3_12,50.016579,22.681772,39,1261.645
shp_3_12,50.016548,22.681776,40,1264.869
shp_3_12,50.016521,22.681791,41,1268.096
shp_3_12,50.016499,22.681818,42,1271.321
shp_3_12,50.016476,22.681879,43,1276.344
shp_3_12,50.016472,22.681953,44,1281.631
shp_3_12,50.016479,22.682001,45,1285.224
shp_3_12,50.016514,22.682058,46,1290.707
shp_3_12,50.01656,22.682085,47,1296.188
shp_3_12,50.016655,22.682688,48,1340.576
shp_3_12,50.016861,22.683418,49,1397.625
shp_3_12,50.016884,22.683567,50,1408.53
shp_3_12,50.01688,22.68379,51,1424.521
shp_3_12,50.016853,22.683834,52,1428.644
shp_3_12,50.016842,22.683887,53,1432.761
shp_3_12,50.016842,22.683945,54,1436.882
shp_3_12,50.01685,22.683992,55,1440.474
shp_3_12,50.016869,22.684034,56,1444.063
shp_3_12,50.016895,22.684065,57,1447.656
shp_3_12,50.016922,22.684082,58,1451.075
shp_3_12,50.016953,22.684086,59,1454.491
shp_3_12,50.016983,22.684074,60,1457.919
shp_3_12,50.01704,22.684116,61,1464.786
shp_3_12,50.017155,22.684284,62,1482.152
shp_3_12,50.017326,22.684927,63,1532.072
shp_3_12,50.017418,22.685389,64,1566.653
shp_3_12,50.017952,22.689291,65,1852.059
shp_3_12,50.018097,22.689819,66,1893.028
shp_3_12,50.01857,22.691122,67,2000.075
shp_3_12,50.01857,22.691122,68,2000.075
shp_3_12,50.019096,22.692568,69,2118.99
shp_3_12,50.020226,22.69574,70,2378.29
shp_3_12,50.020313,22.695971,71,2397.579
shp_3_12,50.020325,22.696157,72,2410.925
shp_3_12,50.020302,22.696304,73,2421.779
shp_3_12,50.020267,22.696341,74,2426.531
shp_3_12,50.020214,22.696417,75,2434.5
shp_3_12,50.020203,22.696495,76,2440.233
shp_3_12,50.020206,22.6966,77,2447.74
shp_3_12,50.020412,22.697247,78,2499.279
shp_3_12,50.020451,22.697317,79,2505.824
shp_3_12,50.020531,22.697367,80,2515.693
shp_3_12,50.020668,22.69738,81,2530.715
shp_3_12,50.02076,22.697325,82,2542.002
shp_3_12,50.020817,22.697271,83,2549.33
shp_3_12,50.020863,22.697195,84,2556.87
shp_3_12,50.020893,22.697105,85,2564.082
shp_3_12,50.020916,22.696953,86,2575.282
shp_3_12,50.020958,22.696877,87,2582.343
shp_3_12,50.021004,22.696827,88,2588.701
shp_3_12,50.02108,22.696795,89,2597.373
shp_3_12,50.021141,22.696848,90,2605.388
shp_3_12,50.02124,22.696951,91,2618.495
shp_3_12,50.02124,22.696951,92,2618.495
shp_3_12,50.021553,22.697285,93,2660.677
shp_3_12,50.022018,22.697752,94,2722.561
shp_3_12,50.022369,22.697985,95,2764.866
shp_3_12,50.022682,22.698097,96,2800.606
shp_3_12,50.023003,22.69825,97,2837.822
shp_3_12,50.023235,22.69845,98,2867.431
shp_3_12,50.023296,22.698483,99,2874.757
shp_3_12,50.023342,22.698488,100,2879.994
shp_3_12,50.023376,22.698481,101,2883.871
shp_3_12,50.023411,22.698458,102,2887.903
shp_3_12,50.023449,22.698416,103,2893.074
shp_3_12,50.023628,22.698116,104,2922.241
shp_3_12,50.02475,22.69602,105,3117.58
shp_3_12,50.02475,22.69602,106,3117.58
shp_3_12,50.024971,22.695614,107,3155.47
shp_3_12,50.025246,22.695042,108,3206.652
shp_3_12,50.026215,22.693281,109,3372.49
shp_3_12,50.025681,22.692341,110,3462.285
shp_3_12,50.025513,22.692095,111,3487.945
shp_3_12,50.024723,22.691427,112,3588.144
shp_3_12,50.024597,22.69136,113,3602.944
shp_3_12,50.023476,22.690903,114,3731.934
shp_3_12,50.023548,22.689955,115,3800.226
shp_3_12,50.023548,22.689955,116,3800.226
shp_3_12,50.023643,22.688744,117,3887.48
shp_3_12,50.023865,22.686981,118,4015.949
shp_3_12,50.023869,22.686811,119,4028.058
shp_3_12,50.0238,22.68671,120,4038.828
shp_3_12,50.023418,22.686268,121,4091.494
shp_3_12,50.02314,22.68574,122,4140.385
shp_3_12,50.02314,22.68574,123,4140.385
shp_3_12,50.022766,22.685032,124,4206.054
shp_3_12,50.023186,22.683523,125,4323.648
shp_3_12,50.023403,22.683758,126,4353.145
shp_3_12,50.023403,22.683758,127,4353.145
shp_3_12,50.024162,22.68458,128,4456.228
shp_3_12,50.024254,22.684658,129,4467.714
shp_3_12,50.0243,22.68453,130,4478.145
shp_3_12,50.024334,22.684385,131,4489.262
shp_3_12,50.024506,22.683435,132,4559.852
shp_3_12,50.024822,22.683229,133,4597.974
shp_3_12,50.026146,22.68364,134,4748.186
shp_3_12,50.027172,22.683775,135,4862.896
shp_3_12,50.028923,22.683966,136,5058.038
shp_3_12,50.028923,22.683966,137,5058.038
shp_3_12,50.029472,22.684027,138,5119.395
shp_3_12,50.031628,22.684761,139,5364.851
shp_3_12,50.032333,22.684994,140,5445.452
shp_3_12,50.033169,22.685287,141,5540.863
shp_3_12,50.033169,22.685287,142,5540.863
shp_3_12,50.033901,22.685543,143,5624.332
shp_3_12,50.035202,22.685974,144,5772.077
shp_3_12,50.035561,22.686108,145,5813.283
shp_3_12,50.035923,22.686287,146,5855.542
shp_3_12,50.036247,22.68648,147,5894.122
shp_3_12,50.036896,22.686815,148,5970.27
shp_3_11,50.127472,22.626854,1,0.0
shp_3_11,50.126148,22.628321,2,180.544
shp_3_11,50.125076,22.629656,3,333.295
shp_3_11,50.123936,22.631165,4,500.062
shp_3_11,50.123753,22.63135,5,524.327
shp_3_11,50.123421,22.631588,6,564.958
shp_3_11,50.122578,22.632099,7,665.682
shp_3_11,50.121834,22.63242,8,751.395
shp_3_11,50.12149,22.63261,9,792.066
shp_3_11,50.120014,22.633698,10,973.955
shp_3_11,50.119888,22.63386,11,991.869
shp_3_11,50.119888,22.63386,12,991.869
shp_3_11,50.119514,22.634354,13,1046.501
shp_3_11,50.119057,22.635006,14,1115.632
shp_3_11,50.118843,22.635263,15,1145.426
shp_3_11,50.117844,22.636236,16,1276.662
shp_3_11,50.116982,22.637035,17,1388.523
shp_3_11,50.116219,22.637585,18,1481.996
shp_3_11,50.11599,22.637688,19,1508.441
shp_3_11,50.11599,22.637688,20,1508.441
shp_3_11,50.115284,22.638002,21,1590.167
shp_3_11,50.114403,22.638474,22,1693.799
shp_3_11,50.113659,22.638918,23,1782.418
shp_3_11,50.113457,22.639156,24,1810.691
shp_3_11,50.112751,22.640249,25,1921.381
shp_3_11,50.112091,22.641399,26,2031.702
shp_3_11,50.112011,22.641544,27,2045.201
shp_3_11,50.112011,22.641544,28,2045.201
shp_3_11,50.111824,22.641895,29,2077.923
shp_3_11,50.11158,22.642244,30,2114.666
shp_3_11,50.111183,22.642679,31,2168.806
shp_3_11,50.110626,22.643267,32,2243.422
shp_3_11,50.110374,22.643501,33,2276.323
shp_3_11,50.110111,22.643681,34,2308.245
shp_3_11,50.109203,22.644054,35,2412.679
shp_3_11,50.108795,22.644361,36,2463.067
shp_3_11,50.108505,22.644815,37,2508.915
shp_3_11,50.107861,22.646021,38,2620.91
shp_3_11,50.107544,22.646578,39,2674.118
shp_3_11,50.107162,22.646952,40,2724.218
shp_3_11,50.106369,22.647402,41,2818.043
shp_3_11,50.106369,22.647402,42,2818.043
shp_3_11,50.105549,22.647869,43,2915.224
shp_3_11,50.104023,22.649441,44,3118.985
shp_3_11,50.103321,22.650047,45,3208.13
shp_3_11,50.102947,22.650335,46,3254.768
shp_3_11,50.102749,22.650558,47,3281.925
shp_3_11,50.102604,22.650888,48,3310.385
shp_3_11,50.102604,22.650888,49,3310.385
shp_3_11,50.102097,22.652239,50,3422.07
shp_3_11,50.101791,22.65246,51,3459.855
shp_3_11,50.098965,22.653997,52,3792.953
shp_3_11,50.098831,22.65406,53,3808.437
shp_3_11,50.098831,22.65406,54,3808.437
shp_3_11,50.097462,22.654705,55,3967.953
shp_3_11,50.096725,22.654915,56,4051.026
shp_3_11,50.096214,22.655014,57,4108.416
shp_3_11,50.091354,22.656048,58,4654.364
shp_3_11,50.090836,22.656183,59,4712.983
shp_3_11,50.089771,22.656397,60,4832.321
shp_3_11,50.089367,22.656391,61,4877.553
shp_3_11,50.089119,22.65633,62,4905.388
shp_3_11,50.089119,22.65633,63,4905.388
shp_3_11,50.085167,22.655346,64,5350.955
shp_3_11,50.084873,22.655333,65,5383.473
shp_3_11,50.084522,22.655422,66,5423.383
shp_3_11,50.08374,22.655664,67,5512.159
shp_3_11,50.08374,22.655664,68,5512.159
shp_3_11,50.083317,22.655807,69,5560.306
shp_3_11,50.082924,22.655909,70,5604.722
shp_3_11,50.082672,22.655897,71,5632.386
shp_3_11,50.08112,22.655291,72,5810.742
shp_3_11,50.079021,22.65523,73,6044.552
shp_3_11,50.07872,22.655081,74,6079.625
shp_3_11,50.078358,22.654743,75,6126.758
shp_3_11,50.078163,22.654633,76,6149.772
shp_3_11,50.078003,22.654572,77,6168.073
shp_3_11,50.077869,22.654564,78,6182.821
shp_3_11,50.077068,22.654749,79,6272.827
shp_3_11,50.077068,22.654749,80,6272.827
shp_3_11,50.07618,22.654964,81,6373.039
shp_3_11,50.076,22.654976,82,6393.036
shp_3_11,50.075768,22.654924,83,6419.303
shp_3_11,50.075348,22.654762,84,6467.401
shp_3_11,50.075092,22.654718,85,6496.082
shp_3_11,50.074635,22.654661,86,6547.2
shp_3_11,50.074078,22.65468,87,6609.251
shp_3_11,50.073669,22.654776,88,6655.288
shp_3_11,50.073463,22.65489,89,6679.559
shp_3_11,50.073238,22.655075,90,6707.972
shp_3_11,50.072842,22.655434,91,6758.893
shp_3_11,50.072582,22.655584,92,6789.498
shp_3_11,50.07225,22.655758,93,6828.717
shp_3_11,50.072311,22.655865,94,6839.017
shp_3_11,50.073288,22.656988,95,6974.158
shp_3_11,50.073704,22.65748,96,7032.314
shp_3_11,50.073849,22.657631,97,7051.651
shp_3_11,50.074116,22.657843,98,7085.119
shp_3_11,50.074596,22.658165,99,7142.98
shp_3_11,50.074986,22.658375,100,7188.931
shp_3_11,50.075665,22.658707,101,7268.404
shp_3_11,50.076149,22.659016,102,7326.686
shp_3_11,50.076401,22.659212,103,7357.777
shp_3_11,50.07663,22.659473,104,7389.447
shp_3_11,50.077332,22.660368,105,7490.272
shp_3_11,50.077518,22.660564,106,7515.443
shp_3_11,50.077862,22.660851,107,7558.867
shp_3_11,50.078564,22.661465,108,7648.381
shp_3_11,50.078712,22.661604,109,7667.734
shp_3_11,50.078888,22.661854,110,7694.209
shp_3_11,50.079193,22.662354,111,7743.628
shp_3_11,50.079998,22.663498,112,7864.764
shp_3_11,50.080406,22.664186,113,7931.745
shp_3_11,50.080406,22.664186,114,7931.745
shp_3_11,50.080509,22.66436,115,7948.681
shp_3_11,50.079998,22.663498,116,8032.598
shp_3_11,50.079193,22.662354,117,8153.734
shp_3_11,50.078888,22.661854,118,8203.153
shp_3_11,50.078712,22.661604,119,8229.628
shp_3_11,50.078564,22.661465,120,8248.98
shp_3_11,50.077862,22.660851,121,8338.495
shp_3_11,50.077518,22.660564,122,8381.919
shp_3_11,50.077332,22.660368,123,8407.09
shp_3_11,50.07663,22.659473,124,8507.916
shp_3_11,50.076401,22.659212,125,8539.586
shp_3_11,50.076149,22.659016,126,8570.678
shp_3_11,50.075665,22.658707,127,8628.959
shp_3_11,50.074986,22.658375,128,8708.432
shp_3_11,50.074596,22.658165,129,8754.383
shp_3_11,50.074116,22.657843,130,8812.244
shp_3_11,50.073849,22.657631,131,8845.712
shp_3_11,50.073704,22.65748,132,8865.049
shp_3_11,50.073288,22.656988,133,8923.205
shp_3_11,50.072311,22.655865,134,9058.347
shp_3_11,50.07225,22.655758,135,9068.646
shp_3_11,50.072155,22.655737,136,9079.46
shp_3_11,50.072071,22.655647,137,9090.821
shp_3_11,50.071815,22.655188,138,9134.23
shp_3_11,50.071815,22.655188,139,9134.23
shp_3_11,50.071537,22.654692,140,9181.212
shp_3_11,50.07148,22.654755,141,9188.99
shp_3_11,50.071068,22.655817,142,9277.717
shp_3_11,50.07098,22.655981,143,9292.985
shp_3_11,50.069595,22.657221,144,9470.616
shp_3_11,50.069412,22.657423,145,9495.877
shp_3_11,50.069283,22.657652,146,9517.546
shp_3_11,50.069153,22.658031,147,9548.233
shp_3_11,50.068947,22.658756,148,9604.784
shp_3_11,50.068947,22.658756,149,9604.784
shp_3_11,50.068829,22.659201,150,9639.175
shp_3_11,50.068668,22.659681,151,9678.109
shp_3_11,50.068439,22.660139,152,9719.438
shp_3_11,50.066055,22.663193,153,10063.161
shp_3_11,50.065758,22.66328,154,10096.868
shp_3_11,50.065334,22.663309,155,10143.684
shp_3_11,50.065334,22.663309,156,10143.684
shp_3_11,50.065083,22.663326,157,10172.059
shp_3_11,50.064861,22.663382,158,10196.742
shp_3_11,50.064663,22.66353,159,10221.275
shp_3_11,50.064014,22.664265,160,10310.704
shp_3_11,50.063816,22.664463,161,10336.921
shp_3_11,50.063625,22.664587,162,10359.813
shp_3_11,50.063469,22.664635,163,10377.476
shp_3_11,50.063107,22.664673,164,10417.987
shp_3_11,50.061199,22.664921,165,10631.029
shp_3_11,50.057461,22.665392,166,11048.79
shp_3_11,50.057461,22.665392,167,11048.79
shp_3_11,50.05434,22.665751,168,11396.951
shp_3_11,50.052116,22.666838,169,11656.545
shp_3_11,50.051445,22.667053,170,11732.919
shp_3_11,50.050816,22.667437,171,11807.95
shp_3_11,50.049339,22.668795,172,11998.947
shp_3_11,50.048607,22.669495,173,12094.672
shp_3_11,50.048149,22.669916,174,12153.558
shp_3_11,50.048,22.669983,175,12170.988
shp_3_11,50.047569,22.669956,176,12219.147
shp_3_11,50.047398,22.669964,177,12238.155
shp_3_11,50.047256,22.670034,178,12254.642
shp_3_11,50.046711,22.670444,179,12322.122
shp_3_11,50.046295,22.67074,180,12373.034
shp_3_11,50.046295,22.67074,181,12373.034
shp_3_11,50.045971,22.670971,182,12412.65
shp_3_11,50.045071,22.671261,183,12514.96
shp_3_11,50.04314,22.67087,184,12731.608
shp_3_11,50.042812,22.670713,185,12769.788
shp_3_11,50.04258,22.670586,186,12797.395
shp_3_11,50.042202,22.670408,187,12841.264
shp_3_11,50.041939,22.670338,188,12870.77
shp_3_11,50.041729,22.670345,189,12894.075
shp_3_11,50.04142,22.67046,190,12929.566
shp_3_11,50.041302,22.670513,191,12943.345
shp_3_11,50.0411,22.67062,192,12967.117
shp_3_11,50.04092,22.670748,193,12988.854
shp_3_11,50.040749,22.67095,194,13013.063
shp_3_11,50.040398,22.671492,195,13067.933
shp_3_11,50.039959,22.67214,196,13135.196
shp_3_11,50.039467,22.672491,197,13195.686
shp_3_11,50.039116,22.672586,198,13235.095
shp_3_11,50.038597,22.672895,199,13297.085
shp_3_11,50.038597,22.672895,200,13297.085
shp_3_11,50.0378,22.673323,201,13390.932
shp_3_11,50.037735,22.673193,202,13402.771
shp_3_11,50.037426,22.672441,203,13466.575
shp_3_11,50.037209,22.671963,204,13508.399
shp_3_11,50.036552,22.670639,205,13627.977
shp_3_11,50.036499,22.670462,206,13641.921
shp_3_11,50.036606,22.670296,207,13658.703
shp_3_11,50.036606,22.670296,208,13658.703
shp_3_11,50.036762,22.670069,209,13682.451
shp_3_11,50.036812,22.66992,210,13694.361
shp_3_11,50.036701,22.669949,211,13706.709
shp_3_11,50.036594,22.669945,212,13718.501
shp_3_11,50.036331,22.669878,213,13748.41
shp_3_11,50.035854,22.669788,214,13801.807
shp_3_11,50.035465,22.669819,215,13845.063
shp_3_11,50.034847,22.66995,216,13914.621
shp_3_11,50.034725,22.66997,217,13927.973
shp_3_11,50.034573,22.66996,218,13944.981
shp_3_11,50.034466,22.669935,219,13957.187
shp_3_11,50.034306,22.669859,220,13975.814
shp_3_11,50.034172,22.669764,221,13992.254
shp_3_11,50.033752,22.669395,222,14045.941
shp_3_11,50.03363,22.669304,223,14060.762
shp_3_11,50.03344,22.669182,224,14083.877
shp_3_11,50.033226,22.669083,225,14108.66
shp_3_11,50.033085,22.669043,226,14124.497
shp_3_11,50.032986,22.669024,227,14135.865
shp_3_11,50.032555,22.668997,228,14183.871
shp_3_11,50.032467,22.669006,229,14193.477
shp_3_11,50.032398,22.669024,230,14201.217
shp_3_11,50.032307,22.669062,231,14211.763
shp_3_11,50.032265,22.669088,232,14217.085
shp_3_11,50.032181,22.669172,233,14228.085
shp_3_11,50.032139,22.669226,234,14234.07
shp_3_11,50.032074,22.669333,235,14244.489
shp_3_11,50.031887,22.669769,236,14282.126
shp_3_11,50.031845,22.669834,237,14288.444
shp_3_11,50.031746,22.669952,238,14302.448
shp_3_11,50.031662,22.670015,239,14312.876
shp_3_11,50.031574,22.670053,240,14323.006
shp_3_11,50.03104,22.670143,241,14382.997
shp_3_11,50.030823,22.670197,242,14407.454
shp_3_11,50.030746,22.670227,243,14416.022
shp_3_11,50.030594,22.670332,244,14434.825
shp_3_11,50.030277,22.670626,245,14475.759
shp_3_11,50.030029,22.670868,246,14508.256
shp_3_11,50.029858,22.671024,247,14530.354
shp_3_11,50.029728,22.671118,248,14546.354
shp_3_11,50.029598,22.671186,249,14561.603
shp_3_11,50.029099,22.671398,250,14619.309
shp_3_11,50.028965,22.671473,251,14635.218
shp_3_11,50.028965,22.671473,252,14635.218
shp_3_11,50.028847,22.671549,253,14649.146
shp_3_11,50.028542,22.671806,254,14688.164
shp_3_11,50.027691,22.672445,255,14793.079
shp_3_11,50.027073,22.672884,256,14868.624
shp_3_11,50.026951,22.672955,257,14883.206
shp_3_11,50.026821,22.672993,258,14898.0
shp_3_11,50.02644,22.672911,259,14940.562
shp_3_11,50.026272,22.672892,260,14959.461
shp_3_11,50.025154,22.67288,261,15084.052
shp_3_11,50.024899,22.672905,262,15112.403
shp_3_11,50.024746,22.672962,263,15130.086
shp_3_11,50.024597,22.673077,264,15148.385
shp_3_11,50.024326,22.673418,265,15187.219
shp_3_11,50.023899,22.674036,266,15252.006
shp_3_11,50.023823,22.674118,267,15262.429
shp_3_11,50.023727,22.674189,268,15274.06
shp_3_11,50.023533,22.674263,269,15296.53
shp_3_11,50.023506,22.674236,270,15300.0
shp_3_11,50.023479,22.674219,271,15303.46
shp_3_11,50.023445,22.674217,272,15306.925
shp_3_11,50.023418,22.674229,273,15310.388
shp_3_11,50.023388,22.674253,274,15313.854
shp_3_11,50.023369,22.67429,275,15317.319
shp_3_11,50.02335,22.674362,276,15322.938
shp_3_11,50.02335,22.674429,277,15327.616
shp_3_11,50.023365,22.674473,278,15331.077
shp_3_11,50.023384,22.674511,279,15334.549
shp_3_11,50.023422,22.674547,280,15339.669
shp_3_11,50.023426,22.674664,281,15347.997
shp_3_11,50.023422,22.674841,282,15360.76
shp_3_11,50.023235,22.675385,283,15404.766
shp_3_11,50.02314,22.675806,284,15436.618
shp_3_11,50.02314,22.675806,285,15436.618
shp_3_11,50.02309,22.676031,286,15453.779
shp_3_11,50.022934,22.676477,287,15490.099
shp_3_11,50.02248,22.67742,288,15574.304
shp_3_11,50.022247,22.677763,289,15610.009
shp_3_11,50.021088,22.679022,290,15767.519
shp_3_11,50.020882,22.679253,291,15795.756
shp_3_11,50.020599,22.67955,292,15833.772
shp_3_11,50.020363,22.679829,293,15866.577
shp_3_11,50.020153,22.679964,294,15892.059
shp_3_11,50.020023,22.679972,295,15906.527
shp_3_11,50.018883,22.680185,296,16034.444
shp_3_11,50.018696,22.680229,297,16055.241
shp_3_11,50.018452,22.680273,298,16082.752
shp_3_11,50.018326,22.680313,299,16096.941
shp_3_11,50.018082,22.680523,300,16127.932
shp_3_11,50.01757,22.680939,301,16192.254
shp_3_11,50.017147,22.681295,302,16245.993
shp_3_11,50.017101,22.681274,303,16251.223
shp_3_11,50.017029,22.681265,304,16259.405
shp_3_11,50.017006,22.681219,305,16263.41
shp_3_11,50.016979,22.681185,306,16267.412
shp_3_11,50.016911,22.68079,307,16296.729
shp_3_11,50.016891,22.680721,308,16302.092
shp_3_11,50.016804,22.680517,309,16319.594
shp_3_11,50.016804,22.680517,310,16319.594
shp_3_11,50.016724,22.680325,311,16336.069
shp_3_11,50.016586,22.679928,312,16368.219
shp_3_11,50.016472,22.679508,313,16400.85
shp_3_11,50.016304,22.678753,314,16458.131
shp_3_11,50.016163,22.67798,315,16515.475
shp_3_11,50.016121,22.677702,316,16535.969
shp_3_11,50.01606,22.677696,317,16542.701
shp_3_11,50.015934,22.67767,318,16557.098
shp_3_11,50.014256,22.678135,319,16746.918
shp_3_11,50.014256,22.678135,320,16746.918
shp_3_11,50.013897,22.678228,321,16787.402
shp_3_11,50.013699,22.678223,322,16809.48
shp_3_11,50.013489,22.678198,323,16832.809
shp_3_11,50.013084,22.678049,324,16878.932
shp_3_11,50.012295,22.677717,325,16970.164
shp_3_11,50.012077,22.677618,326,16995.176
shp_3_11,50.011848,22.677528,327,17021.619
shp_3_11,50.011574,22.677437,328,17053.027
shp_3_11,50.011505,22.677443,329,17060.521
shp_3_11,50.011459,22.677475,330,17066.07
shp_3_11,50.011425,22.677544,331,17072.258
shp_3_11,50.011406,22.67762,332,17078.084
shp_3_11,50.01141,22.67771,333,17084.445
shp_3_11,50.01144,22.67787,334,17096.441
shp_3_11,50.01144,22.67787,335,17096.441
shp_3_11,50.011887,22.680376,336,17282.406
shp_3_11,50.012077,22.681353,337,17355.555
shp_3_11,50.01263,22.682936,338,17484.428
shp_3_11,50.012859,22.683657,339,17541.861
shp_3_13,50.127472,22.626854,1,0.0
shp_3_13,50.126148,22.628321,2,180.544
shp_3_13,50.125076,22.629656,3,333.295
shp_3_13,50.123936,22.631165,4,500.062
shp_3_13,50.123753,22.63135,5,524.327
shp_3_13,50.123421,22.631588,6,564.958
shp_3_13,50.122578,22.632099,7,665.682
shp_3_13,50.121834,22.63242,8,751.395
shp_3_13,50.12149,22.63261,9,792.066
shp_3_13,50.120014,22.633698,10,973.955
shp_3_13,50.119888,22.63386,11,991.869
shp_3_13,50.119888,22.63386,12,991.869
shp_3_13,50.119514,22.634354,13,1046.501
shp_3_13,50.119057,22.635006,14,1115.632
shp_3_13,50.118843,22.635263,15,1145.426
shp_3_13,50.117844,22.636236,16,1276.662
shp_3_13,50.116982,22.637035,17,1388.523
shp_3_13,50.116219,22.637585,18,1481.996
shp_3_13,50.11599,22.637688,19,1508.441
shp_3_13,50.11599,22.637688,20,1508.441
shp_3_13,50.115284,22.638002,21,1590.167
shp_3_13,50.114403,22.638474,22,1693.799
shp_3_13,50.113659,22.638918,23,1782.418
shp_3_13,50.113457,22.639156,24,1810.691
shp_3_13,50.112751,22.640249,25,1921.381
shp_3_13,50.112091,22.641399,26,2031.702
shp_3_13,50.112011,22.641544,27,2045.201
shp_3_13,50.112011,22.641544,28,2045.201
shp_3_13,50.111824,22.641895,29,2077.923
shp_3_13,50.11158,22.642244,30,2114.666
shp_3_13,50.111183,22.642679,31,2168.806
shp_3_13,50.110626,22.643267,32,2243.422
shp_3_13,50.110374,22.643501,33,2276.323
shp_3_13,50.110111,22.643681,34,2308.245
shp_3_13,50.109203,22.644054,35,2412.679
shp_3_13,50.108795,22.644361,36,2463.067
shp_3_13,50.108505,22.644815,37,2508.915
shp_3_13,50.107861,22.646021,38,2620.91
shp_3_13,50.107544,22.646578,39,2674.118
shp_3_13,50.107162,22.646952,40,2724.218
shp_3_13,50.106369,22.647402,41,2818.043
shp_3_13,50.106369,22.647402,42,2818.043
shp_3_13,50.105549,22.647869,43,2915.224
shp_3_13,50.104023,22.649441,44,3118.985
shp_3_13,50.103321,22.650047,45,3208.13
shp_3_13,50.102947,22.650335,46,3254.768
shp_3_13,50.102749,22.650558,47,3281.925
shp_3_13,50.102604,22.650888,48,3310.385
shp_3_13,50.102604,22.650888,49,3310.385
shp_3_13,50.102097,22.652239,50,3422.07
shp_3_13,50.101791,22.65246,51,3459.855
shp_3_13,50.098965,22.653997,52,3792.953
shp_3_13,50.098831,22.65406,53,3808.437
shp_3_13,50.098831,22.65406,54,3808.437
shp_3_13,50.097462,22.654705,55,3967.953
shp_3_13,50.096725,22.654915,56,4051.026
shp_3_13,50.096214,22.655014,57,4108.416
shp_3_13,50.091354,22.656048,58,4654.364
shp_3_13,50.090836,22.656183,59,4712.983
shp_3_13,50.089771,22.656397,60,4832.321
shp_3_13,50.089367,22.656391,61,4877.553
shp_3_13,50.089119,22.65633,62,4905.388
shp_3_13,50.089119,22.65633,63,4905.388
shp_3_13,50.085167,22.655346,64,5350.955
shp_3_13,50.084873,22.655333,65,5383.473
shp_3_13,50.084522,22.655422,66,5423.383
shp_3_13,50.08374,22.655664,67,5512.159
shp_3_13,50.08374,22.655664,68,5512.159
shp_3_13,50.083317,22.655807,69,5560.306
shp_3_13,50.082924,22.655909,70,5604.722
shp_3_13,50.082672,22.655897,71,5632.386
shp_3_13,50.08112,22.655291,72,5810.742
shp_3_13,50.079021,22.65523,73,6044.552
shp_3_13,50.07872,22.655081,74,6079.625
shp_3_13,50.078358,22.654743,75,6126.758
shp_3_13,50.078163,22.654633,76,6149.772
shp_3_13,50.078003,22.654572,77,6168.073
shp_3_13,50.077869,22.654564,78,6182.821
shp_3_13,50.077068,22.654749,79,6272.827
shp_3_13,50.077068,22.654749,80,6272.827
shp_3_13,50.07618,22.654964,81,6373.039
shp_3_13,50.076,22.654976,82,6393.036
shp_3_13,50.075768,22.654924,83,6419.303
shp_3_13,50.075348,22.654762,84,6467.401
shp_3_13,50.075092,22.654718,85,6496.082
shp_3_13,50.074635,22.654661,86,6547.2
shp_3_13,50.074078,22.65468,87,6609.251
shp_3_13,50.073669,22.654776,88,6655.288
shp_3_13,50.073463,22.65489,89,6679.559
shp_3_13,50.073238,22.655075,90,6707.972
shp_3_13,50.072842,22.655434,91,6758.893
shp_3_13,50.072582,22.655584,92,6789.498
shp_3_13,50.07225,22.655758,93,6828.717
shp_3_13,50.072155,22.655737,94,6839.531
shp_3_13,50.072071,22.655647,95,6850.892
shp_3_13,50.071815,22.655188,96,6894.301
shp_3_13,50.071815,22.655188,97,6894.301
shp_3_13,50.071537,22.654692,98,6941.282
shp_3_13,50.07148,22.654755,99,6949.061
shp_3_13,50.071068,22.655817,100,7037.787
shp_3_13,50.07098,22.655981,101,7053.055
shp_3_13,50.069595,22.657221,102,7230.686
shp_3_13,50.069412,22.657423,103,7255.946
shp_3_13,50.069283,22.657652,104,7277.615
shp_3_13,50.069153,22.658031,105,7308.302
shp_3_13,50.068947,22.658756,106,7364.853
shp_3_13,50.068947,22.658756,107,7364.853
shp_3_13,50.068829,22.659201,108,7399.243
shp_3_13,50.068668,22.659681,109,7438.178
shp_3_13,50.068439,22.660139,110,7479.507
shp_3_13,50.066055,22.663193,111,7823.229
shp_3_13,50.065758,22.66328,112,7856.936
shp_3_13,50.065334,22.663309,113,7903.751
shp_3_13,50.065334,22.663309,114,7903.751
shp_3_13,50.065083,22.663326,115,7932.126
shp_3_13,50.064861,22.663382,116,7956.811
shp_3_13,50.064663,22.66353,117,7981.344
shp_3_13,50.064014,22.664265,118,8070.773
shp_3_13,50.063816,22.664463,119,8096.99
shp_3_13,50.063625,22.664587,120,8119.883
shp_3_13,50.063469,22.664635,121,8137.544
shp_3_13,50.063107,22.664673,122,8178.056
shp_3_13,50.061199,22.664921,123,8391.099
shp_3_13,50.057461,22.665392,124,8808.859
shp_3_13,50.057461,22.665392,125,8808.859
shp_3_13,50.05434,22.665751,126,9157.021
shp_3_13,50.052116,22.666838,127,9416.614
shp_3_13,50.051445,22.667053,128,9492.988
shp_3_13,50.050816,22.667437,129,9568.02
shp_3_13,50.049339,22.668795,130,9759.017
shp_3_13,50.048607,22.669495,131,9854.741
shp_3_13,50.048149,22.669916,132,9913.627
shp_3_13,50.048,22.669983,133,9931.058
shp_3_13,50.047569,22.669956,134,9979.217
shp_3_13,50.047398,22.669964,135,9998.225
shp_3_13,50.047256,22.670034,136,10014.711
shp_3_13,50.046711,22.670444,137,10082.191
shp_3_13,50.046295,22.67074,138,10133.104
shp_3_13,50.046295,22.67074,139,10133.104
shp_3_13,50.045971,22.670971,140,10172.72
shp_3_13,50.045071,22.671261,141,10275.029
shp_3_13,50.04314,22.67087,142,10491.678
shp_3_13,50.042812,22.670713,143,10529.857
shp_3_13,50.04258,22.670586,144,10557.464
shp_3_13,50.042202,22.670408,145,10601.333
shp_3_13,50.041939,22.670338,146,10630.839
shp_3_13,50.041729,22.670345,147,10654.145
shp_3_13,50.04142,22.67046,148,10689.636
shp_3_13,50.041302,22.670513,149,10703.414
shp_3_13,50.0411,22.67062,150,10727.187
shp_3_13,50.04092,22.670748,151,10748.924
shp_3_13,50.040749,22.67095,152,10773.133
shp_3_13,50.040398,22.671492,153,10828.002
shp_3_13,50.039959,22.67214,154,10895.266
shp_3_13,50.039467,22.672491,155,10955.755
shp_3_13,50.039116,22.672586,156,10995.164
shp_3_13,50.038597,22.672895,157,11057.154
shp_3_13,50.038597,22.672895,158,11057.154
shp_3_13,50.0378,22.673323,159,11151.001
shp_3_13,50.037735,22.673193,160,11162.84
shp_3_13,50.037426,22.672441,161,11226.645
shp_3_13,50.037209,22.671963,162,11268.469
shp_3_13,50.036552,22.670639,163,11388.046
shp_3_13,50.036499,22.670462,164,11401.99
shp_3_13,50.036606,22.670296,165,11418.772
shp_3_13,50.036606,22.670296,166,11418.772
shp_3_13,50.036762,22.670069,167,11442.521
shp_3_13,50.036812,22.66992,168,11454.431
shp_3_13,50.036701,22.669949,169,11466.778
shp_3_13,50.036594,22.669945,170,11478.57
shp_3_13,50.036331,22.669878,171,11508.479
shp_3_13,50.035854,22.669788,172,11561.876
shp_3_13,50.035465,22.669819,173,11605.133
shp_3_13,50.034847,22.66995,174,11674.69
shp_3_13,50.034725,22.66997,175,11688.042
shp_3_13,50.034573,22.66996,176,11705.051
shp_3_13,50.034466,22.669935,177,11717.256
shp_3_13,50.034306,22.669859,178,11735.884
shp_3_13,50.034172,22.669764,179,11752.323
shp_3_13,50.033752,22.669395,180,11806.011
shp_3_13,50.03363,22.669304,181,11820.831
shp_3_13,50.03344,22.669182,182,11843.946
shp_3_13,50.033226,22.669083,183,11868.729
shp_3_13,50.033085,22.669043,184,11884.566
shp_3_13,50.032986,22.669024,185,11895.935
shp_3_13,50.032555,22.668997,186,11943.94
shp_3_13,50.032467,22.669006,187,11953.546
shp_3_13,50.032398,22.669024,188,11961.286
shp_3_13,50.032307,22.669062,189,11971.832
shp_3_13,50.032265,22.669088,190,11977.154
shp_3_13,50.032181,22.669172,191,11988.154
shp_3_13,50.032139,22.669226,192,11994.14
shp_3_13,50.032074,22.669333,193,12004.559
shp_3_13,50.031887,22.669769,194,12042.195
shp_3_13,50.031845,22.669834,195,12048.514
shp_3_13,50.031746,22.669952,196,12062.518
shp_3_13,50.031662,22.670015,197,12072.945
shp_3_13,50.031574,22.670053,198,12083.075
shp_3_13,50.03104,22.670143,199,12143.066
shp_3_13,50.030823,22.670197,200,12167.523
shp_3_13,50.030746,22.670227,201,12176.092
shp_3_13,50.030594,22.670332,202,12194.895
shp_3_13,50.030277,22.670626,203,12235.828
shp_3_13,50.030029,22.670868,204,12268.325
shp_3_13,50.029858,22.671024,205,12290.423
shp_3_13,50.029728,22.671118,206,12306.423
shp_3_13,50.029598,22.671186,207,12321.672
shp_3_13,50.029099,22.671398,208,12379.378
shp_3_13,50.028965,22.671473,209,12395.287
shp_3_13,50.028965,22.671473,210,12395.287
shp_3_13,50.028847,22.671549,211,12409.216
shp_3_13,50.028542,22.671806,212,12448.233
shp_3_13,50.027691,22.672445,213,12553.148
shp_3_13,50.027073,22.672884,214,12628.693
shp_3_13,50.026951,22.672955,215,12643.275
shp_3_13,50.026821,22.672993,216,12658.069
shp_3_13,50.02644,22.672911,217,12700.631
shp_3_13,50.026272,22.672892,218,12719.53
shp_3_13,50.025154,22.67288,219,12844.121
shp_3_13,50.024899,22.672905,220,12872.473
shp_3_13,50.024746,22.672962,221,12890.155
shp_3_13,50.024597,22.673077,222,12908.454
shp_3_13,50.024326,22.673418,223,12947.288
shp_3_13,50.023899,22.674036,224,13012.075
shp_3_13,50.023823,22.674118,225,13022.498
shp_3_13,50.023727,22.674189,226,13034.129
shp_3_13,50.023533,22.674263,227,13056.6
shp_3_13,50.023506,22.674236,228,13060.069
shp_3_13,50.023479,22.674219,229,13063.529
shp_3_13,50.023445,22.674217,230,13066.994
shp_3_13,50.023418,22.674229,231,13070.457
shp_3_13,50.023388,22.674253,232,13073.923
shp_3_13,50.023369,22.67429,233,13077.389
shp_3_13,50.02335,22.674362,234,13083.007
shp_3_13,50.02335,22.674429,235,13087.686
shp_3_13,50.023365,22.674473,236,13091.146
shp_3_13,50.023384,22.674511,237,13094.618
shp_3_13,50.023422,22.674547,238,13099.738
shp_3_13,50.023426,22.674664,239,13108.066
shp_3_13,50.023422,22.674841,240,13120.829
shp_3_13,50.023235,22.675385,241,13164.835
shp_3_13,50.02314,22.675806,242,13196.688
shp_3_13,50.02314,22.675806,243,13196.688
shp_3_13,50.02309,22.676031,244,13213.849
shp_3_13,50.022934,22.676477,245,13250.168
shp_3_13,50.02248,22.67742,246,13334.373
shp_3_13,50.022247,22.677763,247,13370.078
shp_3_13,50.021088,22.679022,248,13527.588
shp_3_13,50.020882,22.679253,249,13555.825
shp_3_13,50.020599,22.67955,250,13593.842
shp_3_13,50.020363,22.679829,251,13626.646
shp_3_13,50.020153,22.679964,252,13652.128
shp_3_13,50.020023,22.679972,253,13666.597
shp_3_13,50.018883,22.680185,254,13794.514
shp_3_13,50.018696,22.680229,255,13815.311
shp_3_13,50.018452,22.680273,256,13842.821
shp_3_13,50.018326,22.680313,257,13857.011
shp_3_13,50.018082,22.680523,258,13888.001
shp_3_13,50.01757,22.680939,259,13952.323
shp_3_13,50.017147,22.681295,260,14006.063
shp_3_13,50.017101,22.681274,261,14011.292
shp_3_13,50.017029,22.681265,262,14019.475
shp_3_13,50.017006,22.681219,263,14023.479
shp_3_13,50.016979,22.681185,264,14027.481
shp_3_13,50.016911,22.68079,265,14056.798
shp_3_13,50.016891,22.680721,266,14062.161
shp_3_13,50.016804,22.680517,267,14079.663
shp_3_13,50.016804,22.680517,268,14079.663
shp_3_13,50.016724,22.680325,269,14096.139
shp_3_13,50.016586,22.679928,270,14128.288
shp_3_13,50.016472,22.679508,271,14160.92
shp_3_13,50.016304,22.678753,272,14218.201
shp_3_13,50.016163,22.67798,273,14275.546
shp_3_13,50.016121,22.677702,274,14296.04
shp_3_13,50.01606,22.677696,275,14302.772
shp_3_13,50.015934,22.67767,276,14317.169
shp_3_13,50.014256,22.678135,277,14506.989
shp_3_13,50.014256,22.678135,278,14506.989
shp_3_13,50.013897,22.678228,279,14547.475
shp_3_13,50.013699,22.678223,280,14569.553
shp_3_13,50.013489,22.678198,281,14592.88
shp_3_13,50.013084,22.678049,282,14639.002
shp_3_13,50.012295,22.677717,283,14730.233
shp_3_13,50.012077,22.677618,284,14755.245
shp_3_13,50.011848,22.677528,285,14781.688
shp_3_13,50.011574,22.677437,286,14813.097
shp_3_13,50.011505,22.677443,287,14820.592
shp_3_13,50.011459,22.677475,288,14826.142
shp_3_13,50.011425,22.677544,289,14832.329
shp_3_13,50.011406,22.67762,290,14838.156
shp_3_13,50.01141,22.67771,291,14844.518
shp_3_13,50.01144,22.67787,292,14856.515
shp_3_13,50.01144,22.67787,293,14856.515
shp_3_13,50.011887,22.680376,294,15042.48
shp_3_13,50.012077,22.681353,295,15115.63
shp_3_13,50.01263,22.682936,296,15244.504
shp_3_13,50.012859,22.683657,297,15301.937
shp_3_14,50.026695,22.668579,1,0.0
shp_3_14,50.026863,22.668228,2,31.362
shp_3_14,50.027027,22.667841,3,64.562
shp_3_14,50.027397,22.66692,4,142.111
shp_3_14,50.027557,22.666475,5,178.565
shp_3_14,50.027817,22.665688,6,242.018
shp_3_14,50.028191,22.66453,7,334.477
shp_3_14,50.028351,22.66395,8,379.724
shp_3_14,50.028404,22.663681,9,399.933
shp_3_14,50.028477,22.663111,10,441.382
shp_3_14,50.028553,22.662676,11,473.583
shp_3_14,50.028553,22.662676,12,473.583
shp_3_14,50.028721,22.661724,13,544.183
shp_3_14,50.029037,22.660435,14,642.943
shp_3_14,50.029613,22.658552,15,792.101
shp_3_14,50.029716,22.658281,16,814.579
shp_3_14,50.029865,22.658005,17,840.369
shp_3_14,50.030018,22.657814,18,862.209
shp_3_14,50.030182,22.657629,19,884.687
shp_3_14,50.030407,22.65741,20,914.476
shp_3_14,50.030453,22.657333,21,921.882
shp_3_14,50.030479,22.657263,22,927.799
shp_3_14,50.030495,22.657156,23,935.654
shp_3_14,50.030518,22.656675,24,970.117
shp_3_14,50.031269,22.656778,25,1053.792
shp_3_14,50.031757,22.656879,26,1108.697
shp_3_14,50.031757,22.656879,27,1108.697
shp_3_14,50.031857,22.656902,28,1120.126
shp_3_14,50.032372,22.656809,29,1177.758
shp_3_14,50.032669,22.656637,30,1212.814
shp_3_14,50.033024,22.65608,31,1269.025
shp_3_14,50.03336,22.655531,32,1323.07
shp_3_14,50.03381,22.655128,33,1380.981
shp_3_14,50.03418,22.65485,34,1426.681
shp_3_14,50.034489,22.654518,35,1468.637
shp_3_14,50.034946,22.653711,36,1545.58
shp_3_14,50.03513,22.653555,37,1568.859
shp_3_14,50.036263,22.653156,38,1698.148
shp_3_14,50.036911,22.653133,39,1770.19
shp_3_14,50.037094,22.652971,40,1793.669
shp_3_14,50.037094,22.652971,41,1793.669
shp_3_14,50.036911,22.653133,42,1817.149
shp_3_14,50.036263,22.653156,43,1889.191
shp_3_14,50.03513,22.653555,44,2018.48
shp_3_14,50.034946,22.653711,45,2041.759
shp_3_14,50.034714,22.654125,46,2081.06
shp_3_14,50.034714,22.654125,47,2081.06
shp_3_14,50.034489,22.654518,48,2118.702
shp_3_14,50.03418,22.65485,49,2160.658
shp_3_14,50.03381,22.655128,50,2206.357
shp_3_14,50.03336,22.655531,51,2264.269
shp_3_14,50.033024,22.65608,52,2318.314
shp_3_14,50.032669,22.656637,53,2374.525
shp_3_14,50.032372,22.656809,54,2409.581
shp_3_14,50.031857,22.656902,55,2467.213
shp_3_14,50.031269,22.656778,56,2533.547
shp_3_14,50.030296,22.656641,57,2642.102
shp_3_14,50.030296,22.656641,58,2642.102
shp_3_14,50.029736,22.656555,59,2704.684
shp_3_14,50.02956,22.656542,60,2724.561
shp_3_14,50.029293,22.656584,61,2754.434
shp_3_14,50.028255,22.656921,62,2872.248
shp_3_14,50.027504,22.657179,63,2958.08
shp_3_14,50.027302,22.657207,64,2980.384
shp_3_14,50.027134,22.657217,65,2999.09
shp_3_14,50.026272,22.657146,66,3095.155
shp_3_14,50.026096,22.657137,67,3114.783
shp_3_14,50.025845,22.657143,68,3143.127
shp_3_14,50.025719,22.657196,69,3157.556
shp_3_14,50.025578,22.657284,70,3174.378
shp_3_14,50.025467,22.657385,71,3188.665
shp_3_14,50.025036,22.657829,72,3246.142
shp_3_14,50.024548,22.658373,73,3313.183
shp_3_14,50.024548,22.658373,74,3313.183
shp_3_14,50.024517,22.658405,75,3317.189
shp_3_14,50.023811,22.659515,76,3428.858
shp_3_14,50.023552,22.659893,77,3468.523
shp_3_14,50.023487,22.659971,78,3477.63
shp_3_14,50.023331,22.660126,79,3498.058
shp_3_14,50.023113,22.66029,80,3525.198
shp_3_14,50.022938,22.660395,81,3545.928
shp_3_14,50.022762,22.660452,82,3565.874
shp_3_14,50.022202,22.660568,83,3629.068
shp_3_14,50.022076,22.660667,84,3644.721
shp_3_14,50.021843,22.660948,85,3677.411
shp_3_14,50.021698,22.661079,86,3696.088
shp_3_14,50.021523,22.661184,87,3716.818
shp_3_14,50.021362,22.661203,88,3734.703
shp_3_14,50.020496,22.661161,89,3831.2
shp_3_14,50.02018,22.661324,90,3868.308
shp_3_14,50.019855,22.66153,91,3907.375
shp_3_14,50.019978,22.662119,92,3951.611
shp_3_14,50.019978,22.662119,93,3951.611
shp_3_14,50.020607,22.665245,94,4185.941
shp_3_14,50.02084,22.666607,95,4286.71
shp_3_14,50.020088,22.666992,96,4374.647
shp_3_14,50.020088,22.666992,97,4374.647
shp_3_14,50.019787,22.66715,98,4410.104
shp_3_14,50.018593,22.667738,99,4549.708
shp_3_14,50.017666,22.668173,100,4657.618
shp_3_14,50.01659,22.668524,101,4779.795
shp_3_14,50.01659,22.668524,102,4779.795
shp_3_14,50.016083,22.668688,103,4837.334
shp_3_14,50.015945,22.668688,104,4852.708
shp_3_14,50.015743,22.668489,105,4879.522
shp_3_14,50.0154,22.669298,106,4948.67
shp_3_14,50.015141,22.669886,107,4999.81
shp_3_14,50.015018,22.670282,108,5031.221
shp_3_14,50.014988,22.67054,109,5049.955
shp_3_14,50.014977,22.670805,110,5068.922
shp_3_14,50.014992,22.671064,111,5087.591
shp_3_14,50.015636,22.674923,112,5372.72
shp_3_14,50.015636,22.674923,113,5372.72
shp_3_14,50.015747,22.675762,114,5434.016
shp_3_14,50.015884,22.676592,115,5495.357
shp_3_14,50.01606,22.677696,116,5576.781
shp_3_14,50.015934,22.67767,117,5591.177
shp_3_14,50.014256,22.678135,118,5780.998
shp_3_14,50.014256,22.678135,119,5780.998
shp_3_14,50.013897,22.678228,120,5821.483
shp_3_14,50.013699,22.678223,121,5843.561
shp_3_14,50.013489,22.678198,122,5866.888
shp_3_14,50.013084,22.678049,123,5913.011
shp_3_14,50.012295,22.677717,124,6004.243
shp_3_14,50.012081,22.676617,125,6086.559
shp_3_14,50.012054,22.676416,126,6101.057
shp_3_14,50.011749,22.674868,127,6217.033
shp_3_14,50.011707,22.674679,128,6231.267
shp_3_14,50.011665,22.674536,129,6242.5
shp_3_14,50.011581,22.674387,130,6256.847
shp_3_14,50.011482,22.674297,131,6269.418
shp_3_14,50.011162,22.674171,132,6306.428
shp_3_14,50.010902,22.674112,133,6335.411
shp_3_14,50.010792,22.674095,134,6347.75
shp_3_14,50.010647,22.674047,135,6364.416
shp_3_14,50.010555,22.674051,136,6374.774
shp_3_14,50.010368,22.67412,137,6396.125
shp_3_14,50.010368,22.67412,138,6396.125
shp_3_14,50.010086,22.674242,139,6428.564
shp_3_14,50.009758,22.6744,140,6466.978
shp_3_14,50.009644,22.674528,141,6482.705
shp_3_14,50.009548,22.67465,142,6496.187
shp_3_14,50.009445,22.674879,143,6516.181
shp_3_14,50.00914,22.675945,144,6599.732
shp_3_14,50.00909,22.676067,145,6610.223
shp_3_14,50.008972,22.67625,146,6628.545
shp_3_14,50.008846,22.676373,147,6645.094
shp_3_14,50.008785,22.67642,148,6652.764
shp_3_14,50.008629,22.676487,149,6670.891
shp_3_14,50.008522,22.676487,150,6682.902
shp_3_14,50.008381,22.676462,151,6698.317
shp_3_14,50.007214,22.675966,152,6833.194
shp_3_14,50.006771,22.675755,153,6884.8
shp_3_14,50.006359,22.675583,154,6932.176
shp_3_14,50.005444,22.67522,155,7037.268
shp_3_14,50.005444,22.67522,156,7037.268
shp_3_14,50.004066,22.674671,157,7195.625
shp_3_14,50.003597,22.674475,158,7249.587
shp_3_14,50.003407,22.674366,159,7272.389
shp_3_14,50.003181,22.674179,160,7300.539
shp_3_14,50.001373,22.672417,161,7538.148
shp_3_14,50.001217,22.672287,162,7557.847
shp_3_14,50.001186,22.67227,163,7561.6
shp_3_14,50.001186,22.67227,164,7561.6
shp_3_14,50.001038,22.672186,165,7579.146
shp_3_14,50.000889,22.672123,166,7596.573
shp_3_14,50.000736,22.671988,167,7615.861
shp_3_14,50.000698,22.671923,168,7622.172
shp_3_14,50.000683,22.671867,169,7626.449
shp_3_14,50.00066,22.671822,170,7630.72
shp_3_14,50.000618,22.67178,171,7636.063
shp_3_14,50.000572,22.671759,172,7641.407
shp_3_14,50.000526,22.671761,173,7646.752
shp_3_14,50.000496,22.671772,174,7650.001
shp_3_14,50.000458,22.671806,175,7654.979
shp_3_14,50.000427,22.671856,176,7659.965
shp_3_14,50.000408,22.671919,177,7664.951
shp_3_14,50.000401,22.671993,178,7670.357
shp_3_14,50.000404,22.672068,179,7675.764
shp_3_14,50.000431,22.67214,180,7681.633
shp_3_14,50.000469,22.672197,181,7687.502
shp_3_14,50.000519,22.672228,182,7693.376
shp_3_14,50.000553,22.672235,183,7697.342
shp_3_14,50.000587,22.672228,184,7701.322
shp_3_14,50.000622,22.672209,185,7705.286
shp_3_14,50.000668,22.672155,186,7711.644
shp_3_14,50.000725,22.672129,187,7718.406
shp_3_14,50.000824,22.672131,188,7729.183
shp_3_14,50.000889,22.672123,189,7736.377
shp_3_14,50.001038,22.672186,190,7753.804
shp_3_14,50.001217,22.672287,191,7775.102
shp_3_14,50.001373,22.672417,192,7794.801
shp_3_14,50.001732,22.672766,193,7841.75
shp_3_14,50.001732,22.672766,194,7841.75
shp_3_14,50.003181,22.674179,195,8032.41
shp_3_14,50.003407,22.674366,196,8060.56
shp_3_14,50.003597,22.674475,197,8083.362
shp_3_14,50.004066,22.674671,198,8137.323
shp_3_14,50.006359,22.675583,199,8400.772
shp_3_14,50.006771,22.675755,200,8448.148
shp_3_14,50.007214,22.675966,201,8499.754
shp_3_14,50.007664,22.676157,202,8551.771
shp_3_14,50.007664,22.676157,203,8551.771
shp_3_14,50.008381,22.676462,204,8634.631
shp_3_14,50.008522,22.676487,205,8650.046
shp_3_14,50.008629,22.676487,206,8662.058
shp_3_14,50.008785,22.67642,207,8680.186
shp_3_14,50.008846,22.676373,208,8687.855
shp_3_14,50.008972,22.67625,209,8704.404
shp_3_14,50.00909,22.676067,210,8722.727
shp_3_14,50.00914,22.675945,211,8733.217
shp_3_14,50.009445,22.674879,212,8816.769
shp_3_14,50.009548,22.67465,213,8836.763
shp_3_14,50.009644,22.674528,214,8850.244
shp_3_14,50.009758,22.6744,215,8865.971
shp_3_14,50.010086,22.674242,216,8904.385
shp_3_14,50.010368,22.67412,217,8936.825
shp_3_14,50.010368,22.67412,218,8936.825
shp_3_14,50.010555,22.674051,219,8958.176
shp_3_14,50.010647,22.674047,220,8968.534
shp_3_14,50.010792,22.674095,221,8985.2
shp_3_14,50.010902,22.674221,222,9000.189
shp_3_14,50.011005,22.67429,223,9012.909
shp_3_14,50.011295,22.674385,224,9045.723
shp_3_14,50.011486,22.674465,225,9067.933
shp_3_14,50.011585,22.674593,226,9082.118
shp_3_14,50.011627,22.674669,227,9089.327
shp_3_14,50.011662,22.674767,228,9097.388
shp_3_14,50.011921,22.676048,229,9193.388
shp_3_14,50.012016,22.676472,230,9225.604
shp_3_14,50.012081,22.676617,231,9238.11
shp_3_14,50.012188,22.677195,232,9281.153
shp_3_14,50.012169,22.677332,233,9291.299
shp_3_14,50.012173,22.677383,234,9294.911
shp_3_14,50.012165,22.67745,235,9299.845
shp_3_14,50.012077,22.677618,236,9315.171
shp_3_14,50.011848,22.677528,237,9341.614
shp_3_14,50.011574,22.677437,238,9373.022
shp_3_14,50.011505,22.677443,239,9380.518
shp_3_14,50.011459,22.677475,240,9386.067
shp_3_14,50.011425,22.677544,241,9392.255
shp_3_14,50.011406,22.67762,242,9398.082
shp_3_14,50.01141,22.67771,243,9404.443
shp_3_14,50.01144,22.67787,244,9416.44
shp_3_14,50.01144,22.67787,245,9416.44
shp_3_14,50.011887,22.680376,246,9602.406
shp_3_14,50.012077,22.681353,247,9675.556
shp_3_14,50.01263,22.682936,248,9804.43
shp_3_14,50.012951,22.683949,249,9885.094
shp_3_14,50.012951,22.683949,250,9885.094
shp_3_14,50.013206,22.684784,251,9951.343
shp_3_14,50.013573,22.685844,252,10037.494
shp_3_14,50.014248,22.68791,253,10203.174
shp_3_14,50.014595,22.688906,254,10284.322
shp_3_14,50.015026,22.689936,255,10372.04
shp_3_14,50.015072,22.690109,256,10385.695
shp_3_14,50.015091,22.69022,257,10393.823
shp_3_14,50.015095,22.690329,258,10401.617
shp_3_14,50.014866,22.690819,259,10444.94
shp_3_14,50.014763,22.691057,260,10465.397
shp_3_14,50.014473,22.691687,261,10520.786
shp_3_14,50.014473,22.691687,262,10520.786
shp_3_14,50.013351,22.694134,263,10735.878
shp_3_14,50.012463,22.695618,264,10881.023
shp_3_14,50.010162,22.699406,265,11253.883
shp_3_14,50.010162,22.699406,266,11253.883
shp_3_14,50.00956,22.700415,267,11352.484
shp_3_14,50.008327,22.702946,268,11579.564
shp_3_14,50.006718,22.706289,269,11878.576
shp_3_14,50.006332,22.707127,270,11952.135
shp_3_14,50.005955,22.707909,271,12022.231
shp_3_14,50.005955,22.707909,272,12022.231
shp_3_14,50.00536,22.70915,273,12132.968
shp_3_14,50.004601,22.710709,274,12272.796
shp_3_14,50.004219,22.711521,275,12344.996
shp_3_14,50.004169,22.711546,276,12350.547
shp_3_14,50.003906,22.712061,277,12397.609
shp_3_14,50.00386,22.712168,278,12406.846
shp_3_14,50.003826,22.712158,279,12410.542
shp_3_14,50.003796,22.712164,280,12414.248
shp_3_14,50.003765,22.712183,281,12417.942
shp_3_14,50.003738,22.712215,282,12421.642
shp_3_14,50.003708,22.712296,283,12428.197
shp_3_14,50.003708,22.71236,284,12432.774
shp_3_14,50.003716,22.71241,285,12436.5
shp_3_14,50.00359,22.712648,286,12458.5
shp_3_14,50.003559,22.712748,287,12466.437
shp_3_14,50.003468,22.712915,288,12482.06
shp_3_14,50.003323,22.713213,289,12508.763
shp_3_14,50.003143,22.713715,290,12549.775
shp_3_14,50.002972,22.714098,291,12583.194
shp_3_14,50.002659,22.714745,292,12641.035
shp_3_14,50.002659,22.714745,293,12641.035
shp_3_14,50.000984,22.718224,294,12952.095
shp_3_14,50.000355,22.719498,295,13067.246
shp_3_14,50.00024,22.719309,296,13085.799
shp_3_14,49.999928,22.718504,297,13153.147
shp_3_14,49.99984,22.718456,298,13163.523
shp_3_14,49.999741,22.718493,299,13175.083
shp_3_14,49.999542,22.718731,300,13202.906
shp_3_15,50.020607,22.700272,1,0.0
shp_3_15,50.020947,22.707487,2,517.45
shp_3_15,50.020988,22.708282,3,574.576
shp_3_15,50.021015,22.708542,4,593.4
shp_3_15,50.021015,22.708542,5,593.4
shp_3_15,50.021065,22.708906,6,619.981
shp_3_15,50.021114,22.709145,7,637.942
shp_3_15,50.021172,22.709358,8,654.543
shp_3_15,50.02187,22.711378,9,818.465
shp_3_15,50.022076,22.711832,10,858.261
shp_3_15,50.022293,22.712263,11,897.408
shp_3_15,50.022545,22.712669,12,937.86
shp_3_15,50.022816,22.713064,13,979.134
shp_3_15,50.023399,22.713713,14,1058.849
shp_3_15,50.023888,22.714157,15,1121.883
shp_3_16,50.016804,22.680517,1,0.0
shp_3_16,50.016724,22.680325,2,16.475
shp_3_16,50.016586,22.679928,3,48.625
shp_3_16,50.016472,22.679508,4,81.257
shp_3_16,50.016304,22.678753,5,138.538
shp_3_16,50.016163,22.67798,6,195.883
shp_3_16,50.01598,22.676802,7,282.661
shp_3_16,50.0158,22.675743,8,360.93
shp_3_16,50.01561,22.674753,9,434.88
shp_3_16,50.015427,22.673674,10,514.648
shp_3_16,50.015427,22.673674,11,514.648
shp_3_16,50.014992,22.671064,12,707.559
shp_3_16,50.014977,22.670805,13,726.228
shp_3_16,50.014988,22.67054,14,745.195
shp_3_16,50.015018,22.670282,15,763.928
shp_3_16,50.015141,22.669886,16,795.34
shp_3_16,50.0154,22.669298,17,846.479
shp_3_16,50.015743,22.668489,18,915.627
shp_3_16,50.016197,22.667528,19,1001.048
shp_3_17,50.016804,22.680517,1,0.0
shp_3_17,50.016724,22.680325,2,16.475
shp_3_17,50.016586,22.679928,3,48.625
shp_3_17,50.016472,22.679508,4,81.257
shp_3_17,50.016304,22.678753,5,138.538
shp_3_17,50.016163,22.67798,6,195.883
shp_3_17,50.01598,22.676802,7,282.661
shp_3_17,50.0158,22.675743,8,360.93
shp_3_17,50.01561,22.674753,9,434.88
shp_3_17,50.015427,22.673674,10,514.648
shp_3_17,50.015427,22.673674,11,514.648
shp_3_17,50.014992,22.671064,12,707.559
shp_3_17,50.014977,22.670805,13,726.228
shp_3_17,50.014988,22.67054,14,745.195
shp_3_17,50.015018,22.670282,15,763.928
shp_3_17,50.015141,22.669886,16,795.34
shp_3_17,50.0154,22.669298,17,846.479
shp_3_17,50.015743,22.668489,18,915.627
shp_3_17,50.016197,22.667528,19,1001.048
shp_3_17,50.016197,22.667528,20,1001.048
shp_3_17,50.016735,22.666426,21,1100.052
shp_3_17,50.016876,22.666126,22,1126.431
shp_3_17,50.016991,22.665836,23,1150.864
shp_3_17,50.017166,22.66527,24,1195.91
shp_3_17,50.018444,22.660669,25,1554.409
shp_3_17,50.018547,22.660332,26,1581.205
shp_3_17,50.019272,22.657705,27,1785.487
shp_3_17,50.019272,22.657705,28,1785.487
shp_3_17,50.019688,22.656239,29,1900.251
shp_3_17,50.021431,22.649958,30,2389.562
shp_3_17,50.021561,22.649532,31,2423.205
shp_3_17,50.021904,22.648304,32,2519.056
shp_3_17,50.021904,22.648304,33,2519.056
shp_3_17,50.021999,22.647949,34,2546.553
shp_3_17,50.022106,22.647524,35,2579.222
shp_3_17,50.022263,22.646988,36,2621.371
shp_3_17,50.024021,22.640734,37,3109.627
shp_3_17,50.024021,22.640734,38,3109.627
shp_3_17,50.024509,22.63896,39,3247.633
shp_3_17,50.024635,22.638548,40,3280.179
shp_3_17,50.024807,22.638147,41,3314.763
shp_3_17,50.024872,22.638029,42,3325.811
shp_3_17,50.024914,22.638037,43,3330.364
shp_3_17,50.024952,22.638027,44,3334.916
shp_3_17,50.02499,22.638002,45,3339.479
shp_3_17,50.025024,22.637964,46,3344.034
shp_3_17,50.025047,22.637915,47,3348.584
shp_3_17,50.025066,22.637856,48,3353.145
shp_3_17,50.02507,22.637794,49,3357.562
shp_3_17,50.025066,22.637733,50,3361.979
shp_3_17,50.025051,22.637671,51,3366.828
shp_3_17,50.025028,22.637615,52,3371.68
shp_3_17,50.024986,22.637566,53,3377.51
shp_3_17,50.024937,22.637541,54,3383.345
shp_3_17,50.024864,22.63755,55,3391.125
shp_3_17,50.024803,22.637604,56,3398.906
shp_3_17,50.024765,22.637693,57,3406.687
shp_3_17,50.024731,22.637701,58,3410.539
shp_3_17,50.024654,22.637693,59,3418.954
shp_3_17,50.024422,22.637737,60,3444.905
shp_3_17,50.024353,22.637756,61,3452.769
shp_3_17,50.023884,22.637995,62,3507.827
shp_3_17,50.02158,22.6392,63,3778.1
shp_3_17,50.02158,22.6392,64,3778.1
shp_3_17,50.01899,22.640553,65,4082.33
shp_3_17,50.018417,22.640877,66,4150.087
shp_3_17,50.018417,22.640877,67,4150.087
shp_3_17,50.018253,22.640982,68,4170.072
shp_3_17,50.01498,22.643475,69,4575.656
shp_3_17,50.014729,22.643627,70,4605.766
shp_3_17,50.014706,22.64362,71,4608.367
shp_3_17,50.014664,22.643627,72,4612.792
shp_3_17,50.014648,22.643642,73,4615.121
shp_3_17,50.014633,22.643669,74,4617.703
shp_3_17,50.01458,22.643854,75,4632.167
shp_3_17,50.01453,22.643957,76,4641.356
shp_3_17,50.014515,22.644022,77,4646.386
shp_3_17,50.014427,22.644161,78,4660.264
shp_3_17,50.014301,22.644455,79,4685.53
shp_3_17,50.014221,22.644615,80,4699.847
shp_3_17,50.014221,22.644615,81,4699.847
shp_3_17,50.012066,22.649002,82,5095.102
shp_3_17,50.012066,22.649002,83,5095.102
shp_3_17,50.011715,22.649712,84,5159.003
shp_3_17,50.009987,22.652901,85,5457.352
shp_3_17,50.009724,22.653231,86,5495.013
shp_3_17,50.009445,22.653519,87,5532.335
shp_3_17,50.008827,22.653839,88,5604.978
shp_3_17,50.008694,22.653946,89,5621.449
shp_3_17,50.008583,22.654053,90,5636.18
shp_3_17,50.008461,22.654194,91,5653.014
shp_3_17,50.008331,22.654396,92,5673.393
shp_3_17,50.008217,22.654619,93,5693.881
shp_3_17,50.008022,22.65493,94,5724.909
shp_3_17,50.007862,22.655142,95,5748.187
shp_3_17,50.007721,22.655298,96,5767.574
shp_3_17,50.00716,22.655863,97,5841.869
shp_3_17,50.00705,22.656038,98,5859.576
shp_3_17,50.006977,22.656191,99,5873.025
shp_3_17,50.006924,22.656347,100,5885.775
shp_3_17,50.00687,22.656557,101,5901.892
shp_3_17,50.006832,22.656826,102,5921.648
shp_3_17,50.006802,22.657124,103,5943.253
shp_3_17,50.006775,22.657202,104,5949.458
shp_3_17,50.006748,22.657351,105,5960.544
shp_3_17,50.006668,22.657572,106,5978.581
shp_3_17,50.006645,22.657593,107,5981.624
shp_3_17,50.006603,22.657661,108,5988.244
shp_3_17,50.006584,22.657749,109,5994.856
shp_3_17,50.006592,22.65785,110,6002.175
shp_3_17,50.006626,22.65794,111,6009.499
shp_3_17,50.006615,22.658171,112,6026.078
shp_3_17,50.006577,22.658474,113,6048.086
shp_3_17,50.006153,22.660351,114,6190.557
shp_3_17,50.00584,22.661087,115,6253.646
shp_3_17,50.00584,22.661087,116,6253.646
shp_3_17,50.00528,22.662447,117,6369.175
shp_3_17,50.004997,22.663052,118,6422.826
shp_3_17,50.004173,22.664415,119,6556.751
shp_3_17,50.004036,22.664623,120,6577.867
shp_3_17,50.004036,22.664623,121,6577.867
shp_3_17,50.003704,22.665138,122,6630.174
shp_3_17,50.003147,22.666075,123,6721.273
shp_3_17,50.003006,22.666283,124,6743.067
shp_3_17,50.002728,22.666754,125,6788.896
shp_3_17,50.002419,22.667406,126,6846.905
shp_3_17,50.001812,22.668898,127,6973.316
shp_3_17,50.001812,22.668898,128,6973.316
shp_3_17,50.001366,22.669992,129,7066.075
shp_3_17,50.001057,22.670683,130,7126.003
shp_3_17,50.000679,22.671452,131,7195.398
shp_3_17,50.000622,22.671537,132,7204.252
shp_3_17,50.000526,22.671761,133,7223.426
shp_3_17,50.000496,22.671772,134,7226.676
shp_3_17,50.000458,22.671806,135,7231.653
shp_3_17,50.000427,22.671856,136,7236.64
shp_3_17,50.000408,22.671919,137,7241.625
shp_3_17,50.000401,22.671993,138,7247.032
shp_3_17,50.000404,22.672068,139,7252.438
shp_3_17,50.000431,22.67214,140,7258.307
shp_3_17,50.000469,22.672197,141,7264.176
shp_3_17,50.000519,22.672228,142,7270.051
shp_3_17,50.000553,22.672235,143,7274.017
shp_3_17,50.000587,22.672228,144,7277.997
shp_3_17,50.000622,22.672209,145,7281.96
shp_3_17,50.000668,22.672155,146,7288.318
shp_3_17,50.000725,22.672129,147,7295.08
shp_3_17,50.000824,22.672131,148,7305.857
shp_3_17,50.000889,22.672123,149,7313.051
shp_3_17,50.001038,22.672186,150,7330.478
shp_3_17,50.001217,22.672287,151,7351.776
shp_3_17,50.001373,22.672417,152,7371.476
shp_3_17,50.001732,22.672766,153,7418.424
shp_3_17,50.001732,22.672766,154,7418.424
shp_3_17,50.003181,22.674179,155,7609.084
shp_3_17,50.003407,22.674366,156,7637.234
shp_3_17,50.003597,22.674475,157,7660.036
shp_3_17,50.004066,22.674671,158,7713.998
shp_3_17,50.006359,22.675583,159,7977.447
shp_3_17,50.006771,22.675755,160,8024.823
shp_3_17,50.007214,22.675966,161,8076.429
shp_3_17,50.007664,22.676157,162,8128.446
shp_3_17,50.007664,22.676157,163,8128.446
shp_3_17,50.008381,22.676462,164,8211.306
shp_3_17,50.008522,22.676487,165,8226.721
shp_3_17,50.008629,22.676487,166,8238.732
shp_3_17,50.008785,22.67642,167,8256.86
shp_3_17,50.008846,22.676373,168,8264.53
shp_3_17,50.008972,22.67625,169,8281.079
shp_3_17,50.00909,22.676067,170,8299.401
shp_3_17,50.00914,22.675945,171,8309.892
shp_3_17,50.009445,22.674879,172,8393.443
shp_3_17,50.009548,22.67465,173,8413.438
shp_3_17,50.009644,22.674528,174,8426.919
shp_3_17,50.009758,22.6744,175,8442.646
shp_3_17,50.010086,22.674242,176,8481.06
shp_3_17,50.010368,22.67412,177,8513.5
shp_3_17,50.010368,22.67412,178,8513.5
shp_3_17,50.010555,22.674051,179,8534.851
shp_3_17,50.010647,22.674047,180,8545.209
shp_3_17,50.010792,22.674095,181,8561.875
shp_3_17,50.010902,22.674221,182,8576.864
shp_3_17,50.011005,22.67429,183,8589.584
shp_3_17,50.011295,22.674385,184,8622.397
shp_3_17,50.011486,22.674465,185,8644.607
shp_3_17,50.011585,22.674593,186,8658.793
shp_3_17,50.011627,22.674669,187,8666.002
shp_3_17,50.011662,22.674767,188,8674.063
shp_3_17,50.011921,22.676048,189,8770.063
shp_3_17,50.012016,22.676472,190,8802.278
shp_3_17,50.012081,22.676617,191,8814.785
shp_3_17,50.012188,22.677195,192,8857.828
shp_3_17,50.012169,22.677332,193,8867.974
shp_3_17,50.012173,22.677383,194,8871.586
shp_3_17,50.012165,22.67745,195,8876.52
shp_3_17,50.012077,22.677618,196,8891.846
shp_3_17,50.011848,22.677528,197,8918.289
shp_3_17,50.011574,22.677437,198,8949.697
shp_3_17,50.011505,22.677443,199,8957.192
shp_3_17,50.011459,22.677475,200,8962.742
shp_3_17,50.011425,22.677544,201,8968.93
shp_3_17,50.011406,22.67762,202,8974.757
shp_3_17,50.01141,22.67771,203,8981.118
shp_3_17,50.01144,22.67787,204,8993.115
shp_3_17,50.01144,22.67787,205,8993.115
shp_3_17,50.011887,22.680376,206,9179.081
shp_3_17,50.012077,22.681353,207,9252.23
shp_3_17,50.01263,22.682936,208,9381.104
shp_3_17,50.012951,22.683949,209,9461.769
shp_3_17,50.012951,22.683949,210,9461.769
shp_3_17,50.013206,22.684784,211,9528.018
shp_3_17,50.013573,22.685844,212,9614.169
shp_3_17,50.014248,22.68791,213,9779.849
shp_3_17,50.014595,22.688906,214,9860.997
shp_3_17,50.015026,22.689936,215,9948.715
shp_3_17,50.015072,22.690109,216,9962.37
shp_3_17,50.015091,22.69022,217,9970.498
shp_3_17,50.015095,22.690329,218,9978.292
shp_3_17,50.014866,22.690819,219,10021.615
shp_3_17,50.014763,22.691057,220,10042.072
shp_3_17,50.014473,22.691687,221,10097.461
shp_3_17,50.014473,22.691687,222,10097.461
shp_3_17,50.013351,22.694134,223,10312.553
shp_3_17,50.012463,22.695618,224,10457.698
shp_3_17,50.010162,22.699406,225,10830.558
shp_3_17,50.010162,22.699406,226,10830.558
shp_3_17,50.00956,22.700415,227,10929.159
shp_3_17,50.008327,22.702946,228,11156.239
shp_3_17,50.006718,22.706289,229,11455.251
shp_3_17,50.006332,22.707127,230,11528.81
shp_3_17,50.005955,22.707909,231,11598.906
shp_3_17,50.005955,22.707909,232,11598.906
shp_3_17,50.00536,22.70915,233,11709.643
shp_3_17,50.004601,22.710709,234,11849.471
shp_3_17,50.004219,22.711521,235,11921.671
shp_3_17,50.004169,22.711546,236,11927.222
shp_3_17,50.003906,22.712061,237,11974.284
shp_3_17,50.00386,22.712168,238,11983.521
shp_3_17,50.003826,22.712158,239,11987.217
shp_3_17,50.003796,22.712164,240,11990.923
shp_3_17,50.003765,22.712183,241,11994.617
shp_3_17,50.003738,22.712215,242,11998.316
shp_3_17,50.003708,22.712296,243,12004.872
shp_3_17,50.003708,22.71236,244,12009.449
shp_3_17,50.003716,22.71241,245,12013.175
shp_3_17,50.00359,22.712648,246,12035.175
shp_3_17,50.003559,22.712748,247,12043.111
shp_3_17,50.003468,22.712915,248,12058.734
shp_3_17,50.003323,22.713213,249,12085.438
shp_3_17,50.003143,22.713715,250,12126.45
shp_3_17,50.002972,22.714098,251,12159.869
shp_3_17,50.002659,22.714745,252,12217.71
shp_3_17,50.002659,22.714745,253,12217.71
shp_3_17,50.000984,22.718224,254,12528.77
shp_3_17,50.000355,22.719498,255,12643.921
shp_3_17,50.00024,22.719309,256,12662.474
shp_3_17,49.999928,22.718504,257,12729.822
shp_3_17,49.99984,22.718456,258,12740.198
shp_3_17,49.999741,22.718493,259,12751.758
shp_3_17,49.999542,22.718731,260,12779.581
shp_3_18,50.016804,22.680517,1,0.0
shp_3_18,50.016724,22.680325,2,16.475
shp_3_18,50.016586,22.679928,3,48.625
shp_3_18,50.016472,22.679508,4,81.257
shp_3_18,50.016304,22.678753,5,138.538
shp_3_18,50.016163,22.67798,6,195.883
shp_3_18,50.01598,22.676802,7,282.661
shp_3_18,50.0158,22.675743,8,360.93
shp_3_18,50.01561,22.674753,9,434.88
shp_3_18,50.015427,22.673674,10,514.648
shp_3_18,50.015427,22.673674,11,514.648
shp_3_18,50.014992,22.671064,12,707.559
shp_3_18,50.014977,22.670805,13,726.228
shp_3_18,50.014988,22.67054,14,745.195
shp_3_18,50.015018,22.670282,15,763.928
shp_3_18,50.015141,22.669886,16,795.34
shp_3_18,50.0154,22.669298,17,846.479
shp_3_18,50.015743,22.668489,18,915.627
shp_3_18,50.016197,22.667528,19,1001.048
shp_3_18,50.016197,22.667528,20,1001.048
shp_3_18,50.016735,22.666426,21,1100.052
shp_3_18,50.016876,22.666126,22,1126.431
shp_3_18,50.016991,22.665836,23,1150.864
shp_3_18,50.017166,22.66527,24,1195.91
shp_3_18,50.018444,22.660669,25,1554.409
shp_3_18,50.018547,22.660332,26,1581.205
shp_3_18,50.019272,22.657705,27,1785.487
shp_3_18,50.019272,22.657705,28,1785.487
shp_3_18,50.019688,22.656239,29,1900.251
shp_3_18,50.021431,22.649958,30,2389.562
shp_3_18,50.021561,22.649532,31,2423.205
shp_3_18,50.021904,22.648304,32,2519.056
shp_3_18,50.021904,22.648304,33,2519.056
shp_3_18,50.021999,22.647949,34,2546.553
shp_3_18,50.022106,22.647524,35,2579.222
shp_3_18,50.022263,22.646988,36,2621.371
shp_3_18,50.024021,22.640734,37,3109.627
shp_3_18,50.024021,22.640734,38,3109.627
shp_3_18,50.024509,22.63896,39,3247.633
shp_3_18,50.024635,22.638548,40,3280.179
shp_3_18,50.024807,22.638147,41,3314.763
shp_3_18,50.024872,22.638029,42,3325.811
shp_3_18,50.024914,22.638037,43,3330.364
shp_3_18,50.024952,22.638027,44,3334.916
shp_3_18,50.02499,22.638002,45,3339.479
shp_3_18,50.025024,22.637964,46,3344.034
shp_3_18,50.025047,22.637915,47,3348.584
shp_3_18,50.025066,22.637856,48,3353.145
shp_3_18,50.02507,22.637794,49,3357.562
shp_3_18,50.025066,22.637733,50,3361.979
shp_3_18,50.025051,22.637671,51,3366.828
shp_3_18,50.025028,22.637615,52,3371.68
shp_3_18,50.024986,22.637566,53,3377.51
shp_3_18,50.024937,22.637541,54,3383.345
shp_3_18,50.024864,22.63755,55,3391.125
shp_3_18,50.024803,22.637604,56,3398.906
shp_3_18,50.024765,22.637693,57,3406.687
shp_3_18,50.024731,22.637701,58,3410.539
shp_3_18,50.024654,22.637693,59,3418.954
shp_3_18,50.024422,22.637737,60,3444.905
shp_3_18,50.024353,22.637756,61,3452.769
shp_3_18,50.023884,22.637995,62,3507.827
shp_3_18,50.02158,22.6392,63,3778.1
shp_3_18,50.02158,22.6392,64,3778.1
shp_3_18,50.01899,22.640553,65,4082.33
shp_3_18,50.018417,22.640877,66,4150.087
shp_3_18,50.018417,22.640877,67,4150.087
shp_3_18,50.018253,22.640982,68,4170.072
shp_3_18,50.01498,22.643475,69,4575.656
shp_3_18,50.014729,22.643627,70,4605.766
shp_3_18,50.014706,22.64362,71,4608.367
shp_3_18,50.014664,22.643627,72,4612.792
shp_3_18,50.014648,22.643642,73,4615.121
shp_3_18,50.014633,22.643669,74,4617.703
shp_3_18,50.01458,22.643854,75,4632.167
shp_3_18,50.01453,22.643957,76,4641.356
shp_3_18,50.014515,22.644022,77,4646.386
shp_3_18,50.014511,22.644064,78,4649.263
shp_3_18,50.014523,22.644127,79,4654.005
shp_3_18,50.014557,22.644173,80,4658.807
shp_3_18,50.01461,22.644196,81,4665.102
shp_3_18,50.014629,22.644331,82,4675.091
shp_3_18,50.014671,22.644651,83,4698.471
shp_3_18,50.014687,22.645206,84,4738.1
shp_3_18,50.014687,22.645206,85,4738.1
shp_3_18,50.014706,22.645901,86,4787.857
shp_3_18,50.014774,22.645889,87,4795.414
shp_3_18,50.015419,22.645727,88,4868.11
shp_3_18,50.015568,22.645674,89,4885.245
shp_3_18,50.01572,22.645594,90,4902.94
shp_3_18,50.016041,22.645369,91,4942.044
shp_3_18,50.01656,22.645027,92,5004.653
shp_3_18,50.01656,22.645027,93,5004.653
shp_3_18,50.016041,22.645369,94,5067.262
shp_3_18,50.01572,22.645594,95,5106.365
shp_3_18,50.015568,22.645674,96,5124.061
shp_3_18,50.015419,22.645727,97,5141.195
shp_3_18,50.014774,22.645889,98,5213.892
shp_3_18,50.014706,22.645901,99,5221.448
shp_3_18,50.014671,22.644651,100,5310.834
shp_3_18,50.014698,22.644125,101,5348.623
shp_3_18,50.014725,22.643969,102,5360.258
shp_3_18,50.014778,22.643749,103,5376.991
shp_3_18,50.014759,22.643665,104,5383.294
shp_3_18,50.014729,22.643627,105,5387.855
shp_3_18,50.014706,22.64362,106,5390.457
shp_3_18,50.014664,22.643627,107,5394.881
shp_3_18,50.014648,22.643642,108,5397.21
shp_3_18,50.014633,22.643669,109,5399.792
shp_3_18,50.01458,22.643854,110,5414.256
shp_3_18,50.01453,22.643957,111,5423.446
shp_3_18,50.014515,22.644022,112,5428.476
shp_3_18,50.014427,22.644161,113,5442.354
shp_3_18,50.014301,22.644455,114,5467.62
shp_3_18,50.014221,22.644615,115,5481.937
shp_3_18,50.014221,22.644615,116,5481.937
shp_3_18,50.012066,22.649002,117,5877.191
shp_3_18,50.012066,22.649002,118,5877.191
shp_3_18,50.011715,22.649712,119,5941.093
shp_3_18,50.009987,22.652901,120,6239.441
shp_3_18,50.009724,22.653231,121,6277.103
shp_3_18,50.009445,22.653519,122,6314.425
shp_3_18,50.008827,22.653839,123,6387.067
shp_3_18,50.008694,22.653946,124,6403.538
shp_3_18,50.008583,22.654053,125,6418.269
shp_3_18,50.008461,22.654194,126,6435.103
shp_3_18,50.008331,22.654396,127,6455.482
shp_3_18,50.008217,22.654619,128,6475.97
shp_3_18,50.008022,22.65493,129,6506.998
shp_3_18,50.007862,22.655142,130,6530.276
shp_3_18,50.007721,22.655298,131,6549.664
shp_3_18,50.00716,22.655863,132,6623.958
shp_3_18,50.00705,22.656038,133,6641.666
shp_3_18,50.006977,22.656191,134,6655.115
shp_3_18,50.006924,22.656347,135,6667.864
shp_3_18,50.00687,22.656557,136,6683.981
shp_3_18,50.006832,22.656826,137,6703.738
shp_3_18,50.006802,22.657124,138,6725.343
shp_3_18,50.006775,22.657202,139,6731.548
shp_3_18,50.006748,22.657351,140,6742.634
shp_3_18,50.006668,22.657572,141,6760.67
shp_3_18,50.006645,22.657593,142,6763.713
shp_3_18,50.006603,22.657661,143,6770.333
shp_3_18,50.006584,22.657749,144,6776.945
shp_3_18,50.006592,22.65785,145,6784.264
shp_3_18,50.006626,22.65794,146,6791.588
shp_3_18,50.006615,22.658171,147,6808.167
shp_3_18,50.006577,22.658474,148,6830.176
shp_3_18,50.006153,22.660351,149,6972.646
shp_3_18,50.00584,22.661087,150,7035.736
shp_3_18,50.00584,22.661087,151,7035.736
shp_3_18,50.00528,22.662447,152,7151.265
shp_3_18,50.004997,22.663052,153,7204.915
shp_3_18,50.004173,22.664415,154,7338.841
shp_3_18,50.004036,22.664623,155,7359.956
shp_3_18,50.004036,22.664623,156,7359.956
shp_3_18,50.003704,22.665138,157,7412.264
shp_3_18,50.003147,22.666075,158,7503.362
shp_3_18,50.003006,22.666283,159,7525.157
shp_3_18,50.002728,22.666754,160,7570.986
shp_3_18,50.002419,22.667406,161,7628.994
shp_3_18,50.001812,22.668898,162,7755.406
shp_3_18,50.001812,22.668898,163,7755.406
shp_3_18,50.001366,22.669992,164,7848.165
shp_3_18,50.001057,22.670683,165,7908.092
shp_3_18,50.000679,22.671452,166,7977.488
shp_3_18,50.000622,22.671537,167,7986.342
shp_3_18,50.000526,22.671761,168,8005.516
shp_3_18,50.000496,22.671772,169,8008.765
shp_3_18,50.000458,22.671806,170,8013.743
shp_3_18,50.000427,22.671856,171,8018.729
shp_3_18,50.000408,22.671919,172,8023.714
shp_3_18,50.000401,22.671993,173,8029.121
shp_3_18,50.000404,22.672068,174,8034.528
shp_3_18,50.000431,22.67214,175,8040.396
shp_3_18,50.000469,22.672197,176,8046.266
shp_3_18,50.000519,22.672228,177,8052.14
shp_3_18,50.000553,22.672235,178,8056.106
shp_3_18,50.000587,22.672228,179,8060.086
shp_3_18,50.000622,22.672209,180,8064.05
shp_3_18,50.000668,22.672155,181,8070.407
shp_3_18,50.000725,22.672129,182,8077.169
shp_3_18,50.000824,22.672131,183,8087.946
shp_3_18,50.000889,22.672123,184,8095.141
shp_3_18,50.001038,22.672186,185,8112.567
shp_3_18,50.001217,22.672287,186,8133.866
shp_3_18,50.001373,22.672417,187,8153.565
shp_3_18,50.001732,22.672766,188,8200.514
shp_3_18,50.001732,22.672766,189,8200.514
shp_3_18,50.003181,22.674179,190,8391.174
shp_3_18,50.003407,22.674366,191,8419.323
shp_3_18,50.003597,22.674475,192,8442.125
shp_3_18,50.004066,22.674671,193,8496.086
shp_3_18,50.006359,22.675583,194,8759.535
shp_3_18,50.006771,22.675755,195,8806.911
shp_3_18,50.007214,22.675966,196,8858.517
shp_3_18,50.007664,22.676157,197,8910.534
shp_3_18,50.007664,22.676157,198,8910.534
shp_3_18,50.008381,22.676462,199,8993.394
shp_3_18,50.008522,22.676487,200,9008.809
shp_3_18,50.008629,22.676487,201,9020.82
shp_3_18,50.008785,22.67642,202,9038.948
shp_3_18,50.008846,22.676373,203,9046.618
shp_3_18,50.008972,22.67625,204,9063.167
shp_3_18,50.00909,22.676067,205,9081.489
shp_3_18,50.00914,22.675945,206,9091.979
shp_3_18,50.009445,22.674879,207,9175.531
shp_3_18,50.009548,22.67465,208,9195.525
shp_3_18,50.009644,22.674528,209,9209.007
shp_3_18,50.009758,22.6744,210,9224.733
shp_3_18,50.010086,22.674242,211,9263.147
shp_3_18,50.010368,22.67412,212,9295.588
shp_3_18,50.010368,22.67412,213,9295.588
shp_3_18,50.010555,22.674051,214,9316.938
shp_3_18,50.010647,22.674047,215,9327.297
shp_3_18,50.010792,22.674095,216,9343.963
shp_3_18,50.010902,22.674221,217,9358.952
shp_3_18,50.011005,22.67429,218,9371.672
shp_3_18,50.011295,22.674385,219,9404.485
shp_3_18,50.011486,22.674465,220,9426.695
shp_3_18,50.011585,22.674593,221,9440.881
shp_3_18,50.011627,22.674669,222,9448.09
shp_3_18,50.011662,22.674767,223,9456.15
shp_3_18,50.011921,22.676048,224,9552.15
shp_3_18,50.012016,22.676472,225,9584.366
shp_3_18,50.012081,22.676617,226,9596.873
shp_3_18,50.012188,22.677195,227,9639.916
shp_3_18,50.012169,22.677332,228,9650.062
shp_3_18,50.012173,22.677383,229,9653.674
shp_3_18,50.012165,22.67745,230,9658.607
shp_3_18,50.012077,22.677618,231,9673.934
shp_3_18,50.011848,22.677528,232,9700.377
shp_3_18,50.011574,22.677437,233,9731.785
shp_3_18,50.011505,22.677443,234,9739.28
shp_3_18,50.011459,22.677475,235,9744.83
shp_3_18,50.011425,22.677544,236,9751.018
shp_3_18,50.011406,22.67762,237,9756.845
shp_3_18,50.01141,22.67771,238,9763.206
shp_3_18,50.01144,22.67787,239,9775.203
shp_3_18,50.01144,22.67787,240,9775.203
shp_3_18,50.011887,22.680376,241,9961.169
shp_3_18,50.012077,22.681353,242,10034.318
shp_3_18,50.01263,22.682936,243,10163.192
shp_3_18,50.012951,22.683949,244,10243.856
shp_3_19,50.016804,22.680517,1,0.0
shp_3_19,50.016724,22.680325,2,16.475
shp_3_19,50.016586,22.679928,3,48.625
shp_3_19,50.016472,22.679508,4,81.257
shp_3_19,50.016304,22.678753,5,138.538
shp_3_19,50.016163,22.67798,6,195.883
shp_3_19,50.01598,22.676802,7,282.661
shp_3_19,50.0158,22.675743,8,360.93
shp_3_19,50.01561,22.674753,9,434.88
shp_3_19,50.015427,22.673674,10,514.648
shp_3_19,50.015427,22.673674,11,514.648
shp_3_19,50.014992,22.671064,12,707.559
shp_3_19,50.014977,22.670805,13,726.228
shp_3_19,50.014988,22.67054,14,745.195
shp_3_19,50.015018,22.670282,15,763.928
shp_3_19,50.015141,22.669886,16,795.34
shp_3_19,50.0154,22.669298,17,846.479
shp_3_19,50.015743,22.668489,18,915.627
shp_3_19,50.016197,22.667528,19,1001.048
shp_3_19,50.016197,22.667528,20,1001.048
shp_3_19,50.016735,22.666426,21,1100.052
shp_3_19,50.016876,22.666126,22,1126.431
shp_3_19,50.016991,22.665836,23,1150.864
shp_3_19,50.017166,22.66527,24,1195.91
shp_3_19,50.018444,22.660669,25,1554.409
shp_3_19,50.018547,22.660332,26,1581.205
shp_3_19,50.019272,22.657705,27,1785.487
shp_3_19,50.019272,22.657705,28,1785.487
shp_3_19,50.019688,22.656239,29,1900.251
shp_3_19,50.021431,22.649958,30,2389.562
shp_3_19,50.021561,22.649532,31,2423.205
shp_3_19,50.021904,22.648304,32,2519.056
shp_3_19,50.021904,22.648304,33,2519.056
shp_3_19,50.021999,22.647949,34,2546.553
shp_3_19,50.022106,22.647524,35,2579.222
shp_3_19,50.022263,22.646988,36,2621.371
shp_3_19,50.024021,22.640734,37,3109.627
shp_3_19,50.024021,22.640734,38,3109.627
shp_3_19,50.024509,22.63896,39,3247.633
shp_3_19,50.024635,22.638548,40,3280.179
shp_3_19,50.024807,22.638147,41,3314.763
shp_3_19,50.024872,22.638029,42,3325.811
shp_3_19,50.024914,22.638037,43,3330.364
shp_3_19,50.024952,22.638027,44,3334.916
shp_3_19,50.02499,22.638002,45,3339.479
shp_3_19,50.025024,22.637964,46,3344.034
shp_3_19,50.025047,22.637915,47,3348.584
shp_3_19,50.025066,22.637856,48,3353.145
shp_3_19,50.02507,22.637794,49,3357.562
shp_3_19,50.025066,22.637733,50,3361.979
shp_3_19,50.025051,22.637671,51,3366.828
shp_3_19,50.025028,22.637615,52,3371.68
shp_3_19,50.024986,22.637566,53,3377.51
shp_3_19,50.024937,22.637541,54,3383.345
shp_3_19,50.024864,22.63755,55,3391.125
shp_3_19,50.024803,22.637604,56,3398.906
shp_3_19,50.024765,22.637693,57,3406.687
shp_3_19,50.024731,22.637701,58,3410.539
shp_3_19,50.024654,22.637693,59,3418.954
shp_3_19,50.024422,22.637737,60,3444.905
shp_3_19,50.024353,22.637756,61,3452.769
shp_3_19,50.023884,22.637995,62,3507.827
shp_3_19,50.02158,22.6392,63,3778.1
shp_3_19,50.02158,22.6392,64,3778.1
shp_3_19,50.01899,22.640553,65,4082.33
shp_3_19,50.018417,22.640877,66,4150.087
shp_3_19,50.018417,22.640877,67,4150.087
shp_3_19,50.018253,22.640982,68,4170.072
shp_3_19,50.01498,22.643475,69,4575.656
shp_3_19,50.014729,22.643627,70,4605.766
shp_3_19,50.014706,22.64362,71,4608.367
shp_3_19,50.014664,22.643627,72,4612.792
shp_3_19,50.014648,22.643642,73,4615.121
shp_3_19,50.014633,22.643669,74,4617.703
shp_3_19,50.01458,22.643854,75,4632.167
shp_3_19,50.01453,22.643957,76,4641.356
shp_3_19,50.014515,22.644022,77,4646.386
shp_3_19,50.014511,22.644064,78,4649.263
shp_3_19,50.014523,22.644127,79,4654.005
shp_3_19,50.014557,22.644173,80,4658.807
shp_3_19,50.01461,22.644196,81,4665.102
shp_3_19,50.014629,22.644331,82,4675.091
shp_3_19,50.014671,22.644651,83,4698.471
shp_3_19,50.014687,22.645206,84,4738.1
shp_3_19,50.014687,22.645206,85,4738.1
shp_3_19,50.014706,22.645901,86,4787.857
shp_3_19,50.014774,22.645889,87,4795.414
shp_3_19,50.015419,22.645727,88,4868.11
shp_3_19,50.015568,22.645674,89,4885.245
shp_3_19,50.01572,22.645594,90,4902.94
shp_3_19,50.016041,22.645369,91,4942.044
shp_3_19,50.01656,22.645027,92,5004.653
shp_3_19,50.01656,22.645027,93,5004.653
shp_3_19,50.016041,22.645369,94,5067.262
shp_3_19,50.01572,22.645594,95,5106.365
shp_3_19,50.015568,22.645674,96,5124.061
shp_3_19,50.015419,22.645727,97,5141.195
shp_3_19,50.014774,22.645889,98,5213.892
shp_3_19,50.014706,22.645901,99,5221.448
shp_3_19,50.014671,22.644651,100,5310.834
shp_3_19,50.014698,22.644125,101,5348.623
shp_3_19,50.014725,22.643969,102,5360.258
shp_3_19,50.014778,22.643749,103,5376.991
shp_3_19,50.014759,22.643665,104,5383.294
shp_3_19,50.014729,22.643627,105,5387.855
shp_3_19,50.014706,22.64362,106,5390.457
shp_3_19,50.014664,22.643627,107,5394.881
shp_3_19,50.014648,22.643642,108,5397.21
shp_3_19,50.014633,22.643669,109,5399.792
shp_3_19,50.01458,22.643854,110,5414.256
shp_3_19,50.01453,22.643957,111,5423.446
shp_3_19,50.014515,22.644022,112,5428.476
shp_3_19,50.014427,22.644161,113,5442.354
shp_3_19,50.014301,22.644455,114,5467.62
shp_3_19,50.014221,22.644615,115,5481.937
shp_3_19,50.014221,22.644615,116,5481.937
shp_3_19,50.012066,22.649002,117,5877.191
shp_3_19,50.012066,22.649002,118,5877.191
shp_3_19,50.011715,22.649712,119,5941.093
shp_3_19,50.009987,22.652901,120,6239.441
shp_3_19,50.009724,22.653231,121,6277.103
shp_3_19,50.009445,22.653519,122,6314.425
shp_3_19,50.008827,22.653839,123,6387.067
shp_3_19,50.008694,22.653946,124,6403.538
shp_3_19,50.008583,22.654053,125,6418.269
shp_3_19,50.008461,22.654194,126,6435.103
shp_3_19,50.008331,22.654396,127,6455.482
shp_3_19,50.008217,22.654619,128,6475.97
shp_3_19,50.008022,22.65493,129,6506.998
shp_3_19,50.007862,22.655142,130,6530.276
shp_3_19,50.007721,22.655298,131,6549.664
shp_3_19,50.00716,22.655863,132,6623.958
shp_3_19,50.00705,22.656038,133,6641.666
shp_3_19,50.006977,22.656191,134,6655.115
shp_3_19,50.006924,22.656347,135,6667.864
shp_3_19,50.00687,22.656557,136,6683.981
shp_3_19,50.006832,22.656826,137,6703.738
shp_3_19,50.006802,22.657124,138,6725.343
shp_3_19,50.006775,22.657202,139,6731.548
shp_3_19,50.006748,22.657351,140,6742.634
shp_3_19,50.006668,22.657572,141,6760.67
shp_3_19,50.006645,22.657593,142,6763.713
shp_3_19,50.006603,22.657661,143,6770.333
shp_3_19,50.006584,22.657749,144,6776.945
shp_3_19,50.006592,22.65785,145,6784.264
shp_3_19,50.006626,22.65794,146,6791.588
shp_3_19,50.006615,22.658171,147,6808.167
shp_3_19,50.006577,22.658474,148,6830.176
shp_3_19,50.006153,22.660351,149,6972.646
shp_3_19,50.00584,22.661087,150,7035.736
shp_3_19,50.00584,22.661087,151,7035.736
shp_3_19,50.00528,22.662447,152,7151.265
shp_3_19,50.004997,22.663052,153,7204.915
shp_3_19,50.004173,22.664415,154,7338.841
shp_3_19,50.004036,22.664623,155,7359.956
shp_3_19,50.004036,22.664623,156,7359.956
shp_3_19,50.003704,22.665138,157,7412.264
shp_3_19,50.003147,22.666075,158,7503.362
shp_3_19,50.003006,22.666283,159,7525.157
shp_3_19,50.002728,22.666754,160,7570.986
shp_3_19,50.002419,22.667406,161,7628.994
shp_3_19,50.001812,22.668898,162,7755.406
shp_3_19,50.001812,22.668898,163,7755.406
shp_3_19,50.001366,22.669992,164,7848.165
shp_3_19,50.001057,22.670683,165,7908.092
shp_3_19,50.000679,22.671452,166,7977.488
shp_3_19,50.000622,22.671537,167,7986.342
shp_3_19,50.000526,22.671761,168,8005.516
shp_3_19,50.000496,22.671772,169,8008.765
shp_3_19,50.000458,22.671806,170,8013.743
shp_3_19,50.000427,22.671856,171,8018.729
shp_3_19,50.000408,22.671919,172,8023.714
shp_3_19,50.000401,22.671993,173,8029.121
shp_3_19,50.000404,22.672068,174,8034.528
shp_3_19,50.000431,22.67214,175,8040.396
shp_3_19,50.000469,22.672197,176,8046.266
shp_3_19,50.000519,22.672228,177,8052.14
shp_3_19,50.000553,22.672235,178,8056.106
shp_3_19,50.000587,22.672228,179,8060.086
shp_3_19,50.000622,22.672209,180,8064.05
shp_3_19,50.000668,22.672155,181,8070.407
shp_3_19,50.000725,22.672129,182,8077.169
shp_3_19,50.000824,22.672131,183,8087.946
shp_3_19,50.000889,22.672123,184,8095.141
shp_3_19,50.001038,22.672186,185,8112.567
shp_3_19,50.001217,22.672287,186,8133.866
shp_3_19,50.001373,22.672417,187,8153.565
shp_3_19,50.001732,22.672766,188,8200.514
shp_3_19,50.001732,22.672766,189,8200.514
shp_3_19,50.003181,22.674179,190,8391.174
shp_3_19,50.003407,22.674366,191,8419.323
shp_3_19,50.003597,22.674475,192,8442.125
shp_3_19,50.004066,22.674671,193,8496.086
shp_3_19,50.006359,22.675583,194,8759.535
shp_3_19,50.006771,22.675755,195,8806.911
shp_3_19,50.007214,22.675966,196,8858.517
shp_3_19,50.007664,22.676157,197,8910.534
shp_3_19,50.007664,22.676157,198,8910.534
shp_3_19,50.008381,22.676462,199,8993.394
shp_3_19,50.008522,22.676487,200,9008.809
shp_3_19,50.008629,22.676487,201,9020.82
shp_3_19,50.008785,22.67642,202,9038.948
shp_3_19,50.008846,22.676373,203,9046.618
shp_3_19,50.008972,22.67625,204,9063.167
shp_3_19,50.00909,22.676067,205,9081.489
shp_3_19,50.00914,22.675945,206,9091.979
shp_3_19,50.009445,22.674879,207,9175.531
shp_3_19,50.009548,22.67465,208,9195.525
shp_3_19,50.009644,22.674528,209,9209.007
shp_3_19,50.009758,22.6744,210,9224.733
shp_3_19,50.010086,22.674242,211,9263.147
shp_3_19,50.010368,22.67412,212,9295.588
shp_3_19,50.010368,22.67412,213,9295.588
shp_3_19,50.010555,22.674051,214,9316.938
shp_3_19,50.010647,22.674047,215,9327.297
shp_3_19,50.010792,22.674095,216,9343.963
shp_3_19,50.010902,22.674221,217,9358.952
shp_3_19,50.011005,22.67429,218,9371.672
shp_3_19,50.011295,22.674385,219,9404.485
shp_3_19,50.011486,22.674465,220,9426.695
shp_3_19,50.011585,22.674593,221,9440.881
shp_3_19,50.011627,22.674669,222,9448.09
shp_3_19,50.011662,22.674767,223,9456.15
shp_3_19,50.011921,22.676048,224,9552.15
shp_3_19,50.012016,22.676472,225,9584.366
shp_3_19,50.012081,22.676617,226,9596.873
shp_3_19,50.012188,22.677195,227,9639.916
shp_3_19,50.012169,22.677332,228,9650.062
shp_3_19,50.012173,22.677383,229,9653.674
shp_3_19,50.012165,22.67745,230,9658.607
shp_3_19,50.012077,22.677618,231,9673.934
shp_3_19,50.011848,22.677528,232,9700.377
shp_3_19,50.011574,22.677437,233,9731.785
shp_3_19,50.011505,22.677443,234,9739.28
shp_3_19,50.011459,22.677475,235,9744.83
shp_3_19,50.011425,22.677544,236,9751.018
shp_3_19,50.011406,22.67762,237,9756.845
shp_3_19,50.01141,22.67771,238,9763.206
shp_3_19,50.01144,22.67787,239,9775.203
shp_3_19,50.01144,22.67787,240,9775.203
shp_3_19,50.011887,22.680376,241,9961.169
shp_3_19,50.012077,22.681353,242,10034.318
shp_3_19,50.01263,22.682936,243,10163.192
shp_3_19,50.012951,22.683949,244,10243.856
shp_3_19,50.012951,22.683949,245,10243.856
shp_3_19,50.013206,22.684784,246,10310.105
shp_3_19,50.014568,22.68372,247,10479.649
shp_3_19,50.015079,22.683289,248,10544.393
shp_3_19,50.015411,22.682964,249,10587.91
shp_3_19,50.015697,22.682669,250,10626.112
shp_3_19,50.015839,22.68251,251,10645.541
shp_3_19,50.016193,22.682158,252,10692.301
shp_3_19,50.016281,22.682056,253,10704.559
shp_3_19,50.016418,22.682024,254,10720.251
shp_3_19,50.016479,22.682001,255,10727.2
shp_3_19,50.016514,22.682058,256,10732.684
shp_3_19,50.01656,22.682085,257,10738.164
shp_3_19,50.016605,22.682076,258,10743.462
shp_3_19,50.016628,22.682058,259,10746.134
shp_3_19,50.016651,22.682024,260,10749.595
shp_3_19,50.016666,22.681982,261,10753.063
shp_3_19,50.01667,22.681934,262,10756.529
shp_3_19,50.016666,22.681887,263,10759.996
shp_3_19,50.016727,22.681715,264,10773.948
shp_3_19,50.016804,22.681581,265,10786.688
shp_3_19,50.016846,22.681528,266,10792.794
shp_3_19,50.01688,22.681515,267,10796.471
shp_3_19,50.016914,22.681528,268,10800.67
shp_3_19,50.016953,22.681522,269,10804.865
shp_3_19,50.016987,22.681498,270,10809.055
shp_3_19,50.017014,22.681459,271,10813.252
shp_3_19,50.017033,22.681408,272,10817.45
shp_3_19,50.017036,22.681311,273,10824.336
shp_3_19,50.017029,22.681265,274,10827.803
shp_3_19,50.017006,22.681219,275,10831.808
shp_3_19,50.016979,22.681185,276,10835.81
shp_3_19,50.016911,22.68079,277,10865.126
shp_3_19,50.016891,22.680721,278,10870.489
shp_3_19,50.016804,22.680517,279,10887.991
shp_3_20,50.012779,22.683407,1,0.0
shp_3_20,50.01263,22.682936,2,37.583
shp_3_20,50.012077,22.681353,3,166.457
shp_3_20,50.011887,22.680376,4,239.606
shp_3_20,50.011551,22.678503,5,378.686
shp_3_20,50.011616,22.678391,6,389.376
shp_3_20,50.011642,22.678303,7,396.368
shp_3_20,50.011688,22.678085,8,412.708
shp_3_20,50.011688,22.678085,9,412.708
shp_3_20,50.01178,22.677666,10,444.432
shp_3_20,50.01181,22.677582,11,451.491
shp_3_20,50.011848,22.677528,12,457.024
shp_3_20,50.012077,22.677618,13,483.468
shp_3_20,50.012295,22.677717,14,508.48
shp_3_20,50.013084,22.678049,15,599.712
shp_3_20,50.013489,22.678198,16,645.834
shp_3_20,50.013699,22.678223,17,669.161
shp_3_20,50.013897,22.678228,18,691.239
shp_3_20,50.014256,22.678135,19,731.724
shp_3_20,50.014256,22.678135,20,731.724
shp_3_20,50.015934,22.67767,21,921.545
shp_3_20,50.01606,22.677696,22,935.941
shp_3_20,50.016212,22.677715,23,953.002
shp_3_20,50.016792,22.67754,24,1018.611
shp_3_20,50.017632,22.677242,25,1114.553
shp_3_20,50.017872,22.677166,26,1141.862
shp_3_20,50.017872,22.677166,27,1141.862
shp_3_20,50.018776,22.676867,28,1244.454
shp_3_20,50.02018,22.67638,29,1404.549
shp_3_20,50.020405,22.676281,30,1430.941
shp_3_20,50.023121,22.674553,31,1757.3
shp_3_20,50.023121,22.674553,32,1757.3
shp_3_20,50.02319,22.674511,33,1765.409
shp_3_20,50.023365,22.674473,34,1785.133
shp_3_20,50.023384,22.674511,35,1788.605
shp_3_20,50.023438,22.674555,36,1795.456
shp_3_20,50.023468,22.674557,37,1798.921
shp_3_20,50.023499,22.674545,38,1802.395
shp_3_20,50.023525,22.67452,39,1805.851
shp_3_20,50.023548,22.674486,40,1809.317
shp_3_20,50.02356,22.674442,41,1812.781
shp_3_20,50.023567,22.674381,42,1817.22
shp_3_20,50.023727,22.674189,43,1839.95
shp_3_20,50.023823,22.674118,44,1851.58
shp_3_20,50.023899,22.674036,45,1862.003
shp_3_20,50.024326,22.673418,46,1926.789
shp_3_20,50.024597,22.673077,47,1965.623
shp_3_20,50.024746,22.672962,48,1983.922
shp_3_20,50.024899,22.672905,49,2001.605
shp_3_20,50.025154,22.67288,50,2029.956
shp_3_20,50.026272,22.672892,51,2154.547
shp_3_20,50.02644,22.672911,52,2173.447
shp_3_20,50.026821,22.672993,53,2216.008
shp_3_20,50.026951,22.672955,54,2230.802
shp_3_20,50.027073,22.672884,55,2245.384
shp_3_20,50.027805,22.672359,56,2334.978
shp_3_20,50.027805,22.672359,57,2334.978
shp_3_20,50.028542,22.671806,58,2425.842
shp_3_20,50.028847,22.671549,59,2464.859
shp_3_20,50.028996,22.671452,60,2482.478
shp_3_20,50.029099,22.671398,61,2494.71
shp_3_20,50.029598,22.671186,62,2552.416
shp_3_20,50.029728,22.671118,63,2567.665
shp_3_20,50.029858,22.671024,64,2583.665
shp_3_20,50.030029,22.670868,65,2605.762
shp_3_20,50.030525,22.670389,66,2670.703
shp_3_20,50.030594,22.670332,67,2679.193
shp_3_20,50.030678,22.670269,68,2689.923
shp_3_20,50.030746,22.670227,69,2698.008
shp_3_20,50.030823,22.670197,70,2706.576
shp_3_20,50.030945,22.670164,71,2720.508
shp_3_20,50.03104,22.670143,72,2731.035
shp_3_20,50.031574,22.670053,73,2791.026
shp_3_20,50.031662,22.670015,74,2801.156
shp_3_20,50.031746,22.669952,75,2811.584
shp_3_20,50.031845,22.669834,76,2825.587
shp_3_20,50.031887,22.669769,77,2831.906
shp_3_20,50.032074,22.669333,78,2869.543
shp_3_20,50.032139,22.669226,79,2879.962
shp_3_20,50.032181,22.669172,80,2885.948
shp_3_20,50.032265,22.669088,81,2896.947
shp_3_20,50.032307,22.669062,82,2902.269
shp_3_20,50.032398,22.669024,83,2912.815
shp_3_20,50.032467,22.669006,84,2920.556
shp_3_20,50.032555,22.668997,85,2930.162
shp_3_20,50.032986,22.669024,86,2978.168
shp_3_20,50.033085,22.669043,87,2989.536
shp_3_20,50.033226,22.669083,88,3005.373
shp_3_20,50.03344,22.669182,89,3030.156
shp_3_20,50.03363,22.669304,90,3053.272
shp_3_20,50.033752,22.669395,91,3068.092
shp_3_20,50.034172,22.669764,92,3121.78
shp_3_20,50.034306,22.669859,93,3138.219
shp_3_20,50.034466,22.669935,94,3156.847
shp_3_20,50.034573,22.66996,95,3169.052
shp_3_20,50.034725,22.66997,96,3186.061
shp_3_20,50.034847,22.66995,97,3199.412
shp_3_20,50.035465,22.669819,98,3268.97
shp_3_20,50.035854,22.669788,99,3312.227
shp_3_20,50.036331,22.669878,100,3365.624
shp_3_20,50.036339,22.670002,101,3374.488
shp_3_20,50.036499,22.670462,102,3411.984
shp_3_20,50.036552,22.670639,103,3425.929
shp_3_20,50.036774,22.671089,104,3466.561
shp_3_20,50.036774,22.671089,105,3466.561
shp_3_20,50.037209,22.671963,106,3545.506
shp_3_20,50.037426,22.672441,107,3587.33
shp_3_20,50.037735,22.673193,108,3651.135
shp_3_20,50.0378,22.673323,109,3662.974
shp_3_20,50.038525,22.672937,110,3748.281
shp_3_20,50.03862,22.672882,111,3759.517
shp_3_20,50.03862,22.672882,112,3759.517
shp_3_20,50.039116,22.672586,113,3818.817
shp_3_20,50.039467,22.672491,114,3858.226
shp_3_20,50.039959,22.67214,115,3918.715
shp_3_20,50.040398,22.671492,116,3985.979
shp_3_20,50.040749,22.67095,117,4040.848
shp_3_20,50.04092,22.670748,118,4065.057
shp_3_20,50.0411,22.67062,119,4086.794
shp_3_20,50.041302,22.670513,120,4110.567
shp_3_20,50.04142,22.67046,121,4124.346
shp_3_20,50.041729,22.670345,122,4159.836
shp_3_20,50.041939,22.670338,123,4183.143
shp_3_20,50.042202,22.670408,124,4212.648
shp_3_20,50.04258,22.670586,125,4256.517
shp_3_20,50.042812,22.670713,126,4284.124
shp_3_20,50.04314,22.67087,127,4322.304
shp_3_20,50.045071,22.671261,128,4538.952
shp_3_20,50.045971,22.670971,129,4641.262
shp_3_20,50.046398,22.670666,130,4693.684
shp_3_20,50.046398,22.670666,131,4693.684
shp_3_20,50.046711,22.670444,132,4731.791
shp_3_20,50.047256,22.670034,133,4799.271
shp_3_20,50.047398,22.669964,134,4815.758
shp_3_20,50.047569,22.669956,135,4834.766
shp_3_20,50.048,22.669983,136,4882.925
shp_3_20,50.048149,22.669916,137,4900.355
shp_3_20,50.048607,22.669495,138,4959.242
shp_3_20,50.049339,22.668795,139,5054.966
shp_3_20,50.050816,22.667437,140,5245.964
shp_3_20,50.051445,22.667053,141,5320.995
shp_3_20,50.052116,22.666838,142,5397.369
shp_3_20,50.05434,22.665751,143,5656.963
shp_3_20,50.057529,22.665382,144,6013.184
shp_3_20,50.057529,22.665382,145,6013.184
shp_3_20,50.061199,22.664921,146,6422.886
shp_3_20,50.063107,22.664673,147,6635.928
shp_3_20,50.063469,22.664635,148,6676.439
shp_3_20,50.063625,22.664587,149,6694.101
shp_3_20,50.063816,22.664463,150,6716.994
shp_3_20,50.064014,22.664265,151,6743.21
shp_3_20,50.064663,22.66353,152,6832.64
shp_3_20,50.064861,22.663382,153,6857.173
shp_3_20,50.065083,22.663326,154,6881.857
shp_3_20,50.06543,22.663301,155,6920.849
shp_3_20,50.06543,22.663301,156,6920.849
shp_3_20,50.065758,22.66328,157,6957.048
shp_3_20,50.066055,22.663193,158,6990.754
shp_3_20,50.068439,22.660139,159,7334.477
shp_3_20,50.068668,22.659681,160,7375.806
shp_3_20,50.068829,22.659201,161,7414.741
shp_3_20,50.068916,22.658873,162,7439.991
shp_3_20,50.068916,22.658873,163,7439.991
shp_3_20,50.069153,22.658031,164,7505.679
shp_3_20,50.069283,22.657652,165,7536.367
shp_3_20,50.069412,22.657423,166,7558.035
shp_3_20,50.069595,22.657221,167,7583.295
shp_3_20,50.07098,22.655981,168,7760.926
shp_3_20,50.071068,22.655817,169,7776.194
shp_3_20,50.07148,22.654755,170,7864.921
shp_3_20,50.071537,22.654692,171,7872.699
shp_3_20,50.071732,22.655043,172,7906.014
shp_3_20,50.071732,22.655043,173,7906.014
shp_3_20,50.072071,22.655647,174,7963.09
shp_3_20,50.072155,22.655737,175,7974.451
shp_3_20,50.07225,22.655758,176,7985.264
shp_3_20,50.072582,22.655584,177,8024.483
shp_3_20,50.072842,22.655434,178,8055.089
shp_3_20,50.073238,22.655075,179,8106.01
shp_3_20,50.073463,22.65489,180,8134.422
shp_3_20,50.073669,22.654776,181,8158.694
shp_3_20,50.074078,22.65468,182,8204.73
shp_3_20,50.074635,22.654661,183,8266.781
shp_3_20,50.075092,22.654718,184,8317.899
shp_3_20,50.075348,22.654762,185,8346.58
shp_3_20,50.075768,22.654924,186,8394.678
shp_3_20,50.076,22.654976,187,8420.945
shp_3_20,50.07618,22.654964,188,8440.942
shp_3_20,50.077152,22.654728,189,8550.492
shp_3_20,50.077152,22.654728,190,8550.492
shp_3_20,50.077381,22.654673,191,8576.259
shp_3_20,50.077869,22.654564,192,8631.163
shp_3_20,50.078003,22.654572,193,8645.911
shp_3_20,50.078163,22.654633,194,8664.213
shp_3_20,50.078358,22.654743,195,8687.227
shp_3_20,50.07872,22.655081,196,8734.36
shp_3_20,50.079021,22.65523,197,8769.434
shp_3_20,50.08112,22.655291,198,9003.244
shp_3_20,50.082672,22.655897,199,9181.6
shp_3_20,50.082924,22.655909,200,9209.264
shp_3_20,50.083317,22.655807,201,9253.68
shp_3_20,50.083618,22.655704,202,9287.948
shp_3_20,50.083618,22.655704,203,9287.948
shp_3_20,50.084522,22.655422,204,9390.603
shp_3_20,50.084873,22.655333,205,9430.512
shp_3_20,50.085167,22.655346,206,9463.03
shp_3_20,50.089172,22.656343,207,9914.759
shp_3_20,50.089172,22.656343,208,9914.759
shp_3_20,50.089367,22.656391,209,9936.433
shp_3_20,50.089771,22.656397,210,9981.664
shp_3_20,50.090836,22.656183,211,10101.003
shp_3_20,50.091354,22.656048,212,10159.622
shp_3_20,50.096214,22.655014,213,10705.57
shp_3_20,50.096725,22.654915,214,10762.96
shp_3_20,50.097462,22.654705,215,10846.033
shp_3_20,50.098682,22.654131,216,10987.987
shp_3_20,50.098682,22.654131,217,10987.987
shp_3_20,50.098965,22.653997,218,11021.033
shp_3_20,50.101791,22.65246,219,11354.132
shp_3_20,50.102097,22.652239,220,11391.916
shp_3_20,50.102589,22.650921,221,11500.809
shp_3_20,50.10268,22.650709,222,11518.97
shp_3_20,50.10268,22.650709,223,11518.97
shp_3_20,50.102749,22.650558,224,11532.067
shp_3_20,50.102947,22.650335,225,11559.225
shp_3_20,50.103321,22.650047,226,11605.862
shp_3_20,50.104023,22.649441,227,11695.008
shp_3_20,50.105549,22.647869,228,11898.77
shp_3_20,50.106228,22.647484,229,11979.167
shp_3_21,50.012779,22.683407,1,0.0
shp_3_21,50.01263,22.682936,2,37.583
shp_3_21,50.012077,22.681353,3,166.457
shp_3_21,50.011887,22.680376,4,239.606
shp_3_21,50.011551,22.678503,5,378.686
shp_3_21,50.011616,22.678391,6,389.376
shp_3_21,50.011642,22.678303,7,396.368
shp_3_21,50.011688,22.678085,8,412.708
shp_3_21,50.011688,22.678085,9,412.708
shp_3_21,50.01178,22.677666,10,444.432
shp_3_21,50.01181,22.677582,11,451.491
shp_3_21,50.011848,22.677528,12,457.024
shp_3_21,50.012077,22.677618,13,483.468
shp_3_21,50.012295,22.677717,14,508.48
shp_3_21,50.013084,22.678049,15,599.712
shp_3_21,50.013489,22.678198,16,645.834
shp_3_21,50.013699,22.678223,17,669.161
shp_3_21,50.013897,22.678228,18,691.239
shp_3_21,50.014256,22.678135,19,731.724
shp_3_21,50.014256,22.678135,20,731.724
shp_3_21,50.015934,22.67767,21,921.545
shp_3_21,50.01606,22.677696,22,935.941
shp_3_21,50.016212,22.677715,23,953.002
shp_3_21,50.016792,22.67754,24,1018.611
shp_3_21,50.017632,22.677242,25,1114.553
shp_3_21,50.017872,22.677166,26,1141.862
shp_3_21,50.017872,22.677166,27,1141.862
shp_3_21,50.018776,22.676867,28,1244.454
shp_3_21,50.02018,22.67638,29,1404.549
shp_3_21,50.020405,22.676281,30,1430.941
shp_3_21,50.023121,22.674553,31,1757.3
shp_3_21,50.023121,22.674553,32,1757.3
shp_3_21,50.02319,22.674511,33,1765.409
shp_3_21,50.023365,22.674473,34,1785.133
shp_3_21,50.023384,22.674511,35,1788.605
shp_3_21,50.023438,22.674555,36,1795.456
shp_3_21,50.023468,22.674557,37,1798.921
shp_3_21,50.023499,22.674545,38,1802.395
shp_3_21,50.023525,22.67452,39,1805.851
shp_3_21,50.023548,22.674486,40,1809.317
shp_3_21,50.02356,22.674442,41,1812.781
shp_3_21,50.023567,22.674381,42,1817.22
shp_3_21,50.023727,22.674189,43,1839.95
shp_3_21,50.023823,22.674118,44,1851.58
shp_3_21,50.023899,22.674036,45,1862.003
shp_3_21,50.024326,22.673418,46,1926.789
shp_3_21,50.024597,22.673077,47,1965.623
shp_3_21,50.024746,22.672962,48,1983.922
shp_3_21,50.024899,22.672905,49,2001.605
shp_3_21,50.025154,22.67288,50,2029.956
shp_3_21,50.026272,22.672892,51,2154.547
shp_3_21,50.02644,22.672911,52,2173.447
shp_3_21,50.026821,22.672993,53,2216.008
shp_3_21,50.026951,22.672955,54,2230.802
shp_3_21,50.027073,22.672884,55,2245.384
shp_3_21,50.027805,22.672359,56,2334.978
shp_3_21,50.027805,22.672359,57,2334.978
shp_3_21,50.028542,22.671806,58,2425.842
shp_3_21,50.028847,22.671549,59,2464.859
shp_3_21,50.028996,22.671452,60,2482.478
shp_3_21,50.029099,22.671398,61,2494.71
shp_3_21,50.029598,22.671186,62,2552.416
shp_3_21,50.029728,22.671118,63,2567.665
shp_3_21,50.029858,22.671024,64,2583.665
shp_3_21,50.030029,22.670868,65,2605.762
shp_3_21,50.030525,22.670389,66,2670.703
shp_3_21,50.030594,22.670332,67,2679.193
shp_3_21,50.030678,22.670269,68,2689.923
shp_3_21,50.030746,22.670227,69,2698.008
shp_3_21,50.030823,22.670197,70,2706.576
shp_3_21,50.030945,22.670164,71,2720.508
shp_3_21,50.03104,22.670143,72,2731.035
shp_3_21,50.031574,22.670053,73,2791.026
shp_3_21,50.031662,22.670015,74,2801.156
shp_3_21,50.031746,22.669952,75,2811.584
shp_3_21,50.031845,22.669834,76,2825.587
shp_3_21,50.031887,22.669769,77,2831.906
shp_3_21,50.032074,22.669333,78,2869.543
shp_3_21,50.032139,22.669226,79,2879.962
shp_3_21,50.032181,22.669172,80,2885.948
shp_3_21,50.032265,22.669088,81,2896.947
shp_3_21,50.032307,22.669062,82,2902.269
shp_3_21,50.032398,22.669024,83,2912.815
shp_3_21,50.032467,22.669006,84,2920.556
shp_3_21,50.032555,22.668997,85,2930.162
shp_3_21,50.032986,22.669024,86,2978.168
shp_3_21,50.033085,22.669043,87,2989.536
shp_3_21,50.033226,22.669083,88,3005.373
shp_3_21,50.03344,22.669182,89,3030.156
shp_3_21,50.03363,22.669304,90,3053.272
shp_3_21,50.033752,22.669395,91,3068.092
shp_3_21,50.034172,22.669764,92,3121.78
shp_3_21,50.034306,22.669859,93,3138.219
shp_3_21,50.034466,22.669935,94,3156.847
shp_3_21,50.034573,22.66996,95,3169.052
shp_3_21,50.034725,22.66997,96,3186.061
shp_3_21,50.034847,22.66995,97,3199.412
shp_3_21,50.035465,22.669819,98,3268.97
shp_3_21,50.035854,22.669788,99,3312.227
shp_3_21,50.036331,22.669878,100,3365.624
shp_3_21,50.036339,22.670002,101,3374.488
shp_3_21,50.036499,22.670462,102,3411.984
shp_3_21,50.036552,22.670639,103,3425.929
shp_3_21,50.036774,22.671089,104,3466.561
shp_3_21,50.036774,22.671089,105,3466.561
shp_3_21,50.037209,22.671963,106,3545.506
shp_3_21,50.037426,22.672441,107,3587.33
shp_3_21,50.037735,22.673193,108,3651.135
shp_3_21,50.0378,22.673323,109,3662.974
shp_3_21,50.037533,22.673761,110,3706.133
shp_3_21,50.037415,22.67399,111,3727.12
shp_3_21,50.037315,22.674232,112,3747.778
shp_3_21,50.037159,22.674738,113,3787.803
shp_3_21,50.037167,22.674919,114,3800.884
shp_3_21,50.037338,22.675161,115,3826.567
shp_3_21,50.038242,22.675396,116,3928.635
shp_3_21,50.039036,22.675858,117,4022.781
shp_3_21,50.039444,22.676256,118,4076.551
shp_3_21,50.039585,22.676378,119,4094.419
shp_3_21,50.039585,22.676378,120,4094.419
shp_3_21,50.039848,22.676601,121,4127.741
shp_3_21,50.04039,22.677027,122,4195.372
shp_3_21,50.040733,22.677134,123,4234.489
shp_3_21,50.041031,22.677166,124,4267.761
shp_3_21,50.041428,22.677124,125,4311.802
shp_3_21,50.041611,22.677126,126,4332.329
shp_3_21,50.041611,22.677126,127,4332.329
shp_3_21,50.041882,22.67713,128,4362.51
shp_3_21,50.042397,22.67724,129,4420.247
shp_3_21,50.042725,22.677418,130,4458.838
shp_3_21,50.043003,22.677803,131,4500.416
shp_3_21,50.043427,22.678789,132,4585.074
shp_3_21,50.043976,22.680134,133,4699.018
shp_3_21,50.044445,22.68049,134,4757.362
shp_3_21,50.044724,22.680634,135,4789.843
shp_3_21,50.044724,22.680634,136,4789.843
shp_3_21,50.046753,22.681679,137,5027.974
shp_3_21,50.046894,22.681746,138,5044.129
shp_3_21,50.047337,22.6819,139,5094.631
shp_3_21,50.047623,22.681768,140,5127.956
shp_3_21,50.048504,22.680754,141,5250.138
shp_3_21,50.048534,22.680735,142,5253.51
shp_3_21,50.048534,22.680735,143,5253.51
shp_3_21,50.049171,22.680307,144,5330.862
shp_3_21,50.049397,22.679848,145,5372.059
shp_3_21,50.050007,22.67808,146,5515.515
shp_3_21,50.050312,22.677076,147,5595.083
shp_3_21,50.050678,22.676508,148,5652.45
shp_3_21,50.051483,22.676062,149,5747.705
shp_3_21,50.052269,22.675787,150,5837.23
shp_3_21,50.052929,22.675798,151,5910.783
shp_3_21,50.053341,22.676062,152,5960.118
shp_3_21,50.05394,22.676645,153,6038.854
shp_3_21,50.054478,22.6772,154,6110.844
shp_3_21,50.054749,22.677507,155,6147.999
shp_3_21,50.054916,22.677715,156,6171.794
shp_3_21,50.055069,22.677942,157,6195.462
shp_3_21,50.055069,22.677942,158,6195.462
shp_3_21,50.055393,22.678411,159,6244.556
shp_3_21,50.055965,22.678883,160,6316.729
shp_3_21,50.056374,22.679239,161,6368.815
shp_3_21,50.056927,22.679914,162,6447.131
shp_3_21,50.057106,22.680222,163,6476.662
shp_3_21,50.057144,22.680342,164,6486.252
shp_3_21,50.05735,22.681225,165,6553.332
shp_3_21,50.057503,22.681845,166,6600.937
shp_3_21,50.057899,22.682127,167,6649.341
shp_3_21,50.058342,22.682575,168,6708.051
shp_3_21,50.05867,22.68298,169,6754.731
shp_3_21,50.059025,22.683355,170,6802.395
shp_3_21,50.059101,22.683395,171,6811.301
shp_3_21,50.059101,22.683395,172,6811.301
shp_3_21,50.060528,22.68416,173,6979.375
shp_3_21,50.061447,22.684866,174,7093.528
shp_3_21,50.06237,22.685322,175,7201.379
shp_3_21,50.062714,22.685448,176,7240.302
shp_3_21,50.063213,22.685268,177,7297.664
shp_3_21,50.063251,22.68527,178,7301.928
shp_3_23,50.012779,22.683407,1,0.0
shp_3_23,50.01263,22.682936,2,37.583
shp_3_23,50.012077,22.681353,3,166.457
shp_3_23,50.011887,22.680376,4,239.606
shp_3_23,50.011551,22.678503,5,378.686
shp_3_23,50.011616,22.678391,6,389.376
shp_3_23,50.011642,22.678303,7,396.368
shp_3_23,50.011688,22.678085,8,412.708
shp_3_23,50.011688,22.678085,9,412.708
shp_3_23,50.01178,22.677666,10,444.432
shp_3_23,50.01181,22.677582,11,451.491
shp_3_23,50.011848,22.677528,12,457.024
shp_3_23,50.012077,22.677618,13,483.468
shp_3_23,50.012295,22.677717,14,508.48
shp_3_23,50.013084,22.678049,15,599.712
shp_3_23,50.013489,22.678198,16,645.834
shp_3_23,50.013699,22.678223,17,669.161
shp_3_23,50.013897,22.678228,18,691.239
shp_3_23,50.014256,22.678135,19,731.724
shp_3_23,50.014256,22.678135,20,731.724
shp_3_23,50.015934,22.67767,21,921.545
shp_3_23,50.01606,22.677696,22,935.941
shp_3_23,50.016212,22.677715,23,953.002
shp_3_23,50.016792,22.67754,24,1018.611
shp_3_23,50.017632,22.677242,25,1114.553
shp_3_23,50.017872,22.677166,26,1141.862
shp_3_23,50.017872,22.677166,27,1141.862
shp_3_23,50.018776,22.676867,28,1244.454
shp_3_23,50.02018,22.67638,29,1404.549
shp_3_23,50.020405,22.676281,30,1430.941
shp_3_23,50.023121,22.674553,31,1757.3
shp_3_23,50.023121,22.674553,32,1757.3
shp_3_23,50.02319,22.674511,33,1765.409
shp_3_23,50.023365,22.674473,34,1785.133
shp_3_23,50.023384,22.674511,35,1788.605
shp_3_23,50.023438,22.674555,36,1795.456
shp_3_23,50.023468,22.674557,37,1798.921
shp_3_23,50.023499,22.674545,38,1802.395
shp_3_23,50.023525,22.67452,39,1805.851
shp_3_23,50.023548,22.674486,40,1809.317
shp_3_23,50.02356,22.674442,41,1812.781
shp_3_23,50.023567,22.674381,42,1817.22
shp_3_23,50.023727,22.674189,43,1839.95
shp_3_23,50.023823,22.674118,44,1851.58
shp_3_23,50.023899,22.674036,45,1862.003
shp_3_23,50.024326,22.673418,46,1926.789
shp_3_23,50.024597,22.673077,47,1965.623
shp_3_23,50.024746,22.672962,48,1983.922
shp_3_23,50.024899,22.672905,49,2001.605
shp_3_23,50.025154,22.67288,50,2029.956
shp_3_23,50.026272,22.672892,51,2154.547
shp_3_23,50.02644,22.672911,52,2173.447
shp_3_23,50.026821,22.672993,53,2216.008
shp_3_23,50.026951,22.672955,54,2230.802
shp_3_23,50.027073,22.672884,55,2245.384
shp_3_23,50.027805,22.672359,56,2334.978
shp_3_23,50.027805,22.672359,57,2334.978
shp_3_23,50.028542,22.671806,58,2425.842
shp_3_23,50.028847,22.671549,59,2464.859
shp_3_23,50.028996,22.671452,60,2482.478
shp_3_23,50.029099,22.671398,61,2494.71
shp_3_23,50.029598,22.671186,62,2552.416
shp_3_23,50.029728,22.671118,63,2567.665
shp_3_23,50.029858,22.671024,64,2583.665
shp_3_23,50.030029,22.670868,65,2605.762
shp_3_23,50.030525,22.670389,66,2670.703
shp_3_23,50.030594,22.670332,67,2679.193
shp_3_23,50.030678,22.670269,68,2689.923
shp_3_23,50.030746,22.670227,69,2698.008
shp_3_23,50.030823,22.670197,70,2706.576
shp_3_23,50.030945,22.670164,71,2720.508
shp_3_23,50.03104,22.670143,72,2731.035
shp_3_23,50.031574,22.670053,73,2791.026
shp_3_23,50.031662,22.670015,74,2801.156
shp_3_23,50.031746,22.669952,75,2811.584
shp_3_23,50.031845,22.669834,76,2825.587
shp_3_23,50.031887,22.669769,77,2831.906
shp_3_23,50.032074,22.669333,78,2869.543
shp_3_23,50.032139,22.669226,79,2879.962
shp_3_23,50.032181,22.669172,80,2885.948
shp_3_23,50.032265,22.669088,81,2896.947
shp_3_23,50.032307,22.669062,82,2902.269
shp_3_23,50.032398,22.669024,83,2912.815
shp_3_23,50.032467,22.669006,84,2920.556
shp_3_23,50.032555,22.668997,85,2930.162
shp_3_23,50.032986,22.669024,86,2978.168
shp_3_23,50.033085,22.669043,87,2989.536
shp_3_23,50.033226,22.669083,88,3005.373
shp_3_23,50.03344,22.669182,89,3030.156
shp_3_23,50.03363,22.669304,90,3053.272
shp_3_23,50.033752,22.669395,91,3068.092
shp_3_23,50.034172,22.669764,92,3121.78
shp_3_23,50.034306,22.669859,93,3138.219
shp_3_23,50.034466,22.669935,94,3156.847
shp_3_23,50.034573,22.66996,95,3169.052
shp_3_23,50.034725,22.66997,96,3186.061
shp_3_23,50.034847,22.66995,97,3199.412
shp_3_23,50.035465,22.669819,98,3268.97
shp_3_23,50.035854,22.669788,99,3312.227
shp_3_23,50.036331,22.669878,100,3365.624
shp_3_23,50.036339,22.670002,101,3374.488
shp_3_23,50.036499,22.670462,102,3411.984
shp_3_23,50.036552,22.670639,103,3425.929
shp_3_23,50.036774,22.671089,104,3466.561
shp_3_23,50.036774,22.671089,105,3466.561
shp_3_23,50.037209,22.671963,106,3545.506
shp_3_23,50.037426,22.672441,107,3587.33
shp_3_23,50.037735,22.673193,108,3651.135
shp_3_23,50.0378,22.673323,109,3662.974
shp_3_23,50.038525,22.672937,110,3748.281
shp_3_23,50.03862,22.672882,111,3759.517
shp_3_23,50.03862,22.672882,112,3759.517
shp_3_23,50.039116,22.672586,113,3818.817
shp_3_23,50.039467,22.672491,114,3858.226
shp_3_23,50.039959,22.67214,115,3918.715
shp_3_23,50.040398,22.671492,116,3985.979
shp_3_23,50.040749,22.67095,117,4040.848
shp_3_23,50.04092,22.670748,118,4065.057
shp_3_23,50.0411,22.67062,119,4086.794
shp_3_23,50.041302,22.670513,120,4110.567
shp_3_23,50.04142,22.67046,121,4124.346
shp_3_23,50.041729,22.670345,122,4159.836
shp_3_23,50.041939,22.670338,123,4183.143
shp_3_23,50.042202,22.670408,124,4212.648
shp_3_23,50.04258,22.670586,125,4256.517
shp_3_23,50.042812,22.670713,126,4284.124
shp_3_23,50.04314,22.67087,127,4322.304
shp_3_23,50.045071,22.671261,128,4538.952
shp_3_23,50.045971,22.670971,129,4641.262
shp_3_23,50.046398,22.670666,130,4693.684
shp_3_23,50.046398,22.670666,131,4693.684
shp_3_23,50.046711,22.670444,132,4731.791
shp_3_23,50.047256,22.670034,133,4799.271
shp_3_23,50.047398,22.669964,134,4815.758
shp_3_23,50.047569,22.669956,135,4834.766
shp_3_23,50.048,22.669983,136,4882.925
shp_3_23,50.048149,22.669916,137,4900.355
shp_3_23,50.048607,22.669495,138,4959.242
shp_3_23,50.049339,22.668795,139,5054.966
shp_3_23,50.050816,22.667437,140,5245.964
shp_3_23,50.051445,22.667053,141,5320.995
shp_3_23,50.052116,22.666838,142,5397.369
shp_3_23,50.05434,22.665751,143,5656.963
shp_3_23,50.057529,22.665382,144,6013.184
shp_3_23,50.057529,22.665382,145,6013.184
shp_3_23,50.061199,22.664921,146,6422.886
shp_3_23,50.063107,22.664673,147,6635.928
shp_3_23,50.063469,22.664635,148,6676.439
shp_3_23,50.063625,22.664587,149,6694.101
shp_3_23,50.063816,22.664463,150,6716.994
shp_3_23,50.064014,22.664265,151,6743.21
shp_3_23,50.064663,22.66353,152,6832.64
shp_3_23,50.064861,22.663382,153,6857.173
shp_3_23,50.065083,22.663326,154,6881.857
shp_3_23,50.06543,22.663301,155,6920.849
shp_3_23,50.06543,22.663301,156,6920.849
shp_3_23,50.065758,22.66328,157,6957.048
shp_3_23,50.066055,22.663193,158,6990.754
shp_3_23,50.068439,22.660139,159,7334.477
shp_3_23,50.068668,22.659681,160,7375.806
shp_3_23,50.068829,22.659201,161,7414.741
shp_3_23,50.068916,22.658873,162,7439.991
shp_3_23,50.068916,22.658873,163,7439.991
shp_3_23,50.069153,22.658031,164,7505.679
shp_3_23,50.069283,22.657652,165,7536.367
shp_3_23,50.069412,22.657423,166,7558.035
shp_3_23,50.069595,22.657221,167,7583.295
shp_3_23,50.07098,22.655981,168,7760.926
shp_3_23,50.071068,22.655817,169,7776.194
shp_3_23,50.07148,22.654755,170,7864.921
shp_3_23,50.071537,22.654692,171,7872.699
shp_3_23,50.071732,22.655043,172,7906.014
shp_3_23,50.071732,22.655043,173,7906.014
shp_3_23,50.072071,22.655647,174,7963.09
shp_3_23,50.072155,22.655737,175,7974.451
shp_3_23,50.07225,22.655758,176,7985.264
shp_3_23,50.072582,22.655584,177,8024.483
shp_3_23,50.072842,22.655434,178,8055.089
shp_3_23,50.073238,22.655075,179,8106.01
shp_3_23,50.073463,22.65489,180,8134.422
shp_3_23,50.073669,22.654776,181,8158.694
shp_3_23,50.074078,22.65468,182,8204.73
shp_3_23,50.074635,22.654661,183,8266.781
shp_3_23,50.075092,22.654718,184,8317.899
shp_3_23,50.075348,22.654762,185,8346.58
shp_3_23,50.075768,22.654924,186,8394.678
shp_3_23,50.076,22.654976,187,8420.945
shp_3_23,50.07618,22.654964,188,8440.942
shp_3_23,50.077152,22.654728,189,8550.492
shp_3_23,50.077152,22.654728,190,8550.492
shp_3_23,50.077381,22.654673,191,8576.259
shp_3_23,50.077869,22.654564,192,8631.163
shp_3_23,50.078003,22.654572,193,8645.911
shp_3_23,50.078163,22.654633,194,8664.213
shp_3_23,50.078358,22.654743,195,8687.227
shp_3_23,50.07872,22.655081,196,8734.36
shp_3_23,50.079021,22.65523,197,8769.434
shp_3_23,50.08112,22.655291,198,9003.244
shp_3_23,50.082672,22.655897,199,9181.6
shp_3_23,50.082924,22.655909,200,9209.264
shp_3_23,50.083317,22.655807,201,9253.68
shp_3_23,50.083618,22.655704,202,9287.948
shp_3_23,50.083618,22.655704,203,9287.948
shp_3_23,50.084522,22.655422,204,9390.603
shp_3_23,50.084873,22.655333,205,9430.512
shp_3_23,50.085167,22.655346,206,9463.03
shp_3_23,50.089172,22.656343,207,9914.759
shp_3_23,50.089172,22.656343,208,9914.759
shp_3_23,50.089367,22.656391,209,9936.433
shp_3_23,50.089771,22.656397,210,9981.664
shp_3_23,50.090836,22.656183,211,10101.003
shp_3_23,50.091354,22.656048,212,10159.622
shp_3_23,50.096214,22.655014,213,10705.57
shp_3_23,50.096725,22.654915,214,10762.96
shp_3_23,50.097462,22.654705,215,10846.033
shp_3_23,50.098682,22.654131,216,10987.987
shp_3_23,50.098682,22.654131,217,10987.987
shp_3_23,50.098965,22.653997,218,11021.033
shp_3_23,50.101791,22.65246,219,11354.132
shp_3_23,50.102097,22.652239,220,11391.916
shp_3_23,50.102589,22.650921,221,11500.809
shp_3_23,50.10268,22.650709,222,11518.97
shp_3_23,50.10268,22.650709,223,11518.97
shp_3_23,50.102749,22.650558,224,11532.067
shp_3_23,50.102947,22.650335,225,11559.225
shp_3_23,50.103321,22.650047,226,11605.862
shp_3_23,50.104023,22.649441,227,11695.008
shp_3_23,50.105549,22.647869,228,11898.77
shp_3_23,50.106228,22.647484,229,11979.167
shp_3_23,50.106228,22.647484,230,11979.167
shp_3_23,50.107162,22.646952,231,12089.776
shp_3_23,50.107544,22.646578,232,12139.875
shp_3_23,50.107861,22.646021,233,12193.083
shp_3_23,50.108505,22.644815,234,12305.078
shp_3_23,50.108795,22.644361,235,12350.926
shp_3_23,50.109203,22.644054,236,12401.314
shp_3_23,50.110111,22.643681,237,12505.749
shp_3_23,50.110374,22.643501,238,12537.67
shp_3_23,50.110626,22.643267,239,12570.571
shp_3_23,50.111183,22.642679,240,12645.188
shp_3_23,50.11158,22.642244,241,12699.328
shp_3_23,50.111824,22.641895,242,12736.071
shp_3_23,50.111927,22.641701,243,12754.321
shp_3_23,50.111927,22.641701,244,12754.321
shp_3_23,50.112091,22.641399,245,12782.292
shp_3_23,50.112751,22.640249,246,12892.613
shp_3_23,50.113457,22.639156,247,13003.304
shp_3_23,50.113659,22.638918,248,13031.576
shp_3_23,50.114403,22.638474,249,13120.195
shp_3_23,50.115284,22.638002,250,13223.827
shp_3_23,50.115864,22.637743,251,13291.199
shp_3_23,50.115864,22.637743,252,13291.199
shp_3_23,50.116219,22.637585,253,13331.998
shp_3_23,50.116982,22.637035,254,13425.472
shp_3_23,50.117844,22.636236,255,13537.332
shp_3_23,50.118843,22.635263,256,13668.568
shp_3_23,50.119057,22.635006,257,13698.362
shp_3_23,50.119514,22.634354,258,13767.492
shp_3_23,50.120014,22.633698,259,13840.038
shp_3_23,50.120129,22.633614,260,13854.188
shp_3_23,50.120129,22.633614,261,13854.188
shp_3_23,50.12149,22.63261,262,14021.927
shp_3_23,50.121834,22.63242,263,14062.598
shp_3_23,50.122578,22.632099,264,14148.311
shp_3_23,50.123421,22.631588,265,14249.035
shp_3_23,50.123753,22.63135,266,14289.665
shp_3_23,50.123936,22.631165,267,14313.931
shp_3_23,50.125076,22.629656,268,14480.697
shp_3_23,50.126148,22.628321,269,14633.449
shp_3_23,50.127472,22.626854,270,14813.993
shp_3_22,50.016804,22.680517,1,0.0
shp_3_22,50.016724,22.680325,2,16.475
shp_3_22,50.016586,22.679928,3,48.625
shp_3_22,50.016472,22.679508,4,81.257
shp_3_22,50.016304,22.678753,5,138.538
shp_3_22,50.016163,22.67798,6,195.883
shp_3_22,50.01598,22.676802,7,282.661
shp_3_22,50.0158,22.675743,8,360.93
shp_3_22,50.01561,22.674753,9,434.88
shp_3_22,50.015427,22.673674,10,514.648
shp_3_22,50.015427,22.673674,11,514.648
shp_3_22,50.014992,22.671064,12,707.559
shp_3_22,50.014977,22.670805,13,726.228
shp_3_22,50.014988,22.67054,14,745.195
shp_3_22,50.015018,22.670282,15,763.928
shp_3_22,50.015141,22.669886,16,795.34
shp_3_22,50.0154,22.669298,17,846.479
shp_3_22,50.015743,22.668489,18,915.627
shp_3_22,50.016197,22.667528,19,1001.048
shp_3_22,50.016197,22.667528,20,1001.048
shp_3_22,50.016735,22.666426,21,1100.052
shp_3_22,50.016876,22.666126,22,1126.431
shp_3_22,50.016991,22.665836,23,1150.864
shp_3_22,50.017166,22.66527,24,1195.91
shp_3_22,50.018444,22.660669,25,1554.409
shp_3_22,50.018547,22.660332,26,1581.205
shp_3_22,50.019272,22.657705,27,1785.487
shp_3_22,50.019272,22.657705,28,1785.487
shp_3_22,50.019688,22.656239,29,1900.251
shp_3_22,50.021431,22.649958,30,2389.562
shp_3_22,50.021561,22.649532,31,2423.205
shp_3_22,50.021904,22.648304,32,2519.056
shp_3_22,50.021904,22.648304,33,2519.056
shp_3_22,50.021999,22.647949,34,2546.553
shp_3_22,50.022106,22.647524,35,2579.222
shp_3_22,50.022263,22.646988,36,2621.371
shp_3_22,50.024021,22.640734,37,3109.627
shp_3_22,50.024021,22.640734,38,3109.627
shp_3_22,50.024509,22.63896,39,3247.633
shp_3_22,50.024635,22.638548,40,3280.179
shp_3_22,50.024807,22.638147,41,3314.763
shp_3_22,50.024872,22.638029,42,3325.811
shp_3_22,50.024914,22.638037,43,3330.364
shp_3_22,50.024952,22.638027,44,3334.916
shp_3_22,50.02499,22.638002,45,3339.479
shp_3_22,50.025024,22.637964,46,3344.034
shp_3_22,50.025047,22.637915,47,3348.584
shp_3_22,50.025066,22.637856,48,3353.145
shp_3_22,50.02507,22.637794,49,3357.562
shp_3_22,50.025066,22.637733,50,3361.979
shp_3_22,50.025051,22.637671,51,3366.828
shp_3_22,50.025028,22.637615,52,3371.68
shp_3_22,50.024986,22.637566,53,3377.51
shp_3_22,50.024937,22.637541,54,3383.345
shp_3_22,50.024864,22.63755,55,3391.125
shp_3_22,50.024803,22.637604,56,3398.906
shp_3_22,50.024765,22.637693,57,3406.687
shp_3_22,50.024731,22.637701,58,3410.539
shp_3_22,50.024654,22.637693,59,3418.954
shp_3_22,50.024422,22.637737,60,3444.905
shp_3_22,50.024353,22.637756,61,3452.769
shp_3_22,50.023884,22.637995,62,3507.827
shp_3_22,50.02158,22.6392,63,3778.1
shp_3_22,50.02158,22.6392,64,3778.1
shp_3_22,50.01899,22.640553,65,4082.33
shp_3_22,50.018417,22.640877,66,4150.087
shp_3_22,50.018417,22.640877,67,4150.087
shp_3_22,50.018253,22.640982,68,4170.072
shp_3_22,50.01498,22.643475,69,4575.656
shp_3_22,50.014729,22.643627,70,4605.766
shp_3_22,50.014706,22.64362,71,4608.367
shp_3_22,50.014664,22.643627,72,4612.792
shp_3_22,50.014648,22.643642,73,4615.121
shp_3_22,50.014633,22.643669,74,4617.703
shp_3_22,50.01458,22.643854,75,4632.167
shp_3_22,50.01453,22.643957,76,4641.356
shp_3_22,50.014515,22.644022,77,4646.386
shp_3_22,50.014511,22.644064,78,4649.263
shp_3_22,50.014523,22.644127,79,4654.005
shp_3_22,50.014557,22.644173,80,4658.807
shp_3_22,50.01461,22.644196,81,4665.102
shp_3_22,50.014629,22.644331,82,4675.091
shp_3_22,50.014671,22.644651,83,4698.471
shp_3_22,50.014687,22.645206,84,4738.1
shp_3_22,50.014687,22.645206,85,4738.1
shp_3_22,50.014706,22.645901,86,4787.857
shp_3_22,50.014774,22.645889,87,4795.414
shp_3_22,50.015419,22.645727,88,4868.11
shp_3_22,50.015568,22.645674,89,4885.245
shp_3_22,50.01572,22.645594,90,4902.94
shp_3_22,50.016041,22.645369,91,4942.044
shp_3_22,50.01656,22.645027,92,5004.653
shp_3_22,50.01656,22.645027,93,5004.653
shp_3_22,50.016041,22.645369,94,5067.262
shp_3_22,50.01572,22.645594,95,5106.365
shp_3_22,50.015568,22.645674,96,5124.061
shp_3_22,50.015419,22.645727,97,5141.195
shp_3_22,50.014774,22.645889,98,5213.892
shp_3_22,50.014706,22.645901,99,5221.448
shp_3_22,50.014671,22.644651,100,5310.834
shp_3_22,50.014698,22.644125,101,5348.623
shp_3_22,50.014725,22.643969,102,5360.258
shp_3_22,50.014778,22.643749,103,5376.991
shp_3_22,50.014759,22.643665,104,5383.294
shp_3_22,50.014729,22.643627,105,5387.855
shp_3_22,50.014706,22.64362,106,5390.457
shp_3_22,50.014664,22.643627,107,5394.881
shp_3_22,50.014648,22.643642,108,5397.21
shp_3_22,50.014633,22.643669,109,5399.792
shp_3_22,50.01458,22.643854,110,5414.256
shp_3_22,50.01453,22.643957,111,5423.446
shp_3_22,50.014515,22.644022,112,5428.476
shp_3_22,50.014427,22.644161,113,5442.354
shp_3_22,50.014301,22.644455,114,5467.62
shp_3_22,50.014221,22.644615,115,5481.937
shp_3_22,50.014221,22.644615,116,5481.937
shp_3_22,50.012066,22.649002,117,5877.191
shp_3_22,50.012066,22.649002,118,5877.191
shp_3_22,50.011715,22.649712,119,5941.093
shp_3_22,50.009987,22.652901,120,6239.441
shp_3_22,50.009724,22.653231,121,6277.103
shp_3_22,50.009445,22.653519,122,6314.425
shp_3_22,50.008827,22.653839,123,6387.067
shp_3_22,50.008694,22.653946,124,6403.538
shp_3_22,50.008583,22.654053,125,6418.269
shp_3_22,50.008461,22.654194,126,6435.103
shp_3_22,50.008331,22.654396,127,6455.482
shp_3_22,50.008217,22.654619,128,6475.97
shp_3_22,50.008022,22.65493,129,6506.998
shp_3_22,50.007862,22.655142,130,6530.276
shp_3_22,50.007721,22.655298,131,6549.664
shp_3_22,50.00716,22.655863,132,6623.958
shp_3_22,50.00705,22.656038,133,6641.666
shp_3_22,50.006977,22.656191,134,6655.115
shp_3_22,50.006924,22.656347,135,6667.864
shp_3_22,50.00687,22.656557,136,6683.981
shp_3_22,50.006832,22.656826,137,6703.738
shp_3_22,50.006802,22.657124,138,6725.343
shp_3_22,50.006775,22.657202,139,6731.548
shp_3_22,50.006748,22.657351,140,6742.634
shp_3_22,50.006668,22.657572,141,6760.67
shp_3_22,50.006645,22.657593,142,6763.713
shp_3_22,50.006603,22.657661,143,6770.333
shp_3_22,50.006584,22.657749,144,6776.945
shp_3_22,50.006592,22.65785,145,6784.264
shp_3_22,50.006626,22.65794,146,6791.588
shp_3_22,50.006615,22.658171,147,6808.167
shp_3_22,50.006577,22.658474,148,6830.176
shp_3_22,50.006153,22.660351,149,6972.646
shp_3_22,50.00584,22.661087,150,7035.736
shp_3_22,50.00584,22.661087,151,7035.736
shp_3_22,50.00528,22.662447,152,7151.265
shp_3_22,50.004997,22.663052,153,7204.915
shp_3_22,50.004173,22.664415,154,7338.841
shp_3_22,50.004036,22.664623,155,7359.956
shp_3_22,50.004036,22.664623,156,7359.956
shp_3_22,50.003704,22.665138,157,7412.264
shp_3_22,50.003147,22.666075,158,7503.362
shp_3_22,50.003006,22.666283,159,7525.157
shp_3_22,50.002728,22.666754,160,7570.986
shp_3_22,50.002419,22.667406,161,7628.994
shp_3_22,50.001812,22.668898,162,7755.406
shp_3_22,50.001812,22.668898,163,7755.406
shp_3_22,50.001366,22.669992,164,7848.165
shp_3_22,50.001057,22.670683,165,7908.092
shp_3_22,50.000679,22.671452,166,7977.488
shp_3_22,50.000622,22.671537,167,7986.342
shp_3_22,50.000526,22.671761,168,8005.516
shp_3_22,50.000496,22.671772,169,8008.765
shp_3_22,50.000458,22.671806,170,8013.743
shp_3_22,50.000427,22.671856,171,8018.729
shp_3_22,50.000408,22.671919,172,8023.714
shp_3_22,50.000401,22.671993,173,8029.121
shp_3_22,50.000404,22.672068,174,8034.528
shp_3_22,50.000431,22.67214,175,8040.396
shp_3_22,50.000469,22.672197,176,8046.266
shp_3_22,50.000519,22.672228,177,8052.14
shp_3_22,50.000553,22.672235,178,8056.106
shp_3_22,50.000587,22.672228,179,8060.086
shp_3_22,50.000622,22.672209,180,8064.05
shp_3_22,50.000668,22.672155,181,8070.407
shp_3_22,50.000725,22.672129,182,8077.169
shp_3_22,50.000824,22.672131,183,8087.946
shp_3_22,50.000889,22.672123,184,8095.141
shp_3_22,50.001038,22.672186,185,8112.567
shp_3_22,50.001217,22.672287,186,8133.866
shp_3_22,50.001373,22.672417,187,8153.565
shp_3_22,50.001732,22.672766,188,8200.514
shp_3_22,50.001732,22.672766,189,8200.514
shp_3_22,50.003181,22.674179,190,8391.174
shp_3_22,50.003407,22.674366,191,8419.323
shp_3_22,50.003597,22.674475,192,8442.125
shp_3_22,50.004066,22.674671,193,8496.086
shp_3_22,50.006359,22.675583,194,8759.535
shp_3_22,50.006771,22.675755,195,8806.911
shp_3_22,50.007214,22.675966,196,8858.517
shp_3_22,50.007664,22.676157,197,8910.534
shp_3_22,50.007664,22.676157,198,8910.534
shp_3_22,50.008381,22.676462,199,8993.394
shp_3_22,50.008522,22.676487,200,9008.809
shp_3_22,50.008629,22.676487,201,9020.82
shp_3_22,50.008785,22.67642,202,9038.948
shp_3_22,50.008846,22.676373,203,9046.618
shp_3_22,50.008972,22.67625,204,9063.167
shp_3_22,50.00909,22.676067,205,9081.489
shp_3_22,50.00914,22.675945,206,9091.979
shp_3_22,50.009445,22.674879,207,9175.531
shp_3_22,50.009548,22.67465,208,9195.525
shp_3_22,50.009644,22.674528,209,9209.007
shp_3_22,50.009758,22.6744,210,9224.733
shp_3_22,50.010086,22.674242,211,9263.147
shp_3_22,50.010368,22.67412,212,9295.588
shp_3_22,50.010368,22.67412,213,9295.588
shp_3_22,50.010555,22.674051,214,9316.938
shp_3_22,50.010647,22.674047,215,9327.297
shp_3_22,50.010792,22.674095,216,9343.963
shp_3_22,50.010902,22.674221,217,9358.952
shp_3_22,50.011005,22.67429,218,9371.672
shp_3_22,50.011295,22.674385,219,9404.485
shp_3_22,50.011486,22.674465,220,9426.695
shp_3_22,50.011585,22.674593,221,9440.881
shp_3_22,50.011627,22.674669,222,9448.09
shp_3_22,50.011662,22.674767,223,9456.15
shp_3_22,50.011921,22.676048,224,9552.15
shp_3_22,50.012016,22.676472,225,9584.366
shp_3_22,50.012081,22.676617,226,9596.873
shp_3_22,50.012188,22.677195,227,9639.916
shp_3_22,50.012169,22.677332,228,9650.062
shp_3_22,50.012173,22.677383,229,9653.674
shp_3_22,50.012165,22.67745,230,9658.607
shp_3_22,50.012077,22.677618,231,9673.934
shp_3_22,50.011848,22.677528,232,9700.377
shp_3_22,50.011574,22.677437,233,9731.785
shp_3_22,50.011505,22.677443,234,9739.28
shp_3_22,50.011459,22.677475,235,9744.83
shp_3_22,50.011425,22.677544,236,9751.018
shp_3_22,50.011406,22.67762,237,9756.845
shp_3_22,50.01141,22.67771,238,9763.206
shp_3_22,50.01144,22.67787,239,9775.203
shp_3_22,50.01144,22.67787,240,9775.203
shp_3_22,50.011887,22.680376,241,9961.169
shp_3_22,50.012077,22.681353,242,10034.318
shp_3_22,50.01263,22.682936,243,10163.192
shp_3_22,50.012951,22.683949,244,10243.856
shp_3_22,50.012951,22.683949,245,10243.856
shp_3_22,50.013206,22.684784,246,10310.105
shp_3_22,50.013573,22.685844,247,10396.257
shp_3_22,50.014248,22.68791,248,10561.937
shp_3_22,50.014595,22.688906,249,10643.085
shp_3_22,50.015026,22.689936,250,10730.803
shp_3_22,50.015072,22.690109,251,10744.458
shp_3_22,50.015091,22.69022,252,10752.586
shp_3_22,50.015095,22.690329,253,10760.38
shp_3_22,50.014866,22.690819,254,10803.703
shp_3_22,50.014763,22.691057,255,10824.16
shp_3_22,50.014473,22.691687,256,10879.549
shp_3_22,50.014473,22.691687,257,10879.549
shp_3_22,50.013351,22.694134,258,11094.641
shp_3_22,50.012463,22.695618,259,11239.786
shp_3_22,50.010162,22.699406,260,11612.646
shp_3_22,50.010162,22.699406,261,11612.646
shp_3_22,50.00956,22.700415,262,11711.247
shp_3_22,50.008327,22.702946,263,11938.327
shp_3_22,50.006718,22.706289,264,12237.339
shp_3_22,50.006332,22.707127,265,12310.897
shp_3_22,50.005955,22.707909,266,12380.994
shp_3_22,50.005955,22.707909,267,12380.994
shp_3_22,50.00536,22.70915,268,12491.73
shp_3_22,50.004601,22.710709,269,12631.559
shp_3_22,50.004219,22.711521,270,12703.759
shp_3_22,50.004169,22.711546,271,12709.31
shp_3_22,50.003906,22.712061,272,12756.372
shp_3_22,50.00386,22.712168,273,12765.608
shp_3_22,50.003826,22.712158,274,12769.305
shp_3_22,50.003796,22.712164,275,12773.011
shp_3_22,50.003765,22.712183,276,12776.705
shp_3_22,50.003738,22.712215,277,12780.404
shp_3_22,50.003708,22.712296,278,12786.96
shp_3_22,50.003708,22.71236,279,12791.537
shp_3_22,50.003716,22.71241,280,12795.263
shp_3_22,50.00359,22.712648,281,12817.263
shp_3_22,50.003559,22.712748,282,12825.199
shp_3_22,50.003468,22.712915,283,12840.822
shp_3_22,50.003323,22.713213,284,12867.525
shp_3_22,50.003143,22.713715,285,12908.538
shp_3_22,50.002972,22.714098,286,12941.957
shp_3_22,50.002659,22.714745,287,12999.798
shp_3_22,50.002659,22.714745,288,12999.798
shp_3_22,50.000984,22.718224,289,13310.857
shp_3_22,50.000355,22.719498,290,13426.009
shp_3_22,50.00024,22.719309,291,13444.562
shp_3_22,49.999928,22.718504,292,13511.91
shp_3_22,49.99984,22.718456,293,13522.286
shp_3_22,49.999741,22.718493,294,13533.846
shp_3_22,49.999542,22.718731,295,13561.669
shp_3_24,50.012779,22.683407,1,0.0
shp_3_24,50.01263,22.682936,2,37.583
shp_3_24,50.012077,22.681353,3,166.457
shp_3_24,50.011887,22.680376,4,239.606
shp_3_24,50.011551,22.678503,5,378.686
shp_3_24,50.011616,22.678391,6,389.376
shp_3_24,50.011642,22.678303,7,396.368
shp_3_24,50.011688,22.678085,8,412.708
shp_3_24,50.011688,22.678085,9,412.708
shp_3_24,50.01178,22.677666,10,444.432
shp_3_24,50.01181,22.677582,11,451.491
shp_3_24,50.011848,22.677528,12,457.024
shp_3_24,50.012077,22.677618,13,483.468
shp_3_24,50.012295,22.677717,14,508.48
shp_3_24,50.013084,22.678049,15,599.712
shp_3_24,50.013489,22.678198,16,645.834
shp_3_24,50.013699,22.678223,17,669.161
shp_3_24,50.013897,22.678228,18,691.239
shp_3_24,50.014256,22.678135,19,731.724
shp_3_24,50.014256,22.678135,20,731.724
shp_3_24,50.015934,22.67767,21,921.545
shp_3_24,50.01606,22.677696,22,935.941
shp_3_24,50.016212,22.677715,23,953.002
shp_3_24,50.016792,22.67754,24,1018.611
shp_3_24,50.017632,22.677242,25,1114.553
shp_3_24,50.017872,22.677166,26,1141.862
shp_3_24,50.017872,22.677166,27,1141.862
shp_3_24,50.018776,22.676867,28,1244.454
shp_3_24,50.02018,22.67638,29,1404.549
shp_3_24,50.020405,22.676281,30,1430.941
shp_3_24,50.023121,22.674553,31,1757.3
shp_3_24,50.023121,22.674553,32,1757.3
shp_3_24,50.02319,22.674511,33,1765.409
shp_3_24,50.023365,22.674473,34,1785.133
shp_3_24,50.023384,22.674511,35,1788.605
shp_3_24,50.023438,22.674555,36,1795.456
shp_3_24,50.023468,22.674557,37,1798.921
shp_3_24,50.023499,22.674545,38,1802.395
shp_3_24,50.023525,22.67452,39,1805.851
shp_3_24,50.023548,22.674486,40,1809.317
shp_3_24,50.02356,22.674442,41,1812.781
shp_3_24,50.023567,22.674381,42,1817.22
shp_3_24,50.023727,22.674189,43,1839.95
shp_3_24,50.023823,22.674118,44,1851.58
shp_3_24,50.023899,22.674036,45,1862.003
shp_3_24,50.024326,22.673418,46,1926.789
shp_3_24,50.024597,22.673077,47,1965.623
shp_3_24,50.024746,22.672962,48,1983.922
shp_3_24,50.024899,22.672905,49,2001.605
shp_3_24,50.025154,22.67288,50,2029.956
shp_3_24,50.026272,22.672892,51,2154.547
shp_3_24,50.02644,22.672911,52,2173.447
shp_3_24,50.026821,22.672993,53,2216.008
shp_3_24,50.026951,22.672955,54,2230.802
shp_3_24,50.027073,22.672884,55,2245.384
shp_3_24,50.027805,22.672359,56,2334.978
shp_3_24,50.027805,22.672359,57,2334.978
shp_3_24,50.028542,22.671806,58,2425.842
shp_3_24,50.028847,22.671549,59,2464.859
shp_3_24,50.028996,22.671452,60,2482.478
shp_3_24,50.029099,22.671398,61,2494.71
shp_3_24,50.029598,22.671186,62,2552.416
shp_3_24,50.029728,22.671118,63,2567.665
shp_3_24,50.029858,22.671024,64,2583.665
shp_3_24,50.030029,22.670868,65,2605.762
shp_3_24,50.030525,22.670389,66,2670.703
shp_3_24,50.030594,22.670332,67,2679.193
shp_3_24,50.030678,22.670269,68,2689.923
shp_3_24,50.030746,22.670227,69,2698.008
shp_3_24,50.030823,22.670197,70,2706.576
shp_3_24,50.030945,22.670164,71,2720.508
shp_3_24,50.03104,22.670143,72,2731.035
shp_3_24,50.031574,22.670053,73,2791.026
shp_3_24,50.031662,22.670015,74,2801.156
shp_3_24,50.031746,22.669952,75,2811.584
shp_3_24,50.031845,22.669834,76,2825.587
shp_3_24,50.031887,22.669769,77,2831.906
shp_3_24,50.032074,22.669333,78,2869.543
shp_3_24,50.032139,22.669226,79,2879.962
shp_3_24,50.032181,22.669172,80,2885.948
shp_3_24,50.032265,22.669088,81,2896.947
shp_3_24,50.032307,22.669062,82,2902.269
shp_3_24,50.032398,22.669024,83,2912.815
shp_3_24,50.032467,22.669006,84,2920.556
shp_3_24,50.032555,22.668997,85,2930.162
shp_3_24,50.032986,22.669024,86,2978.168
shp_3_24,50.033085,22.669043,87,2989.536
shp_3_24,50.033226,22.669083,88,3005.373
shp_3_24,50.03344,22.669182,89,3030.156
shp_3_24,50.03363,22.669304,90,3053.272
shp_3_24,50.033752,22.669395,91,3068.092
shp_3_24,50.034172,22.669764,92,3121.78
shp_3_24,50.034306,22.669859,93,3138.219
shp_3_24,50.034466,22.669935,94,3156.847
shp_3_24,50.034573,22.66996,95,3169.052
shp_3_24,50.034725,22.66997,96,3186.061
shp_3_24,50.034847,22.66995,97,3199.412
shp_3_24,50.035465,22.669819,98,3268.97
shp_3_24,50.035854,22.669788,99,3312.227
shp_3_24,50.036331,22.669878,100,3365.624
shp_3_24,50.036339,22.670002,101,3374.488
shp_3_24,50.036499,22.670462,102,3411.984
shp_3_24,50.036552,22.670639,103,3425.929
shp_3_24,50.036774,22.671089,104,3466.561
shp_3_24,50.036774,22.671089,105,3466.561
shp_3_24,50.037209,22.671963,106,3545.506
shp_3_24,50.037426,22.672441,107,3587.33
shp_3_24,50.037735,22.673193,108,3651.135
shp_3_24,50.0378,22.673323,109,3662.974
shp_3_24,50.038525,22.672937,110,3748.281
shp_3_24,50.03862,22.672882,111,3759.517
shp_3_24,50.03862,22.672882,112,3759.517
shp_3_24,50.039116,22.672586,113,3818.817
shp_3_24,50.039467,22.672491,114,3858.226
shp_3_24,50.039959,22.67214,115,3918.715
shp_3_24,50.040398,22.671492,116,3985.979
shp_3_24,50.040749,22.67095,117,4040.848
shp_3_24,50.04092,22.670748,118,4065.057
shp_3_24,50.0411,22.67062,119,4086.794
shp_3_24,50.041302,22.670513,120,4110.567
shp_3_24,50.04142,22.67046,121,4124.346
shp_3_24,50.041729,22.670345,122,4159.836
shp_3_24,50.041939,22.670338,123,4183.143
shp_3_24,50.042202,22.670408,124,4212.648
shp_3_24,50.04258,22.670586,125,4256.517
shp_3_24,50.042812,22.670713,126,4284.124
shp_3_24,50.04314,22.67087,127,4322.304
shp_3_24,50.045071,22.671261,128,4538.952
shp_3_24,50.045971,22.670971,129,4641.262
shp_3_24,50.046398,22.670666,130,4693.684
shp_3_24,50.046398,22.670666,131,4693.684
shp_3_24,50.046711,22.670444,132,4731.791
shp_3_24,50.047256,22.670034,133,4799.271
shp_3_24,50.047398,22.669964,134,4815.758
shp_3_24,50.047569,22.669956,135,4834.766
shp_3_24,50.048,22.669983,136,4882.925
shp_3_24,50.048149,22.669916,137,4900.355
shp_3_24,50.048607,22.669495,138,4959.242
shp_3_24,50.049339,22.668795,139,5054.966
shp_3_24,50.050816,22.667437,140,5245.964
shp_3_24,50.051445,22.667053,141,5320.995
shp_3_24,50.052116,22.666838,142,5397.369
shp_3_24,50.05434,22.665751,143,5656.963
shp_3_24,50.057529,22.665382,144,6013.184
shp_3_24,50.057529,22.665382,145,6013.184
shp_3_24,50.061199,22.664921,146,6422.886
shp_3_24,50.063107,22.664673,147,6635.928
shp_3_24,50.063469,22.664635,148,6676.439
shp_3_24,50.063625,22.664587,149,6694.101
shp_3_24,50.063816,22.664463,150,6716.994
shp_3_24,50.064014,22.664265,151,6743.21
shp_3_24,50.064663,22.66353,152,6832.64
shp_3_24,50.064861,22.663382,153,6857.173
shp_3_24,50.065083,22.663326,154,6881.857
shp_3_24,50.06543,22.663301,155,6920.849
shp_3_24,50.06543,22.663301,156,6920.849
shp_3_24,50.065758,22.66328,157,6957.048
shp_3_24,50.066055,22.663193,158,6990.754
shp_3_24,50.068439,22.660139,159,7334.477
shp_3_24,50.068668,22.659681,160,7375.806
shp_3_24,50.068829,22.659201,161,7414.741
shp_3_24,50.068916,22.658873,162,7439.991
shp_3_24,50.068916,22.658873,163,7439.991
shp_3_24,50.069153,22.658031,164,7505.679
shp_3_24,50.069283,22.657652,165,7536.367
shp_3_24,50.069412,22.657423,166,7558.035
shp_3_24,50.069595,22.657221,167,7583.295
shp_3_24,50.07098,22.655981,168,7760.926
shp_3_24,50.071068,22.655817,169,7776.194
shp_3_24,50.07148,22.654755,170,7864.921
shp_3_24,50.071537,22.654692,171,7872.699
shp_3_24,50.071732,22.655043,172,7906.014
shp_3_24,50.071732,22.655043,173,7906.014
shp_3_24,50.072071,22.655647,174,7963.09
shp_3_24,50.072155,22.655737,175,7974.451
shp_3_24,50.07225,22.655758,176,7985.264
shp_3_24,50.072311,22.655865,177,7995.564
shp_3_24,50.073288,22.656988,178,8130.705
shp_3_24,50.073704,22.65748,179,8188.861
shp_3_24,50.073849,22.657631,180,8208.197
shp_3_24,50.074116,22.657843,181,8241.665
shp_3_24,50.074596,22.658165,182,8299.526
shp_3_24,50.074986,22.658375,183,8345.478
shp_3_24,50.075665,22.658707,184,8424.95
shp_3_24,50.076149,22.659016,185,8483.231
shp_3_24,50.076401,22.659212,186,8514.323
shp_3_24,50.07663,22.659473,187,8545.993
shp_3_24,50.077332,22.660368,188,8646.819
shp_3_24,50.077518,22.660564,189,8671.99
shp_3_24,50.077862,22.660851,190,8715.414
shp_3_24,50.078564,22.661465,191,8804.929
shp_3_24,50.078712,22.661604,192,8824.281
shp_3_24,50.078888,22.661854,193,8850.756
shp_3_24,50.079193,22.662354,194,8900.175
shp_3_24,50.079998,22.663498,195,9021.311
shp_3_24,50.080406,22.664186,196,9088.291
shp_3_24,50.080406,22.664186,197,9088.291
shp_3_24,50.080509,22.66436,198,9105.228
shp_3_24,50.079998,22.663498,199,9189.145
shp_3_24,50.079193,22.662354,200,9310.28
shp_3_24,50.078888,22.661854,201,9359.699
shp_3_24,50.078712,22.661604,202,9386.174
shp_3_24,50.078564,22.661465,203,9405.526
shp_3_24,50.077862,22.660851,204,9495.041
shp_3_24,50.077518,22.660564,205,9538.465
shp_3_24,50.077332,22.660368,206,9563.636
shp_3_24,50.07663,22.659473,207,9664.462
shp_3_24,50.076401,22.659212,208,9696.132
shp_3_24,50.076149,22.659016,209,9727.224
shp_3_24,50.075665,22.658707,210,9785.505
shp_3_24,50.074986,22.658375,211,9864.978
shp_3_24,50.074596,22.658165,212,9910.929
shp_3_24,50.074116,22.657843,213,9968.79
shp_3_24,50.073849,22.657631,214,10002.258
shp_3_24,50.073704,22.65748,215,10021.595
shp_3_24,50.073288,22.656988,216,10079.751
shp_3_24,50.072311,22.655865,217,10214.893
shp_3_24,50.07225,22.655758,218,10225.192
shp_3_24,50.072582,22.655584,219,10264.411
shp_3_24,50.072842,22.655434,220,10295.017
shp_3_24,50.073238,22.655075,221,10345.938
shp_3_24,50.073463,22.65489,222,10374.35
shp_3_24,50.073669,22.654776,223,10398.621
shp_3_24,50.074078,22.65468,224,10444.658
shp_3_24,50.074635,22.654661,225,10506.709
shp_3_24,50.075092,22.654718,226,10557.827
shp_3_24,50.075348,22.654762,227,10586.508
shp_3_24,50.075768,22.654924,228,10634.605
shp_3_24,50.076,22.654976,229,10660.873
shp_3_24,50.07618,22.654964,230,10680.87
shp_3_24,50.077152,22.654728,231,10790.42
shp_3_24,50.077152,22.654728,232,10790.42
shp_3_24,50.077381,22.654673,233,10816.187
shp_3_24,50.077869,22.654564,234,10871.091
shp_3_24,50.078003,22.654572,235,10885.839
shp_3_24,50.078163,22.654633,236,10904.141
shp_3_24,50.078358,22.654743,237,10927.154
shp_3_24,50.07872,22.655081,238,10974.288
shp_3_24,50.079021,22.65523,239,11009.361
shp_3_24,50.08112,22.655291,240,11243.172
shp_3_24,50.082672,22.655897,241,11421.527
shp_3_24,50.082924,22.655909,242,11449.191
shp_3_24,50.083317,22.655807,243,11493.607
shp_3_24,50.083618,22.655704,244,11527.876
shp_3_24,50.083618,22.655704,245,11527.876
shp_3_24,50.084522,22.655422,246,11630.53
shp_3_24,50.084873,22.655333,247,11670.439
shp_3_24,50.085167,22.655346,248,11702.958
shp_3_24,50.089172,22.656343,249,12154.687
shp_3_24,50.089172,22.656343,250,12154.687
shp_3_24,50.089367,22.656391,251,12176.36
shp_3_24,50.089771,22.656397,252,12221.592
shp_3_24,50.090836,22.656183,253,12340.931
shp_3_24,50.091354,22.656048,254,12399.55
shp_3_24,50.096214,22.655014,255,12945.498
shp_3_24,50.096725,22.654915,256,13002.888
shp_3_24,50.097462,22.654705,257,13085.961
shp_3_24,50.098682,22.654131,258,13227.915
shp_3_24,50.098682,22.654131,259,13227.915
shp_3_24,50.098965,22.653997,260,13260.961
shp_3_24,50.101791,22.65246,261,13594.06
shp_3_24,50.102097,22.652239,262,13631.844
shp_3_24,50.102589,22.650921,263,13740.736
shp_3_24,50.10268,22.650709,264,13758.897
shp_3_24,50.10268,22.650709,265,13758.897
shp_3_24,50.102749,22.650558,266,13771.995
shp_3_24,50.102947,22.650335,267,13799.152
shp_3_24,50.103321,22.650047,268,13845.79
shp_3_24,50.104023,22.649441,269,13934.936
shp_3_24,50.105549,22.647869,270,14138.697
shp_3_24,50.106228,22.647484,271,14219.095
shp_3_25,50.012951,22.683949,1,0.0
shp_3_25,50.01263,22.682936,2,80.664
shp_3_25,50.012077,22.681353,3,209.538
shp_3_25,50.011887,22.680376,4,282.687
shp_3_25,50.011551,22.678503,5,421.768
shp_3_25,50.011616,22.678391,6,432.457
shp_3_25,50.011642,22.678303,7,439.449
shp_3_25,50.011688,22.678085,8,455.789
shp_3_25,50.011688,22.678085,9,455.789
shp_3_25,50.01178,22.677666,10,487.513
shp_3_25,50.01181,22.677582,11,494.572
shp_3_25,50.011848,22.677528,12,500.106
shp_3_25,50.012077,22.677618,13,526.549
shp_3_25,50.012295,22.677717,14,551.561
shp_3_25,50.013084,22.678049,15,642.793
shp_3_25,50.013489,22.678198,16,688.915
shp_3_25,50.013699,22.678223,17,712.242
shp_3_25,50.013897,22.678228,18,734.32
shp_3_25,50.014256,22.678135,19,774.805
shp_3_25,50.014256,22.678135,20,774.805
shp_3_25,50.015934,22.67767,21,964.626
shp_3_25,50.01606,22.677696,22,979.022
shp_3_25,50.016186,22.678421,23,1032.747
shp_3_25,50.016327,22.679119,24,1084.996
shp_3_25,50.016483,22.679752,25,1133.53
shp_3_25,50.016544,22.67997,26,1150.426
shp_3_25,50.016651,22.680279,27,1175.613
shp_3_25,50.016842,22.680756,28,1215.935
shp_3_25,50.01688,22.680912,29,1227.883
shp_3_25,50.016888,22.680979,30,1232.581
shp_3_25,50.016865,22.681187,31,1247.724
shp_3_25,50.016838,22.681219,32,1251.471
shp_3_25,50.016819,22.681261,33,1255.232
shp_3_25,50.016808,22.681311,34,1258.989
shp_3_25,50.016804,22.681364,35,1262.741
shp_3_25,50.016815,22.681416,36,1266.497
shp_3_25,50.016685,22.681654,37,1288.8
shp_3_25,50.016605,22.681784,38,1301.496
shp_3_25,50.016579,22.681772,39,1304.726
shp_3_25,50.016548,22.681776,40,1307.95
shp_3_25,50.016521,22.681791,41,1311.177
shp_3_25,50.016499,22.681818,42,1314.402
shp_3_25,50.016476,22.681879,43,1319.426
shp_3_25,50.016472,22.681953,44,1324.713
shp_3_25,50.016479,22.682001,45,1328.305
shp_3_25,50.016514,22.682058,46,1333.788
shp_3_25,50.01656,22.682085,47,1339.269
shp_3_25,50.016655,22.682688,48,1383.657
shp_3_25,50.016861,22.683418,49,1440.706
shp_3_25,50.016884,22.683567,50,1451.612
shp_3_25,50.01688,22.68379,51,1467.603
shp_3_25,50.016853,22.683834,52,1471.726
shp_3_25,50.016842,22.683887,53,1475.842
shp_3_25,50.016842,22.683945,54,1479.963
shp_3_25,50.01685,22.683992,55,1483.556
shp_3_25,50.016869,22.684034,56,1487.144
shp_3_25,50.016895,22.684065,57,1490.738
shp_3_25,50.016922,22.684082,58,1494.156
shp_3_25,50.016953,22.684086,59,1497.572
shp_3_25,50.016983,22.684074,60,1501.0
shp_3_25,50.01704,22.684116,61,1507.868
shp_3_25,50.017155,22.684284,62,1525.234
shp_3_25,50.017326,22.684927,63,1575.154
shp_3_25,50.017418,22.685389,64,1609.734
shp_3_25,50.017952,22.689291,65,1895.141
shp_3_25,50.018097,22.689819,66,1936.109
shp_3_25,50.01857,22.691122,67,2043.156
shp_3_25,50.01857,22.691122,68,2043.156
shp_3_25,50.019096,22.692568,69,2162.071
shp_3_25,50.020226,22.69574,70,2421.371
shp_3_25,50.020313,22.695971,71,2440.66
shp_3_25,50.020325,22.696157,72,2454.006
shp_3_25,50.020302,22.696304,73,2464.86
shp_3_25,50.020267,22.696341,74,2469.613
shp_3_25,50.020214,22.696417,75,2477.581
shp_3_25,50.020203,22.696495,76,2483.315
shp_3_25,50.020206,22.6966,77,2490.821
shp_3_25,50.020412,22.697247,78,2542.36
shp_3_25,50.020451,22.697317,79,2548.906
shp_3_25,50.020531,22.697367,80,2558.774
shp_3_25,50.020668,22.69738,81,2573.796
shp_3_25,50.02076,22.697325,82,2585.084
shp_3_25,50.020817,22.697271,83,2592.411
shp_3_25,50.020863,22.697195,84,2599.951
shp_3_25,50.020893,22.697105,85,2607.164
shp_3_25,50.020916,22.696953,86,2618.363
shp_3_25,50.020958,22.696877,87,2625.425
shp_3_25,50.021004,22.696827,88,2631.783
shp_3_25,50.02108,22.696795,89,2640.454
shp_3_25,50.021141,22.696848,90,2648.469
shp_3_25,50.02124,22.696951,91,2661.577
shp_3_25,50.02124,22.696951,92,2661.577
shp_3_25,50.021553,22.697285,93,2703.759
shp_3_25,50.022018,22.697752,94,2765.642
shp_3_25,50.022369,22.697985,95,2807.947
shp_3_25,50.022682,22.698097,96,2843.687
shp_3_25,50.023003,22.69825,97,2880.904
shp_3_25,50.023235,22.69845,98,2910.512
shp_3_25,50.023296,22.698483,99,2917.838
shp_3_25,50.023342,22.698488,100,2923.075
shp_3_25,50.023376,22.698481,101,2926.953
shp_3_25,50.023411,22.698458,102,2930.984
shp_3_25,50.023449,22.698416,103,2936.155
shp_3_25,50.023628,22.698116,104,2965.322
shp_3_25,50.02475,22.69602,105,3160.661
shp_3_25,50.02475,22.69602,106,3160.661
shp_3_25,50.024971,22.695614,107,3198.552
shp_3_25,50.025246,22.695042,108,3249.734
shp_3_25,50.026215,22.693281,109,3415.571
shp_3_25,50.025681,22.692341,110,3505.366
shp_3_25,50.025513,22.692095,111,3531.026
shp_3_25,50.024723,22.691427,112,3631.226
shp_3_25,50.024597,22.69136,113,3646.026
shp_3_25,50.023476,22.690903,114,3775.015
shp_3_25,50.023548,22.689955,115,3843.307
shp_3_25,50.023548,22.689955,116,3843.307
shp_3_25,50.023643,22.688744,117,3930.562
shp_3_25,50.023865,22.686981,118,4059.03
shp_3_25,50.023869,22.686811,119,4071.139
shp_3_25,50.0238,22.68671,120,4081.91
shp_3_25,50.023418,22.686268,121,4134.575
shp_3_25,50.02314,22.68574,122,4183.467
shp_3_25,50.02314,22.68574,123,4183.467
shp_3_25,50.022766,22.685032,124,4249.135
shp_3_25,50.023186,22.683523,125,4366.729
shp_3_25,50.023403,22.683758,126,4396.227
shp_3_25,50.023403,22.683758,127,4396.227
shp_3_25,50.024162,22.68458,128,4499.309
shp_3_25,50.024254,22.684658,129,4510.795
shp_3_25,50.0243,22.68453,130,4521.227
shp_3_25,50.024334,22.684385,131,4532.343
shp_3_25,50.024506,22.683435,132,4602.933
shp_3_25,50.024822,22.683229,133,4641.055
shp_3_25,50.026146,22.68364,134,4791.268
shp_3_25,50.027172,22.683775,135,4905.978
shp_3_25,50.028923,22.683966,136,5101.12
shp_3_25,50.028923,22.683966,137,5101.12
shp_3_25,50.029472,22.684027,138,5162.476
shp_3_25,50.031628,22.684761,139,5407.933
shp_3_25,50.032333,22.684994,140,5488.534
shp_3_25,50.033169,22.685287,141,5583.945
shp_3_25,50.033169,22.685287,142,5583.945
shp_3_25,50.033901,22.685543,143,5667.413
shp_3_25,50.035202,22.685974,144,5815.159
shp_3_25,50.035561,22.686108,145,5856.365
shp_3_25,50.035923,22.686287,146,5898.623
shp_3_25,50.036247,22.68648,147,5937.204
shp_3_25,50.036896,22.686815,148,6013.351
shp_3_27,50.012951,22.683949,1,0.0
shp_3_27,50.01263,22.682936,2,80.664
shp_3_27,50.012077,22.681353,3,209.538
shp_3_27,50.011887,22.680376,4,282.687
shp_3_27,50.011551,22.678503,5,421.768
shp_3_27,50.011616,22.678391,6,432.457
shp_3_27,50.011642,22.678303,7,439.449
shp_3_27,50.011688,22.678085,8,455.789
shp_3_27,50.011688,22.678085,9,455.789
shp_3_27,50.01178,22.677666,10,487.513
shp_3_27,50.01181,22.677582,11,494.572
shp_3_27,50.011848,22.677528,12,500.106
shp_3_27,50.012077,22.677618,13,526.549
shp_3_27,50.012295,22.677717,14,551.561
shp_3_27,50.013084,22.678049,15,642.793
shp_3_27,50.013489,22.678198,16,688.915
shp_3_27,50.013699,22.678223,17,712.242
shp_3_27,50.013897,22.678228,18,734.32
shp_3_27,50.014256,22.678135,19,774.805
shp_3_27,50.014256,22.678135,20,774.805
shp_3_27,50.015934,22.67767,21,964.626
shp_3_27,50.01606,22.677696,22,979.022
shp_3_27,50.016186,22.678421,23,1032.747
shp_3_27,50.016327,22.679119,24,1084.996
shp_3_27,50.016483,22.679752,25,1133.53
shp_3_27,50.016544,22.67997,26,1150.426
shp_3_27,50.016651,22.680279,27,1175.613
shp_3_27,50.016842,22.680756,28,1215.935
shp_3_27,50.01688,22.680912,29,1227.883
shp_3_27,50.016888,22.680979,30,1232.581
shp_3_27,50.016865,22.681187,31,1247.724
shp_3_27,50.016838,22.681219,32,1251.471
shp_3_27,50.016819,22.681261,33,1255.232
shp_3_27,50.016808,22.681311,34,1258.989
shp_3_27,50.016804,22.681364,35,1262.741
shp_3_27,50.016815,22.681416,36,1266.497
shp_3_27,50.016685,22.681654,37,1288.8
shp_3_27,50.016605,22.681784,38,1301.496
shp_3_27,50.016579,22.681772,39,1304.726
shp_3_27,50.016548,22.681776,40,1307.95
shp_3_27,50.016521,22.681791,41,1311.177
shp_3_27,50.016499,22.681818,42,1314.402
shp_3_27,50.016476,22.681879,43,1319.426
shp_3_27,50.016472,22.681953,44,1324.713
shp_3_27,50.016479,22.682001,45,1328.305
shp_3_27,50.016514,22.682058,46,1333.788
shp_3_27,50.01656,22.682085,47,1339.269
shp_3_27,50.016655,22.682688,48,1383.657
shp_3_27,50.016861,22.683418,49,1440.706
shp_3_27,50.016884,22.683567,50,1451.612
shp_3_27,50.01688,22.68379,51,1467.603
shp_3_27,50.016853,22.683834,52,1471.726
shp_3_27,50.016842,22.683887,53,1475.842
shp_3_27,50.016842,22.683945,54,1479.963
shp_3_27,50.01685,22.683992,55,1483.556
shp_3_27,50.016869,22.684034,56,1487.144
shp_3_27,50.016895,22.684065,57,1490.738
shp_3_27,50.016922,22.684082,58,1494.156
shp_3_27,50.016953,22.684086,59,1497.572
shp_3_27,50.016983,22.684074,60,1501.0
shp_3_27,50.01704,22.684116,61,1507.868
shp_3_27,50.017155,22.684284,62,1525.234
shp_3_27,50.017326,22.684927,63,1575.154
shp_3_27,50.017418,22.685389,64,1609.734
shp_3_27,50.017952,22.689291,65,1895.141
shp_3_27,50.018097,22.689819,66,1936.109
shp_3_27,50.01857,22.691122,67,2043.156
shp_3_27,50.01857,22.691122,68,2043.156
shp_3_27,50.019096,22.692568,69,2162.071
shp_3_27,50.020226,22.69574,70,2421.371
shp_3_27,50.020313,22.695971,71,2440.66
shp_3_27,50.020325,22.696157,72,2454.006
shp_3_27,50.020302,22.696304,73,2464.86
shp_3_27,50.020267,22.696341,74,2469.613
shp_3_27,50.020214,22.696417,75,2477.581
shp_3_27,50.020203,22.696495,76,2483.315
shp_3_27,50.020206,22.6966,77,2490.821
shp_3_27,50.020412,22.697247,78,2542.36
shp_3_27,50.020451,22.697317,79,2548.906
shp_3_27,50.020531,22.697367,80,2558.774
shp_3_27,50.020668,22.69738,81,2573.796
shp_3_27,50.02076,22.697325,82,2585.084
shp_3_27,50.020817,22.697271,83,2592.411
shp_3_27,50.020863,22.697195,84,2599.951
shp_3_27,50.020893,22.697105,85,2607.164
shp_3_27,50.020916,22.696953,86,2618.363
shp_3_27,50.020958,22.696877,87,2625.425
shp_3_27,50.021004,22.696827,88,2631.783
shp_3_27,50.02108,22.696795,89,2640.454
shp_3_27,50.021141,22.696848,90,2648.469
shp_3_27,50.02124,22.696951,91,2661.577
shp_3_27,50.02124,22.696951,92,2661.577
shp_3_27,50.021553,22.697285,93,2703.759
shp_3_27,50.022018,22.697752,94,2765.642
shp_3_27,50.022369,22.697985,95,2807.947
shp_3_27,50.022682,22.698097,96,2843.687
shp_3_27,50.023003,22.69825,97,2880.904
shp_3_27,50.023235,22.69845,98,2910.512
shp_3_27,50.023296,22.698483,99,2917.838
shp_3_27,50.023342,22.698488,100,2923.075
shp_3_27,50.023376,22.698481,101,2926.953
shp_3_27,50.023411,22.698458,102,2930.984
shp_3_27,50.023449,22.698416,103,2936.155
shp_3_27,50.023628,22.698116,104,2965.322
shp_3_27,50.02475,22.69602,105,3160.661
shp_3_27,50.02475,22.69602,106,3160.661
shp_3_27,50.024971,22.695614,107,3198.552
shp_3_27,50.025246,22.695042,108,3249.734
shp_3_27,50.026215,22.693281,109,3415.571
shp_3_27,50.026379,22.693544,110,3441.812
shp_3_27,50.027153,22.694521,111,3552.514
shp_3_27,50.027435,22.694847,112,3591.673
shp_3_27,50.027512,22.694921,113,3601.635
shp_3_27,50.027584,22.694979,114,3610.826
shp_3_27,50.027664,22.695019,115,3620.123
shp_3_27,50.027744,22.695028,116,3629.155
shp_3_27,50.027889,22.695002,117,3645.328
shp_3_27,50.028172,22.694933,118,3677.268
shp_3_27,50.02829,22.694927,119,3690.344
shp_3_27,50.028446,22.694944,120,3707.858
shp_3_27,50.028641,22.694996,121,3729.785
shp_3_27,50.029037,22.695131,122,3774.878
shp_3_27,50.030437,22.695658,123,3935.589
shp_3_27,50.030651,22.695747,124,3959.949
shp_3_27,50.030766,22.695829,125,3974.044
shp_3_27,50.03072,22.696171,126,3999.046
shp_3_27,50.03072,22.696171,127,3999.046
shp_3_27,50.030766,22.695829,128,4024.049
shp_3_27,50.030651,22.695747,129,4038.144
shp_3_27,50.030437,22.695658,130,4062.503
shp_3_27,50.029037,22.695131,131,4223.214
shp_3_27,50.028641,22.694996,132,4268.307
shp_3_27,50.028446,22.694944,133,4290.234
shp_3_27,50.02829,22.694927,134,4307.749
shp_3_27,50.028172,22.694933,135,4320.825
shp_3_27,50.027889,22.695002,136,4352.765
shp_3_27,50.027744,22.695028,137,4368.938
shp_3_27,50.027664,22.695019,138,4377.969
shp_3_27,50.027584,22.694979,139,4387.266
shp_3_27,50.027512,22.694921,140,4396.457
shp_3_27,50.027435,22.694847,141,4406.419
shp_3_27,50.027153,22.694521,142,4445.579
shp_3_27,50.026379,22.693544,143,4556.281
shp_3_27,50.026215,22.693281,144,4582.521
shp_3_27,50.025681,22.692341,145,4672.317
shp_3_27,50.025513,22.692095,146,4697.977
shp_3_27,50.024723,22.691427,147,4798.176
shp_3_27,50.024597,22.69136,148,4812.976
shp_3_27,50.023476,22.690903,149,4941.966
shp_3_27,50.023548,22.689955,150,5010.257
shp_3_27,50.023548,22.689955,151,5010.257
shp_3_27,50.023643,22.688744,152,5097.512
shp_3_27,50.023865,22.686981,153,5225.98
shp_3_27,50.023869,22.686811,154,5238.09
shp_3_27,50.0238,22.68671,155,5248.86
shp_3_27,50.023418,22.686268,156,5301.526
shp_3_27,50.02314,22.68574,157,5350.417
shp_3_27,50.02314,22.68574,158,5350.417
shp_3_27,50.022766,22.685032,159,5416.086
shp_3_27,50.023186,22.683523,160,5533.68
shp_3_27,50.023403,22.683758,161,5563.177
shp_3_27,50.023403,22.683758,162,5563.177
shp_3_27,50.024162,22.68458,163,5666.26
shp_3_27,50.024254,22.684658,164,5677.746
shp_3_27,50.0243,22.68453,165,5688.177
shp_3_27,50.024334,22.684385,166,5699.294
shp_3_27,50.024506,22.683435,167,5769.884
shp_3_27,50.024822,22.683229,168,5808.006
shp_3_27,50.026146,22.68364,169,5958.218
shp_3_27,50.027172,22.683775,170,6072.928
shp_3_27,50.028923,22.683966,171,6268.07
shp_3_27,50.028923,22.683966,172,6268.07
shp_3_27,50.029472,22.684027,173,6329.427
shp_3_27,50.031628,22.684761,174,6574.883
shp_3_27,50.032333,22.684994,175,6655.484
shp_3_27,50.033169,22.685287,176,6750.896
shp_3_27,50.033169,22.685287,177,6750.896
shp_3_27,50.033901,22.685543,178,6834.364
shp_3_27,50.035202,22.685974,179,6982.109
shp_3_27,50.035561,22.686108,180,7023.315
shp_3_27,50.035923,22.686287,181,7065.574
shp_3_27,50.036247,22.68648,182,7104.154
shp_3_27,50.036896,22.686815,183,7180.302
shp_3_26,50.012779,22.683407,1,0.0
shp_3_26,50.01263,22.682936,2,37.583
shp_3_26,50.012077,22.681353,3,166.457
shp_3_26,50.011887,22.680376,4,239.606
shp_3_26,50.011551,22.678503,5,378.686
shp_3_26,50.011616,22.678391,6,389.376
shp_3_26,50.011642,22.678303,7,396.368
shp_3_26,50.011688,22.678085,8,412.708
shp_3_26,50.011688,22.678085,9,412.708
shp_3_26,50.01178,22.677666,10,444.432
shp_3_26,50.01181,22.677582,11,451.491
shp_3_26,50.011848,22.677528,12,457.024
shp_3_26,50.012077,22.677618,13,483.468
shp_3_26,50.012295,22.677717,14,508.48
shp_3_26,50.013084,22.678049,15,599.712
shp_3_26,50.013489,22.678198,16,645.834
shp_3_26,50.013699,22.678223,17,669.161
shp_3_26,50.013897,22.678228,18,691.239
shp_3_26,50.014256,22.678135,19,731.724
shp_3_26,50.014256,22.678135,20,731.724
shp_3_26,50.015934,22.67767,21,921.545
shp_3_26,50.01606,22.677696,22,935.941
shp_3_26,50.016212,22.677715,23,953.002
shp_3_26,50.016792,22.67754,24,1018.611
shp_3_26,50.017632,22.677242,25,1114.553
shp_3_26,50.017872,22.677166,26,1141.862
shp_3_26,50.017872,22.677166,27,1141.862
shp_3_26,50.018776,22.676867,28,1244.454
shp_3_26,50.02018,22.67638,29,1404.549
shp_3_26,50.020405,22.676281,30,1430.941
shp_3_26,50.023121,22.674553,31,1757.3
shp_3_26,50.023121,22.674553,32,1757.3
shp_3_26,50.02319,22.674511,33,1765.409
shp_3_26,50.023365,22.674473,34,1785.133
shp_3_26,50.023384,22.674511,35,1788.605
shp_3_26,50.023438,22.674555,36,1795.456
shp_3_26,50.023468,22.674557,37,1798.921
shp_3_26,50.023499,22.674545,38,1802.395
shp_3_26,50.023525,22.67452,39,1805.851
shp_3_26,50.023548,22.674486,40,1809.317
shp_3_26,50.02356,22.674442,41,1812.781
shp_3_26,50.023567,22.674381,42,1817.22
shp_3_26,50.023727,22.674189,43,1839.95
shp_3_26,50.023823,22.674118,44,1851.58
shp_3_26,50.023899,22.674036,45,1862.003
shp_3_26,50.024326,22.673418,46,1926.789
shp_3_26,50.024597,22.673077,47,1965.623
shp_3_26,50.024746,22.672962,48,1983.922
shp_3_26,50.024899,22.672905,49,2001.605
shp_3_26,50.025154,22.67288,50,2029.956
shp_3_26,50.026272,22.672892,51,2154.547
shp_3_26,50.02644,22.672911,52,2173.447
shp_3_26,50.026821,22.672993,53,2216.008
shp_3_26,50.026951,22.672955,54,2230.802
shp_3_26,50.027073,22.672884,55,2245.384
shp_3_26,50.027805,22.672359,56,2334.978
shp_3_26,50.027805,22.672359,57,2334.978
shp_3_26,50.028542,22.671806,58,2425.842
shp_3_26,50.028847,22.671549,59,2464.859
shp_3_26,50.028996,22.671452,60,2482.478
shp_3_26,50.029099,22.671398,61,2494.71
shp_3_26,50.029598,22.671186,62,2552.416
shp_3_26,50.029728,22.671118,63,2567.665
shp_3_26,50.029858,22.671024,64,2583.665
shp_3_26,50.030029,22.670868,65,2605.762
shp_3_26,50.030525,22.670389,66,2670.703
shp_3_26,50.030594,22.670332,67,2679.193
shp_3_26,50.030678,22.670269,68,2689.923
shp_3_26,50.030746,22.670227,69,2698.008
shp_3_26,50.030823,22.670197,70,2706.576
shp_3_26,50.030945,22.670164,71,2720.508
shp_3_26,50.03104,22.670143,72,2731.035
shp_3_26,50.031574,22.670053,73,2791.026
shp_3_26,50.031662,22.670015,74,2801.156
shp_3_26,50.031746,22.669952,75,2811.584
shp_3_26,50.031845,22.669834,76,2825.587
shp_3_26,50.031887,22.669769,77,2831.906
shp_3_26,50.032074,22.669333,78,2869.543
shp_3_26,50.032139,22.669226,79,2879.962
shp_3_26,50.032181,22.669172,80,2885.948
shp_3_26,50.032265,22.669088,81,2896.947
shp_3_26,50.032307,22.669062,82,2902.269
shp_3_26,50.032398,22.669024,83,2912.815
shp_3_26,50.032467,22.669006,84,2920.556
shp_3_26,50.032555,22.668997,85,2930.162
shp_3_26,50.032986,22.669024,86,2978.168
shp_3_26,50.033085,22.669043,87,2989.536
shp_3_26,50.033226,22.669083,88,3005.373
shp_3_26,50.03344,22.669182,89,3030.156
shp_3_26,50.03363,22.669304,90,3053.272
shp_3_26,50.033752,22.669395,91,3068.092
shp_3_26,50.034172,22.669764,92,3121.78
shp_3_26,50.034306,22.669859,93,3138.219
shp_3_26,50.034466,22.669935,94,3156.847
shp_3_26,50.034573,22.66996,95,3169.052
shp_3_26,50.034725,22.66997,96,3186.061
shp_3_26,50.034847,22.66995,97,3199.412
shp_3_26,50.035465,22.669819,98,3268.97
shp_3_26,50.035854,22.669788,99,3312.227
shp_3_26,50.036331,22.669878,100,3365.624
shp_3_26,50.036339,22.670002,101,3374.488
shp_3_26,50.036499,22.670462,102,3411.984
shp_3_26,50.036552,22.670639,103,3425.929
shp_3_26,50.036774,22.671089,104,3466.561
shp_3_26,50.036774,22.671089,105,3466.561
shp_3_26,50.037209,22.671963,106,3545.506
shp_3_26,50.037426,22.672441,107,3587.33
shp_3_26,50.037735,22.673193,108,3651.135
shp_3_26,50.0378,22.673323,109,3662.974
shp_3_26,50.038525,22.672937,110,3748.281
shp_3_26,50.03862,22.672882,111,3759.517
shp_3_26,50.03862,22.672882,112,3759.517
shp_3_26,50.039116,22.672586,113,3818.817
shp_3_26,50.039467,22.672491,114,3858.226
shp_3_26,50.039959,22.67214,115,3918.715
shp_3_26,50.040398,22.671492,116,3985.979
shp_3_26,50.040749,22.67095,117,4040.848
shp_3_26,50.04092,22.670748,118,4065.057
shp_3_26,50.0411,22.67062,119,4086.794
shp_3_26,50.041302,22.670513,120,4110.567
shp_3_26,50.04142,22.67046,121,4124.346
shp_3_26,50.041729,22.670345,122,4159.836
shp_3_26,50.041939,22.670338,123,4183.143
shp_3_26,50.042202,22.670408,124,4212.648
shp_3_26,50.04258,22.670586,125,4256.517
shp_3_26,50.042812,22.670713,126,4284.124
shp_3_26,50.04314,22.67087,127,4322.304
shp_3_26,50.045071,22.671261,128,4538.952
shp_3_26,50.045971,22.670971,129,4641.262
shp_3_26,50.046398,22.670666,130,4693.684
shp_3_26,50.046398,22.670666,131,4693.684
shp_3_26,50.046711,22.670444,132,4731.791
shp_3_26,50.047256,22.670034,133,4799.271
shp_3_26,50.047398,22.669964,134,4815.758
shp_3_26,50.047569,22.669956,135,4834.766
shp_3_26,50.048,22.669983,136,4882.925
shp_3_26,50.048149,22.669916,137,4900.355
shp_3_26,50.048607,22.669495,138,4959.242
shp_3_26,50.049339,22.668795,139,5054.966
shp_3_26,50.050816,22.667437,140,5245.964
shp_3_26,50.051445,22.667053,141,5320.995
shp_3_26,50.052116,22.666838,142,5397.369
shp_3_26,50.05434,22.665751,143,5656.963
shp_3_26,50.057529,22.665382,144,6013.184
shp_3_26,50.057529,22.665382,145,6013.184
shp_3_26,50.061199,22.664921,146,6422.886
shp_3_26,50.063107,22.664673,147,6635.928
shp_3_26,50.063469,22.664635,148,6676.439
shp_3_26,50.063625,22.664587,149,6694.101
shp_3_26,50.063816,22.664463,150,6716.994
shp_3_26,50.064014,22.664265,151,6743.21
shp_3_26,50.064663,22.66353,152,6832.64
shp_3_26,50.064861,22.663382,153,6857.173
shp_3_26,50.065083,22.663326,154,6881.857
shp_3_26,50.06543,22.663301,155,6920.849
shp_3_26,50.06543,22.663301,156,6920.849
shp_3_26,50.065758,22.66328,157,6957.048
shp_3_26,50.066055,22.663193,158,6990.754
shp_3_26,50.068439,22.660139,159,7334.477
shp_3_26,50.068668,22.659681,160,7375.806
shp_3_26,50.068829,22.659201,161,7414.741
shp_3_26,50.068916,22.658873,162,7439.991
shp_3_26,50.068916,22.658873,163,7439.991
shp_3_26,50.069153,22.658031,164,7505.679
shp_3_26,50.069283,22.657652,165,7536.367
shp_3_26,50.069412,22.657423,166,7558.035
shp_3_26,50.069595,22.657221,167,7583.295
shp_3_26,50.07098,22.655981,168,7760.926
shp_3_26,50.071068,22.655817,169,7776.194
shp_3_26,50.07148,22.654755,170,7864.921
shp_3_26,50.071537,22.654692,171,7872.699
shp_3_26,50.071732,22.655043,172,7906.014
shp_3_26,50.071732,22.655043,173,7906.014
shp_3_26,50.072071,22.655647,174,7963.09
shp_3_26,50.072155,22.655737,175,7974.451
shp_3_26,50.07225,22.655758,176,7985.264
shp_3_26,50.072311,22.655865,177,7995.564
shp_3_26,50.073288,22.656988,178,8130.705
shp_3_26,50.073704,22.65748,179,8188.861
shp_3_26,50.073849,22.657631,180,8208.197
shp_3_26,50.074116,22.657843,181,8241.665
shp_3_26,50.074596,22.658165,182,8299.526
shp_3_26,50.074986,22.658375,183,8345.478
shp_3_26,50.075665,22.658707,184,8424.95
shp_3_26,50.076149,22.659016,185,8483.231
shp_3_26,50.076401,22.659212,186,8514.323
shp_3_26,50.07663,22.659473,187,8545.993
shp_3_26,50.077332,22.660368,188,8646.819
shp_3_26,50.077518,22.660564,189,8671.99
shp_3_26,50.077862,22.660851,190,8715.414
shp_3_26,50.078564,22.661465,191,8804.929
shp_3_26,50.078712,22.661604,192,8824.281
shp_3_26,50.078888,22.661854,193,8850.756
shp_3_26,50.079193,22.662354,194,8900.175
shp_3_26,50.079998,22.663498,195,9021.311
shp_3_26,50.080406,22.664186,196,9088.291
shp_3_26,50.080406,22.664186,197,9088.291
shp_3_26,50.080509,22.66436,198,9105.228
shp_3_26,50.079998,22.663498,199,9189.145
shp_3_26,50.079193,22.662354,200,9310.28
shp_3_26,50.078888,22.661854,201,9359.699
shp_3_26,50.078712,22.661604,202,9386.174
shp_3_26,50.078564,22.661465,203,9405.526
shp_3_26,50.077862,22.660851,204,9495.041
shp_3_26,50.077518,22.660564,205,9538.465
shp_3_26,50.077332,22.660368,206,9563.636
shp_3_26,50.07663,22.659473,207,9664.462
shp_3_26,50.076401,22.659212,208,9696.132
shp_3_26,50.076149,22.659016,209,9727.224
shp_3_26,50.075665,22.658707,210,9785.505
shp_3_26,50.074986,22.658375,211,9864.978
shp_3_26,50.074596,22.658165,212,9910.929
shp_3_26,50.074116,22.657843,213,9968.79
shp_3_26,50.073849,22.657631,214,10002.258
shp_3_26,50.073704,22.65748,215,10021.595
shp_3_26,50.073288,22.656988,216,10079.751
shp_3_26,50.072311,22.655865,217,10214.893
shp_3_26,50.07225,22.655758,218,10225.192
shp_3_26,50.072582,22.655584,219,10264.411
shp_3_26,50.072842,22.655434,220,10295.017
shp_3_26,50.073238,22.655075,221,10345.938
shp_3_26,50.073463,22.65489,222,10374.35
shp_3_26,50.073669,22.654776,223,10398.621
shp_3_26,50.074078,22.65468,224,10444.658
shp_3_26,50.074635,22.654661,225,10506.709
shp_3_26,50.075092,22.654718,226,10557.827
shp_3_26,50.075348,22.654762,227,10586.508
shp_3_26,50.075768,22.654924,228,10634.605
shp_3_26,50.076,22.654976,229,10660.873
shp_3_26,50.07618,22.654964,230,10680.87
shp_3_26,50.077152,22.654728,231,10790.42
shp_3_26,50.077152,22.654728,232,10790.42
shp_3_26,50.077381,22.654673,233,10816.187
shp_3_26,50.077869,22.654564,234,10871.091
shp_3_26,50.078003,22.654572,235,10885.839
shp_3_26,50.078163,22.654633,236,10904.141
shp_3_26,50.078358,22.654743,237,10927.154
shp_3_26,50.07872,22.655081,238,10974.288
shp_3_26,50.079021,22.65523,239,11009.361
shp_3_26,50.08112,22.655291,240,11243.172
shp_3_26,50.082672,22.655897,241,11421.527
shp_3_26,50.082924,22.655909,242,11449.191
shp_3_26,50.083317,22.655807,243,11493.607
shp_3_26,50.083618,22.655704,244,11527.876
shp_3_26,50.083618,22.655704,245,11527.876
shp_3_26,50.084522,22.655422,246,11630.53
shp_3_26,50.084873,22.655333,247,11670.439
shp_3_26,50.085167,22.655346,248,11702.958
shp_3_26,50.089172,22.656343,249,12154.687
shp_3_26,50.089172,22.656343,250,12154.687
shp_3_26,50.089367,22.656391,251,12176.36
shp_3_26,50.089771,22.656397,252,12221.592
shp_3_26,50.090836,22.656183,253,12340.931
shp_3_26,50.091354,22.656048,254,12399.55
shp_3_26,50.096214,22.655014,255,12945.498
shp_3_26,50.096725,22.654915,256,13002.888
shp_3_26,50.097462,22.654705,257,13085.961
shp_3_26,50.098682,22.654131,258,13227.915
shp_3_26,50.098682,22.654131,259,13227.915
shp_3_26,50.098965,22.653997,260,13260.961
shp_3_26,50.101791,22.65246,261,13594.06
shp_3_26,50.102097,22.652239,262,13631.844
shp_3_26,50.102589,22.650921,263,13740.736
shp_3_26,50.10268,22.650709,264,13758.897
shp_3_26,50.10268,22.650709,265,13758.897
shp_3_26,50.102749,22.650558,266,13771.995
shp_3_26,50.102947,22.650335,267,13799.152
shp_3_26,50.103321,22.650047,268,13845.79
shp_3_26,50.104023,22.649441,269,13934.936
shp_3_26,50.105549,22.647869,270,14138.697
shp_3_26,50.106228,22.647484,271,14219.095
shp_3_26,50.106228,22.647484,272,14219.095
shp_3_26,50.107162,22.646952,273,14329.704
shp_3_26,50.107544,22.646578,274,14379.803
shp_3_26,50.107861,22.646021,275,14433.011
shp_3_26,50.108505,22.644815,276,14545.006
shp_3_26,50.108795,22.644361,277,14590.854
shp_3_26,50.109203,22.644054,278,14641.242
shp_3_26,50.110111,22.643681,279,14745.677
shp_3_26,50.110374,22.643501,280,14777.598
shp_3_26,50.110626,22.643267,281,14810.499
shp_3_26,50.111183,22.642679,282,14885.115
shp_3_26,50.11158,22.642244,283,14939.256
shp_3_26,50.111824,22.641895,284,14975.999
shp_3_26,50.111927,22.641701,285,14994.249
shp_3_26,50.111927,22.641701,286,14994.249
shp_3_26,50.112091,22.641399,287,15022.22
shp_3_26,50.112751,22.640249,288,15132.541
shp_3_26,50.113457,22.639156,289,15243.231
shp_3_26,50.113659,22.638918,290,15271.504
shp_3_26,50.114403,22.638474,291,15360.123
shp_3_26,50.115284,22.638002,292,15463.755
shp_3_26,50.115864,22.637743,293,15531.127
shp_3_26,50.115864,22.637743,294,15531.127
shp_3_26,50.116219,22.637585,295,15571.926
shp_3_26,50.116982,22.637035,296,15665.399
shp_3_26,50.117844,22.636236,297,15777.26
shp_3_26,50.118843,22.635263,298,15908.496
shp_3_26,50.119057,22.635006,299,15938.29
shp_3_26,50.119514,22.634354,300,16007.42
shp_3_26,50.120014,22.633698,301,16079.966
shp_3_26,50.120129,22.633614,302,16094.115
shp_3_26,50.120129,22.633614,303,16094.115
shp_3_26,50.12149,22.63261,304,16261.854
shp_3_26,50.121834,22.63242,305,16302.525
shp_3_26,50.122578,22.632099,306,16388.238
shp_3_26,50.123421,22.631588,307,16488.963
shp_3_26,50.123753,22.63135,308,16529.594
shp_3_26,50.123936,22.631165,309,16553.859
shp_3_26,50.125076,22.629656,310,16720.627
shp_3_26,50.126148,22.628321,311,16873.379
shp_3_26,50.127472,22.626854,312,17053.922
shp_3_28,50.023018,22.713291,1,0.0
shp_3_28,50.022816,22.713064,2,27.718
shp_3_28,50.022545,22.712669,3,68.992
shp_3_28,50.022293,22.712263,4,109.444
shp_3_28,50.022076,22.711832,5,148.59
shp_3_28,50.02187,22.711378,6,188.386
shp_3_28,50.021172,22.709358,7,352.308
shp_3_28,50.021114,22.709145,8,368.91
shp_3_28,50.021065,22.708906,9,386.87
shp_3_28,50.021015,22.708542,10,413.451
shp_3_28,50.020988,22.708282,11,432.276
shp_3_28,50.020947,22.707487,12,489.402
shp_3_28,50.020947,22.707487,13,489.402
shp_3_28,50.020584,22.699753,14,1044.044
shp_3_28,50.020599,22.699203,15,1083.358
shp_3_28,50.020599,22.699203,16,1083.358
shp_3_28,50.020634,22.698143,17,1159.234
shp_3_28,50.020668,22.69738,18,1213.907
shp_3_28,50.02076,22.697325,19,1225.195
shp_3_28,50.020817,22.697271,20,1232.522
shp_3_28,50.020863,22.697195,21,1240.062
shp_3_28,50.020893,22.697105,22,1247.275
shp_3_28,50.020916,22.696953,23,1258.474
shp_3_28,50.020889,22.696762,24,1272.338
shp_3_28,50.02071,22.696243,25,1314.458
shp_3_28,50.020653,22.696163,26,1323.047
shp_3_28,50.020588,22.696135,27,1330.658
shp_3_28,50.020508,22.69615,28,1339.718
shp_3_28,50.020466,22.696171,29,1344.361
shp_3_28,50.020374,22.696083,30,1356.593
shp_3_28,50.020313,22.695971,31,1367.004
shp_3_28,50.020226,22.69574,32,1386.293
shp_3_28,50.019096,22.692568,33,1645.593
shp_3_28,50.018707,22.691504,34,1733.089
shp_3_28,50.018707,22.691504,35,1733.089
shp_3_28,50.018097,22.689819,36,1871.555
shp_3_28,50.017952,22.689291,37,1912.524
shp_3_28,50.017418,22.685389,38,2197.93
shp_3_28,50.017326,22.684927,39,2232.511
shp_3_28,50.017155,22.684284,40,2282.43
shp_3_28,50.017109,22.684072,41,2298.359
shp_3_28,50.017052,22.683945,42,2309.301
shp_3_28,50.017052,22.683887,43,2313.393
shp_3_28,50.01704,22.683834,44,2317.49
shp_3_28,50.017014,22.683792,45,2321.584
shp_3_28,50.016678,22.682598,46,2414.835
shp_3_28,50.016644,22.682425,47,2427.721
shp_3_28,50.016632,22.682285,48,2437.807
shp_3_28,50.016628,22.682058,49,2454.109
shp_3_28,50.016651,22.682024,50,2457.57
shp_3_28,50.016666,22.681982,51,2461.039
shp_3_28,50.01667,22.681934,52,2464.504
shp_3_28,50.016666,22.681887,53,2467.971
shp_3_28,50.016655,22.681843,54,2471.411
shp_3_28,50.016632,22.681807,55,2474.847
shp_3_28,50.016605,22.681784,56,2478.293
shp_3_28,50.016579,22.681772,57,2481.523
shp_3_28,50.016548,22.681776,58,2484.747
shp_3_28,50.016521,22.681791,59,2487.974
shp_3_28,50.016499,22.681818,60,2491.199
shp_3_28,50.016476,22.681879,61,2496.223
shp_3_28,50.016388,22.681931,62,2506.564
shp_3_28,50.016315,22.681992,63,2515.702
shp_3_28,50.016281,22.682056,64,2521.904
shp_3_28,50.016193,22.682158,65,2534.162
shp_3_28,50.015839,22.68251,66,2580.921
shp_3_28,50.015839,22.68251,67,2580.921
shp_3_28,50.015697,22.682669,68,2600.35
shp_3_28,50.015411,22.682964,69,2638.552
shp_3_28,50.015079,22.683289,70,2682.071
shp_3_28,50.014568,22.68372,71,2746.813
shp_3_28,50.013206,22.684784,72,2916.358
shp_3_28,50.012779,22.683407,73,3025.688
shp_3_28,50.012779,22.683407,74,3025.688
shp_3_28,50.01263,22.682936,75,3063.271
shp_3_28,50.012077,22.681353,76,3192.144
shp_3_28,50.011887,22.680376,77,3265.293
shp_3_28,50.011551,22.678503,78,3404.374
shp_3_29,50.023018,22.713291,1,0.0
shp_3_29,50.022816,22.713064,2,27.718
shp_3_29,50.022545,22.712669,3,68.992
shp_3_29,50.022293,22.712263,4,109.444
shp_3_29,50.022076,22.711832,5,148.59
shp_3_29,50.02187,22.711378,6,188.386
shp_3_29,50.021172,22.709358,7,352.308
shp_3_29,50.021114,22.709145,8,368.91
shp_3_29,50.021065,22.708906,9,386.87
shp_3_29,50.021015,22.708542,10,413.451
shp_3_29,50.020988,22.708282,11,432.276
shp_3_29,50.020947,22.707487,12,489.402
shp_3_29,50.020947,22.707487,13,489.402
shp_3_29,50.020584,22.699753,14,1044.044
shp_3_29,50.020599,22.699203,15,1083.358
shp_3_29,50.020599,22.699203,16,1083.358
shp_3_29,50.020634,22.698143,17,1159.234
shp_3_29,50.020668,22.69738,18,1213.907
shp_3_29,50.02076,22.697325,19,1225.195
shp_3_29,50.020817,22.697271,20,1232.522
shp_3_29,50.020863,22.697195,21,1240.062
shp_3_29,50.020893,22.697105,22,1247.275
shp_3_29,50.020916,22.696953,23,1258.474
shp_3_29,50.020889,22.696762,24,1272.338
shp_3_29,50.02071,22.696243,25,1314.458
shp_3_29,50.020653,22.696163,26,1323.047
shp_3_29,50.020588,22.696135,27,1330.658
shp_3_29,50.020508,22.69615,28,1339.718
shp_3_29,50.020466,22.696171,29,1344.361
shp_3_29,50.020374,22.696083,30,1356.593
shp_3_29,50.020313,22.695971,31,1367.004
shp_3_29,50.020226,22.69574,32,1386.293
shp_3_29,50.019096,22.692568,33,1645.593
shp_3_29,50.018707,22.691504,34,1733.089
shp_3_29,50.018707,22.691504,35,1733.089
shp_3_29,50.018097,22.689819,36,1871.555
shp_3_29,50.017952,22.689291,37,1912.524
shp_3_29,50.017418,22.685389,38,2197.93
shp_3_29,50.017326,22.684927,39,2232.511
shp_3_29,50.017155,22.684284,40,2282.43
shp_3_29,50.017109,22.684072,41,2298.359
shp_3_29,50.017052,22.683945,42,2309.301
shp_3_29,50.017052,22.683887,43,2313.393
shp_3_29,50.01704,22.683834,44,2317.49
shp_3_29,50.017014,22.683792,45,2321.584
shp_3_29,50.016678,22.682598,46,2414.835
shp_3_29,50.016644,22.682425,47,2427.721
shp_3_29,50.016632,22.682285,48,2437.807
shp_3_29,50.016628,22.682058,49,2454.109
shp_3_29,50.016651,22.682024,50,2457.57
shp_3_29,50.016666,22.681982,51,2461.039
shp_3_29,50.01667,22.681934,52,2464.504
shp_3_29,50.016666,22.681887,53,2467.971
shp_3_29,50.016655,22.681843,54,2471.411
shp_3_29,50.016632,22.681807,55,2474.847
shp_3_29,50.016605,22.681784,56,2478.293
shp_3_29,50.016579,22.681772,57,2481.523
shp_3_29,50.016548,22.681776,58,2484.747
shp_3_29,50.016521,22.681791,59,2487.974
shp_3_29,50.016499,22.681818,60,2491.199
shp_3_29,50.016476,22.681879,61,2496.223
shp_3_29,50.016388,22.681931,62,2506.564
shp_3_29,50.016315,22.681992,63,2515.702
shp_3_29,50.016281,22.682056,64,2521.904
shp_3_29,50.016193,22.682158,65,2534.162
shp_3_29,50.015839,22.68251,66,2580.921
shp_3_29,50.015839,22.68251,67,2580.921
shp_3_29,50.015697,22.682669,68,2600.35
shp_3_29,50.015411,22.682964,69,2638.552
shp_3_29,50.015079,22.683289,70,2682.071
shp_3_29,50.014568,22.68372,71,2746.813
shp_3_29,50.013206,22.684784,72,2916.358
shp_3_29,50.012779,22.683407,73,3025.688
shp_3_29,50.012779,22.683407,74,3025.688
shp_3_29,50.01263,22.682936,75,3063.271
shp_3_29,50.012077,22.681353,76,3192.144
shp_3_29,50.011887,22.680376,77,3265.293
shp_3_29,50.011551,22.678503,78,3404.374
shp_3_29,50.011616,22.678391,79,3415.063
shp_3_29,50.011642,22.678303,80,3422.055
shp_3_29,50.011688,22.678085,81,3438.396
shp_3_29,50.011688,22.678085,82,3438.396
shp_3_29,50.01178,22.677666,83,3470.12
shp_3_29,50.01181,22.677582,84,3477.179
shp_3_29,50.011848,22.677528,85,3482.712
shp_3_29,50.012077,22.677618,86,3509.156
shp_3_29,50.012295,22.677717,87,3534.167
shp_3_29,50.013084,22.678049,88,3625.399
shp_3_29,50.013489,22.678198,89,3671.522
shp_3_29,50.013699,22.678223,90,3694.849
shp_3_29,50.013897,22.678228,91,3716.927
shp_3_29,50.014256,22.678135,92,3757.412
shp_3_29,50.014256,22.678135,93,3757.412
shp_3_29,50.015934,22.67767,94,3947.233
shp_3_29,50.01606,22.677696,95,3961.629
shp_3_29,50.016121,22.677702,96,3968.361
shp_3_29,50.01598,22.676802,97,4034.646
shp_3_29,50.0158,22.675743,98,4112.915
shp_3_29,50.01561,22.674753,99,4186.865
shp_3_29,50.015427,22.673674,100,4266.633
shp_3_29,50.015427,22.673674,101,4266.633
shp_3_29,50.014992,22.671064,102,4459.544
shp_3_29,50.014977,22.670805,103,4478.213
shp_3_29,50.014988,22.67054,104,4497.18
shp_3_29,50.015018,22.670282,105,4515.914
shp_3_29,50.015141,22.669886,106,4547.325
shp_3_29,50.0154,22.669298,107,4598.465
shp_3_29,50.015743,22.668489,108,4667.612
shp_3_29,50.016197,22.667528,109,4753.033
shp_3_29,50.016197,22.667528,110,4753.033
shp_3_29,50.016735,22.666426,111,4852.038
shp_3_29,50.016876,22.666126,112,4878.417
shp_3_29,50.016991,22.665836,113,4902.849
shp_3_29,50.017166,22.66527,114,4947.896
shp_3_29,50.018444,22.660669,115,5306.395
shp_3_29,50.018547,22.660332,116,5333.19
shp_3_29,50.019272,22.657705,117,5537.473
shp_3_29,50.019272,22.657705,118,5537.473
shp_3_29,50.019688,22.656239,119,5652.237
shp_3_29,50.021431,22.649958,120,6141.547
shp_3_29,50.021561,22.649532,121,6175.19
shp_3_29,50.021904,22.648304,122,6271.041
shp_3_29,50.021904,22.648304,123,6271.041
shp_3_29,50.021999,22.647949,124,6298.538
shp_3_29,50.022106,22.647524,125,6331.208
shp_3_29,50.022263,22.646988,126,6373.356
shp_3_29,50.024021,22.640734,127,6861.612
shp_3_30,50.063251,22.68527,1,0.0
shp_3_30,50.063213,22.685268,2,4.264
shp_3_30,50.062714,22.685448,3,61.626
shp_3_30,50.06237,22.685322,4,100.548
shp_3_30,50.061447,22.684866,5,208.4
shp_3_30,50.060528,22.68416,6,322.553
shp_3_30,50.059025,22.683355,7,499.533
shp_3_30,50.059002,22.683331,8,502.745
shp_3_30,50.059002,22.683331,9,502.745
shp_3_30,50.05867,22.68298,10,547.196
shp_3_30,50.058342,22.682575,11,593.876
shp_3_30,50.057899,22.682127,12,652.587
shp_3_30,50.057503,22.681845,13,700.991
shp_3_30,50.05735,22.681225,14,748.596
shp_3_30,50.057144,22.680342,15,815.675
shp_3_30,50.057106,22.680222,16,825.266
shp_3_30,50.056927,22.679914,17,854.796
shp_3_30,50.056374,22.679239,18,933.112
shp_3_30,50.055965,22.678883,19,985.198
shp_3_30,50.055393,22.678411,20,1057.371
shp_3_30,50.055054,22.677921,21,1108.701
shp_3_30,50.055054,22.677921,22,1108.701
shp_3_30,50.054916,22.677715,23,1130.134
shp_3_30,50.054749,22.677507,24,1153.929
shp_3_30,50.054478,22.6772,25,1191.084
shp_3_30,50.05394,22.676645,26,1263.075
shp_3_30,50.053341,22.676062,27,1341.81
shp_3_30,50.052929,22.675798,28,1391.145
shp_3_30,50.052269,22.675787,29,1464.698
shp_3_30,50.051483,22.676062,30,1554.223
shp_3_30,50.050678,22.676508,31,1649.478
shp_3_30,50.050312,22.677076,32,1706.845
shp_3_30,50.050007,22.67808,33,1786.413
shp_3_30,50.049397,22.679848,34,1929.869
shp_3_30,50.049171,22.680307,35,1971.066
shp_3_30,50.048611,22.680683,36,2039.001
shp_3_30,50.048611,22.680683,37,2039.001
shp_3_30,50.048504,22.680754,38,2051.791
shp_3_30,50.047623,22.681768,39,2173.972
shp_3_30,50.047337,22.6819,40,2207.297
shp_3_30,50.046894,22.681746,41,2257.799
shp_3_30,50.046753,22.681679,42,2273.955
shp_3_30,50.044724,22.680635,43,2511.853
shp_3_30,50.044724,22.680635,44,2511.853
shp_3_30,50.044445,22.68049,45,2544.566
shp_3_30,50.043976,22.680134,46,2602.91
shp_3_30,50.043427,22.678789,47,2716.854
shp_3_30,50.043003,22.677803,48,2801.513
shp_3_30,50.042725,22.677418,49,2843.091
shp_3_30,50.042397,22.67724,50,2881.682
shp_3_30,50.041882,22.67713,51,2939.419
shp_3_30,50.041603,22.677126,52,2970.717
shp_3_30,50.041603,22.677126,53,2970.717
shp_3_30,50.041428,22.677124,54,2990.127
shp_3_30,50.041031,22.677166,55,3034.167
shp_3_30,50.040733,22.677134,56,3067.439
shp_3_30,50.04039,22.677027,57,3106.556
shp_3_30,50.039848,22.676601,58,3174.187
shp_3_30,50.039543,22.676342000000002,59,3212.82
shp_3_30,50.039543,22.676342000000002,60,3212.82
shp_3_30,50.039444,22.676256,61,3225.377
shp_3_30,50.039036,22.675858,62,3279.146
shp_3_30,50.038242,22.675396,63,3373.293
shp_3_30,50.037338,22.675161,64,3475.361
shp_3_30,50.037167,22.674919,65,3501.044
shp_3_30,50.037159,22.674738,66,3514.125
shp_3_30,50.037315,22.674232,67,3554.15
shp_3_30,50.037415,22.67399,68,3574.808
shp_3_30,50.037533,22.673761,69,3595.795
shp_3_30,50.0378,22.673323,70,3638.954
shp_3_30,50.037735,22.673193,71,3650.793
shp_3_30,50.037426,22.672441,72,3714.598
shp_3_30,50.037209,22.671963,73,3756.422
shp_3_30,50.036552,22.670639,74,3875.999
shp_3_30,50.036499,22.670462,75,3889.944
shp_3_30,50.036606,22.670296,76,3906.726
shp_3_30,50.036606,22.670296,77,3906.726
shp_3_30,50.036762,22.670069,78,3930.474
shp_3_30,50.036812,22.66992,79,3942.385
shp_3_30,50.036701,22.669949,80,3954.732
shp_3_30,50.036594,22.669945,81,3966.524
shp_3_30,50.036331,22.669878,82,3996.433
shp_3_30,50.035854,22.669788,83,4049.83
shp_3_30,50.035465,22.669819,84,4093.087
shp_3_30,50.034847,22.66995,85,4162.645
shp_3_30,50.034725,22.66997,86,4175.996
shp_3_30,50.034573,22.66996,87,4193.005
shp_3_30,50.034466,22.669935,88,4205.21
shp_3_30,50.034306,22.669859,89,4223.838
shp_3_30,50.034172,22.669764,90,4240.277
shp_3_30,50.033752,22.669395,91,4293.965
shp_3_30,50.03363,22.669304,92,4308.785
shp_3_30,50.03344,22.669182,93,4331.901
shp_3_30,50.033226,22.669083,94,4356.684
shp_3_30,50.033085,22.669043,95,4372.521
shp_3_30,50.032986,22.669024,96,4383.889
shp_3_30,50.032555,22.668997,97,4431.896
shp_3_30,50.032467,22.669006,98,4441.501
shp_3_30,50.032398,22.669024,99,4449.242
shp_3_30,50.032307,22.669062,100,4459.788
shp_3_30,50.032265,22.669088,101,4465.11
shp_3_30,50.032181,22.669172,102,4476.11
shp_3_30,50.032139,22.669226,103,4482.095
shp_3_30,50.032074,22.669333,104,4492.514
shp_3_30,50.031887,22.669769,105,4530.151
shp_3_30,50.031845,22.669834,106,4536.47
shp_3_30,50.031746,22.669952,107,4550.473
shp_3_30,50.031662,22.670015,108,4560.901
shp_3_30,50.031574,22.670053,109,4571.031
shp_3_30,50.03104,22.670143,110,4631.022
shp_3_30,50.030823,22.670197,111,4655.479
shp_3_30,50.030746,22.670227,112,4664.047
shp_3_30,50.030594,22.670332,113,4682.85
shp_3_30,50.030277,22.670626,114,4723.783
shp_3_30,50.030029,22.670868,115,4756.28
shp_3_30,50.029858,22.671024,116,4778.377
shp_3_30,50.029728,22.671118,117,4794.377
shp_3_30,50.029598,22.671186,118,4809.627
shp_3_30,50.029099,22.671398,119,4867.333
shp_3_30,50.028965,22.671473,120,4883.243
shp_3_30,50.028965,22.671473,121,4883.243
shp_3_30,50.028847,22.671549,122,4897.171
shp_3_30,50.028542,22.671806,123,4936.188
shp_3_30,50.027691,22.672445,124,5041.104
shp_3_30,50.027073,22.672884,125,5116.648
shp_3_30,50.026951,22.672955,126,5131.23
shp_3_30,50.026821,22.672993,127,5146.024
shp_3_30,50.02644,22.672911,128,5188.586
shp_3_30,50.026272,22.672892,129,5207.485
shp_3_30,50.025154,22.67288,130,5332.077
shp_3_30,50.024899,22.672905,131,5360.428
shp_3_30,50.024746,22.672962,132,5378.111
shp_3_30,50.024597,22.673077,133,5396.409
shp_3_30,50.024326,22.673418,134,5435.243
shp_3_30,50.023899,22.674036,135,5500.03
shp_3_30,50.023823,22.674118,136,5510.453
shp_3_30,50.023727,22.674189,137,5522.083
shp_3_30,50.023533,22.674263,138,5544.554
shp_3_30,50.023506,22.674236,139,5548.023
shp_3_30,50.023479,22.674219,140,5551.483
shp_3_30,50.023445,22.674217,141,5554.949
shp_3_30,50.023418,22.674229,142,5558.412
shp_3_30,50.023388,22.674253,143,5561.877
shp_3_30,50.023369,22.67429,144,5565.343
shp_3_30,50.02335,22.674362,145,5570.961
shp_3_30,50.02335,22.674429,146,5575.64
shp_3_30,50.023365,22.674473,147,5579.101
shp_3_30,50.023384,22.674511,148,5582.572
shp_3_30,50.023422,22.674547,149,5587.691
shp_3_30,50.023426,22.674664,150,5596.02
shp_3_30,50.023422,22.674841,151,5608.783
shp_3_30,50.023235,22.675385,152,5652.789
shp_3_30,50.02314,22.675806,153,5684.641
shp_3_30,50.02314,22.675806,154,5684.641
shp_3_30,50.02309,22.676031,155,5701.802
shp_3_30,50.022934,22.676477,156,5738.122
shp_3_30,50.02248,22.67742,157,5822.327
shp_3_30,50.022247,22.677763,158,5858.032
shp_3_30,50.021088,22.679022,159,6015.542
shp_3_30,50.020882,22.679253,160,6043.779
shp_3_30,50.020599,22.67955,161,6081.796
shp_3_30,50.020363,22.679829,162,6114.601
shp_3_30,50.020153,22.679964,163,6140.082
shp_3_30,50.020023,22.679972,164,6154.551
shp_3_30,50.018883,22.680185,165,6282.468
shp_3_30,50.018696,22.680229,166,6303.265
shp_3_30,50.018452,22.680273,167,6330.776
shp_3_30,50.018326,22.680313,168,6344.966
shp_3_30,50.018082,22.680523,169,6375.956
shp_3_30,50.01757,22.680939,170,6440.277
shp_3_30,50.017147,22.681295,171,6494.016
shp_3_30,50.017101,22.681274,172,6499.246
shp_3_30,50.017029,22.681265,173,6507.429
shp_3_30,50.017006,22.681219,174,6511.434
shp_3_30,50.016979,22.681185,175,6515.436
shp_3_30,50.016911,22.68079,176,6544.752
shp_3_30,50.016891,22.680721,177,6550.115
shp_3_30,50.016804,22.680517,178,6567.618
shp_3_30,50.016804,22.680517,179,6567.618
shp_3_30,50.016724,22.680325,180,6584.093
shp_3_30,50.016586,22.679928,181,6616.243
shp_3_30,50.016472,22.679508,182,6648.874
shp_3_30,50.016304,22.678753,183,6706.156
shp_3_30,50.016163,22.67798,184,6763.5
shp_3_30,50.016121,22.677702,185,6783.995
shp_3_30,50.01606,22.677696,186,6790.727
shp_3_30,50.015934,22.67767,187,6805.123
shp_3_30,50.014256,22.678135,188,6994.944
shp_3_30,50.014256,22.678135,189,6994.944
shp_3_30,50.013897,22.678228,190,7035.429
shp_3_30,50.013699,22.678223,191,7057.507
shp_3_30,50.013489,22.678198,192,7080.834
shp_3_30,50.013084,22.678049,193,7126.957
shp_3_30,50.012295,22.677717,194,7218.188
shp_3_30,50.012077,22.677618,195,7243.2
shp_3_30,50.011848,22.677528,196,7269.644
shp_3_30,50.011574,22.677437,197,7301.052
shp_3_30,50.011505,22.677443,198,7308.547
shp_3_30,50.011459,22.677475,199,7314.096
shp_3_30,50.011425,22.677544,200,7320.284
shp_3_30,50.011406,22.67762,201,7326.111
shp_3_30,50.01141,22.67771,202,7332.472
shp_3_30,50.01144,22.67787,203,7344.468
shp_3_30,50.01144,22.67787,204,7344.468
shp_3_30,50.011887,22.680376,205,7530.434
shp_3_30,50.012077,22.681353,206,7603.583
shp_3_30,50.01263,22.682936,207,7732.457
shp_3_30,50.012859,22.683657,208,7789.89
shp_3_32,50.018707,22.691504,1,0.0
shp_3_32,50.018097,22.689819,2,138.466
shp_3_32,50.017952,22.689291,3,179.435
shp_3_32,50.017418,22.685389,4,464.841
shp_3_32,50.017326,22.684927,5,499.422
shp_3_32,50.017155,22.684284,6,549.342
shp_3_32,50.017109,22.684072,7,565.27
shp_3_32,50.017052,22.683945,8,576.212
shp_3_32,50.017052,22.683887,9,580.304
shp_3_32,50.01704,22.683834,10,584.402
shp_3_32,50.017014,22.683792,11,588.496
shp_3_32,50.016678,22.682598,12,681.747
shp_3_32,50.016644,22.682425,13,694.633
shp_3_32,50.016632,22.682285,14,704.719
shp_3_32,50.016628,22.682058,15,721.02
shp_3_32,50.016651,22.682024,16,724.482
shp_3_32,50.016666,22.681982,17,727.95
shp_3_32,50.01667,22.681934,18,731.416
shp_3_32,50.016666,22.681887,19,734.882
shp_3_32,50.016655,22.681843,20,738.322
shp_3_32,50.016632,22.681807,21,741.759
shp_3_32,50.016605,22.681784,22,745.204
shp_3_32,50.016579,22.681772,23,748.435
shp_3_32,50.016548,22.681776,24,751.659
shp_3_32,50.016521,22.681791,25,754.886
shp_3_32,50.016499,22.681818,26,758.11
shp_3_32,50.016476,22.681879,27,763.134
shp_3_32,50.016388,22.681931,28,773.475
shp_3_32,50.016315,22.681992,29,782.613
shp_3_32,50.016281,22.682056,30,788.815
shp_3_32,50.016193,22.682158,31,801.073
shp_3_32,50.015839,22.68251,32,847.833
shp_3_32,50.015839,22.68251,33,847.833
shp_3_32,50.015697,22.682669,34,867.262
shp_3_32,50.015411,22.682964,35,905.464
shp_3_32,50.015079,22.683289,36,948.982
shp_3_32,50.014568,22.68372,37,1013.725
shp_3_32,50.013206,22.684784,38,1183.269
shp_3_32,50.012779,22.683407,39,1292.599
shp_3_32,50.012779,22.683407,40,1292.599
shp_3_32,50.01263,22.682936,41,1330.182
shp_3_32,50.012077,22.681353,42,1459.056
shp_3_32,50.011887,22.680376,43,1532.205
shp_3_32,50.011551,22.678503,44,1671.285
shp_3_33,50.018707,22.691504,1,0.0
shp_3_33,50.018097,22.689819,2,138.466
shp_3_33,50.017952,22.689291,3,179.435
shp_3_33,50.017418,22.685389,4,464.841
shp_3_33,50.017326,22.684927,5,499.422
shp_3_33,50.017155,22.684284,6,549.342
shp_3_33,50.017109,22.684072,7,565.27
shp_3_33,50.017052,22.683945,8,576.212
shp_3_33,50.017052,22.683887,9,580.304
shp_3_33,50.01704,22.683834,10,584.402
shp_3_33,50.017014,22.683792,11,588.496
shp_3_33,50.016678,22.682598,12,681.747
shp_3_33,50.016644,22.682425,13,694.633
shp_3_33,50.016632,22.682285,14,704.719
shp_3_33,50.016628,22.682058,15,721.02
shp_3_33,50.016651,22.682024,16,724.482
shp_3_33,50.016666,22.681982,17,727.95
shp_3_33,50.01667,22.681934,18,731.416
shp_3_33,50.016666,22.681887,19,734.882
shp_3_33,50.016655,22.681843,20,738.322
shp_3_33,50.016632,22.681807,21,741.759
shp_3_33,50.016605,22.681784,22,745.204
shp_3_33,50.016579,22.681772,23,748.435
shp_3_33,50.016548,22.681776,24,751.659
shp_3_33,50.016521,22.681791,25,754.886
shp_3_33,50.016499,22.681818,26,758.11
shp_3_33,50.016476,22.681879,27,763.134
shp_3_33,50.016388,22.681931,28,773.475
shp_3_33,50.016315,22.681992,29,782.613
shp_3_33,50.016281,22.682056,30,788.815
shp_3_33,50.016193,22.682158,31,801.073
shp_3_33,50.015839,22.68251,32,847.833
shp_3_33,50.015839,22.68251,33,847.833
shp_3_33,50.015697,22.682669,34,867.262
shp_3_33,50.015411,22.682964,35,905.464
shp_3_33,50.015079,22.683289,36,948.982
shp_3_33,50.014568,22.68372,37,1013.725
shp_3_33,50.013206,22.684784,38,1183.269
shp_3_33,50.012779,22.683407,39,1292.599
shp_3_33,50.012779,22.683407,40,1292.599
shp_3_33,50.01263,22.682936,41,1330.182
shp_3_33,50.012077,22.681353,42,1459.056
shp_3_33,50.011887,22.680376,43,1532.205
shp_3_33,50.011551,22.678503,44,1671.285
shp_3_33,50.011616,22.678391,45,1681.975
shp_3_33,50.011642,22.678303,46,1688.967
shp_3_33,50.011688,22.678085,47,1705.307
shp_3_33,50.011688,22.678085,48,1705.307
shp_3_33,50.01178,22.677666,49,1737.031
shp_3_33,50.01181,22.677582,50,1744.09
shp_3_33,50.011848,22.677528,51,1749.623
shp_3_33,50.012077,22.677618,52,1776.067
shp_3_33,50.012295,22.677717,53,1801.079
shp_3_33,50.013084,22.678049,54,1892.31
shp_3_33,50.013489,22.678198,55,1938.433
shp_3_33,50.013699,22.678223,56,1961.76
shp_3_33,50.013897,22.678228,57,1983.838
shp_3_33,50.014256,22.678135,58,2024.323
shp_3_33,50.014256,22.678135,59,2024.323
shp_3_33,50.015934,22.67767,60,2214.144
shp_3_33,50.01606,22.677696,61,2228.54
shp_3_33,50.016121,22.677702,62,2235.272
shp_3_33,50.01598,22.676802,63,2301.556
shp_3_33,50.0158,22.675743,64,2379.826
shp_3_33,50.01561,22.674753,65,2453.776
shp_3_33,50.015427,22.673674,66,2533.543
shp_3_33,50.015427,22.673674,67,2533.543
shp_3_33,50.014992,22.671064,68,2726.455
shp_3_33,50.014977,22.670805,69,2745.124
shp_3_33,50.014988,22.67054,70,2764.091
shp_3_33,50.015018,22.670282,71,2782.824
shp_3_33,50.015141,22.669886,72,2814.236
shp_3_33,50.0154,22.669298,73,2865.375
shp_3_33,50.015743,22.668489,74,2934.523
shp_3_33,50.016197,22.667528,75,3019.944
shp_3_33,50.016197,22.667528,76,3019.944
shp_3_33,50.016735,22.666426,77,3118.948
shp_3_33,50.016876,22.666126,78,3145.327
shp_3_33,50.016991,22.665836,79,3169.759
shp_3_33,50.017166,22.66527,80,3214.806
shp_3_33,50.018444,22.660669,81,3573.305
shp_3_33,50.018547,22.660332,82,3600.101
shp_3_33,50.019272,22.657705,83,3804.383
shp_3_33,50.019272,22.657705,84,3804.383
shp_3_33,50.019688,22.656239,85,3919.147
shp_3_33,50.021431,22.649958,86,4408.458
shp_3_33,50.021561,22.649532,87,4442.101
shp_3_33,50.021904,22.648304,88,4537.952
shp_3_33,50.021904,22.648304,89,4537.952
shp_3_33,50.021999,22.647949,90,4565.449
shp_3_33,50.022106,22.647524,91,4598.118
shp_3_33,50.022263,22.646988,92,4640.267
shp_3_33,50.024021,22.640734,93,5128.523
shp_3_31,50.016804,22.680517,1,0.0
shp_3_31,50.016724,22.680325,2,16.475
shp_3_31,50.016586,22.679928,3,48.625
shp_3_31,50.016472,22.679508,4,81.257
shp_3_31,50.016304,22.678753,5,138.538
shp_3_31,50.016163,22.67798,6,195.883
shp_3_31,50.016121,22.677702,7,216.377
shp_3_31,50.016212,22.677715,8,226.71
shp_3_31,50.016792,22.67754,9,292.319
shp_3_31,50.017632,22.677242,10,388.261
shp_3_31,50.017872,22.677166,11,415.57
shp_3_31,50.017872,22.677166,12,415.57
shp_3_31,50.018776,22.676867,13,518.162
shp_3_31,50.02018,22.67638,14,678.257
shp_3_31,50.020405,22.676281,15,704.648
shp_3_31,50.023121,22.674553,16,1031.008
shp_3_31,50.023121,22.674553,17,1031.008
shp_3_31,50.02319,22.674511,18,1039.117
shp_3_31,50.023365,22.674473,19,1058.841
shp_3_31,50.023384,22.674511,20,1062.313
shp_3_31,50.023438,22.674555,21,1069.164
shp_3_31,50.023468,22.674557,22,1072.629
shp_3_31,50.023499,22.674545,23,1076.103
shp_3_31,50.023525,22.67452,24,1079.559
shp_3_31,50.023548,22.674486,25,1083.025
shp_3_31,50.02356,22.674442,26,1086.489
shp_3_31,50.023567,22.674381,27,1090.928
shp_3_31,50.023727,22.674189,28,1113.657
shp_3_31,50.023823,22.674118,29,1125.288
shp_3_31,50.023899,22.674036,30,1135.71
shp_3_31,50.024326,22.673418,31,1200.497
shp_3_31,50.024597,22.673077,32,1239.331
shp_3_31,50.024612,22.672916,33,1250.977
shp_3_31,50.024643,22.672791,34,1260.456
shp_3_31,50.024685,22.672668,35,1270.511
shp_3_31,50.025257,22.671513,36,1374.646
shp_3_31,50.025814,22.67012,37,1492.136
shp_3_31,50.025974,22.669786,38,1521.874
shp_3_31,50.026096,22.669575,39,1542.163
shp_3_31,50.026466,22.668989,40,1601.106
shp_3_31,50.026585,22.668787,41,1620.595
shp_3_31,50.026695,22.668579,42,1639.809
shp_3_31,50.026695,22.668579,43,1639.809
shp_3_31,50.026863,22.668228,44,1671.171
shp_3_31,50.027027,22.667841,45,1704.371
shp_3_31,50.027397,22.66692,46,1781.92
shp_3_31,50.027557,22.666475,47,1818.374
shp_3_31,50.027817,22.665688,48,1881.827
shp_3_31,50.028191,22.66453,49,1974.286
shp_3_31,50.028351,22.66395,50,2019.532
shp_3_31,50.028404,22.663681,51,2039.742
shp_3_31,50.028477,22.663111,52,2081.19
shp_3_31,50.028553,22.662676,53,2113.392
shp_3_31,50.028553,22.662676,54,2113.392
shp_3_31,50.028721,22.661724,55,2183.992
shp_3_31,50.029037,22.660435,56,2282.752
shp_3_31,50.029613,22.658552,57,2431.91
shp_3_31,50.029716,22.658281,58,2454.388
shp_3_31,50.029865,22.658005,59,2480.178
shp_3_31,50.030018,22.657814,60,2502.019
shp_3_31,50.030182,22.657629,61,2524.496
shp_3_31,50.030407,22.65741,62,2554.285
shp_3_31,50.030453,22.657333,63,2561.692
shp_3_31,50.030479,22.657263,64,2567.608
shp_3_31,50.030495,22.657156,65,2575.463
shp_3_31,50.030518,22.656675,66,2609.927
shp_3_31,50.031269,22.656778,67,2693.601
shp_3_31,50.031757,22.656879,68,2748.506
shp_3_31,50.031757,22.656879,69,2748.506
shp_3_31,50.031857,22.656902,70,2759.935
shp_3_31,50.032372,22.656809,71,2817.567
shp_3_31,50.032669,22.656637,72,2852.623
shp_3_31,50.033024,22.65608,73,2908.834
shp_3_31,50.03336,22.655531,74,2962.88
shp_3_31,50.03381,22.655128,75,3020.791
shp_3_31,50.03418,22.65485,76,3066.49
shp_3_31,50.034489,22.654518,77,3108.446
shp_3_31,50.034946,22.653711,78,3185.389
shp_3_31,50.03513,22.653555,79,3208.668
shp_3_31,50.036263,22.653156,80,3337.957
shp_3_31,50.036911,22.653133,81,3409.999
shp_3_31,50.037094,22.652971,82,3433.479
shp_3_31,50.037094,22.652971,83,3433.479
shp_3_31,50.036911,22.653133,84,3456.958
shp_3_31,50.036263,22.653156,85,3529.0
shp_3_31,50.03513,22.653555,86,3658.29
shp_3_31,50.034946,22.653711,87,3681.568
shp_3_31,50.034714,22.654125,88,3720.869
shp_3_31,50.034714,22.654125,89,3720.869
shp_3_31,50.034489,22.654518,90,3758.512
shp_3_31,50.03418,22.65485,91,3800.468
shp_3_31,50.03381,22.655128,92,3846.167
shp_3_31,50.03336,22.655531,93,3904.078
shp_3_31,50.033024,22.65608,94,3958.124
shp_3_31,50.032669,22.656637,95,4014.335
shp_3_31,50.032372,22.656809,96,4049.391
shp_3_31,50.031857,22.656902,97,4107.022
shp_3_31,50.031269,22.656778,98,4173.356
shp_3_31,50.030296,22.656641,99,4281.912
shp_3_31,50.030296,22.656641,100,4281.912
shp_3_31,50.029736,22.656555,101,4344.494
shp_3_31,50.02956,22.656542,102,4364.371
shp_3_31,50.029293,22.656584,103,4394.244
shp_3_31,50.028255,22.656921,104,4512.058
shp_3_31,50.027504,22.657179,105,4597.89
shp_3_31,50.027302,22.657207,106,4620.194
shp_3_31,50.027134,22.657217,107,4638.899
shp_3_31,50.026272,22.657146,108,4734.965
shp_3_31,50.026096,22.657137,109,4754.593
shp_3_31,50.025845,22.657143,110,4782.937
shp_3_31,50.025719,22.657196,111,4797.366
shp_3_31,50.025578,22.657284,112,4814.188
shp_3_31,50.025467,22.657385,113,4828.475
shp_3_31,50.025036,22.657829,114,4885.952
shp_3_31,50.024548,22.658373,115,4952.993
shp_3_31,50.024548,22.658373,116,4952.993
shp_3_31,50.024517,22.658405,117,4956.999
shp_3_31,50.023811,22.659515,118,5068.667
shp_3_31,50.023552,22.659893,119,5108.333
shp_3_31,50.023487,22.659971,120,5117.439
shp_3_31,50.023331,22.660126,121,5137.867
shp_3_31,50.023113,22.66029,122,5165.008
shp_3_31,50.022938,22.660395,123,5185.738
shp_3_31,50.022762,22.660452,124,5205.683
shp_3_31,50.022202,22.660568,125,5268.877
shp_3_31,50.022076,22.660667,126,5284.53
shp_3_31,50.021843,22.660948,127,5317.22
shp_3_31,50.021698,22.661079,128,5335.897
shp_3_31,50.021523,22.661184,129,5356.627
shp_3_31,50.021362,22.661203,130,5374.512
shp_3_31,50.020496,22.661161,131,5471.009
shp_3_31,50.02018,22.661324,132,5508.117
shp_3_31,50.019855,22.66153,133,5547.185
shp_3_31,50.019978,22.662119,134,5591.42
shp_3_31,50.019978,22.662119,135,5591.42
shp_3_31,50.020607,22.665245,136,5825.75
shp_3_31,50.02084,22.666607,137,5926.519
shp_3_31,50.020088,22.666992,138,6014.456
shp_3_31,50.020088,22.666992,139,6014.456
shp_3_31,50.019787,22.66715,140,6049.914
shp_3_31,50.018593,22.667738,141,6189.518
shp_3_31,50.017666,22.668173,142,6297.427
shp_3_31,50.01659,22.668524,143,6419.604
shp_3_31,50.01659,22.668524,144,6419.604
shp_3_31,50.016083,22.668688,145,6477.144
shp_3_31,50.015945,22.668688,146,6492.517
shp_3_31,50.015743,22.668489,147,6519.332
shp_3_31,50.0154,22.669298,148,6588.479
shp_3_31,50.015141,22.669886,149,6639.619
shp_3_31,50.015018,22.670282,150,6671.03
shp_3_31,50.014988,22.67054,151,6689.764
shp_3_31,50.014977,22.670805,152,6708.731
shp_3_31,50.014992,22.671064,153,6727.4
shp_3_31,50.015636,22.674923,154,7012.529
shp_3_31,50.015636,22.674923,155,7012.529
shp_3_31,50.015747,22.675762,156,7073.825
shp_3_31,50.015884,22.676592,157,7135.167
shp_3_31,50.01606,22.677696,158,7216.59
shp_3_31,50.015934,22.67767,159,7230.986
shp_3_31,50.014256,22.678135,160,7420.807
shp_3_31,50.014256,22.678135,161,7420.807
shp_3_31,50.013897,22.678228,162,7461.292
shp_3_31,50.013699,22.678223,163,7483.37
shp_3_31,50.013489,22.678198,164,7506.697
shp_3_31,50.013084,22.678049,165,7552.82
shp_3_31,50.012295,22.677717,166,7644.052
shp_3_31,50.012081,22.676617,167,7726.368
shp_3_31,50.012054,22.676416,168,7740.866
shp_3_31,50.011749,22.674868,169,7856.842
shp_3_31,50.011707,22.674679,170,7871.076
shp_3_31,50.011665,22.674536,171,7882.309
shp_3_31,50.011581,22.674387,172,7896.656
shp_3_31,50.011482,22.674297,173,7909.227
shp_3_31,50.011162,22.674171,174,7946.237
shp_3_31,50.010902,22.674112,175,7975.22
shp_3_31,50.010792,22.674095,176,7987.559
shp_3_31,50.010647,22.674047,177,8004.225
shp_3_31,50.010555,22.674051,178,8014.583
shp_3_31,50.010368,22.67412,179,8035.934
shp_3_31,50.010368,22.67412,180,8035.934
shp_3_31,50.010086,22.674242,181,8068.374
shp_3_31,50.009758,22.6744,182,8106.787
shp_3_31,50.009644,22.674528,183,8122.514
shp_3_31,50.009548,22.67465,184,8135.996
shp_3_31,50.009445,22.674879,185,8155.99
shp_3_31,50.00914,22.675945,186,8239.542
shp_3_31,50.00909,22.676067,187,8250.032
shp_3_31,50.008972,22.67625,188,8268.354
shp_3_31,50.008846,22.676373,189,8284.903
shp_3_31,50.008785,22.67642,190,8292.573
shp_3_31,50.008629,22.676487,191,8310.701
shp_3_31,50.008522,22.676487,192,8322.713
shp_3_31,50.008381,22.676462,193,8338.128
shp_3_31,50.007214,22.675966,194,8473.005
shp_3_31,50.006771,22.675755,195,8524.61
shp_3_31,50.006359,22.675583,196,8571.986
shp_3_31,50.005444,22.67522,197,8677.078
shp_3_31,50.005444,22.67522,198,8677.078
shp_3_31,50.004066,22.674671,199,8835.436
shp_3_31,50.003597,22.674475,200,8889.396
shp_3_31,50.003407,22.674366,201,8912.198
shp_3_31,50.003181,22.674179,202,8940.348
shp_3_31,50.001373,22.672417,203,9177.957
shp_3_31,50.001217,22.672287,204,9197.656
shp_3_31,50.001186,22.67227,205,9201.408
shp_3_31,50.001186,22.67227,206,9201.408
shp_3_31,50.001038,22.672186,207,9218.954
shp_3_31,50.000889,22.672123,208,9236.381
shp_3_31,50.000736,22.671988,209,9255.669
shp_3_31,50.000698,22.671923,210,9261.979
shp_3_31,50.000683,22.671867,211,9266.257
shp_3_31,50.00066,22.671822,212,9270.528
shp_3_31,50.000618,22.67178,213,9275.87
shp_3_31,50.000572,22.671759,214,9281.215
shp_3_31,50.000526,22.671761,215,9286.56
shp_3_31,50.000496,22.671772,216,9289.81
shp_3_31,50.000458,22.671806,217,9294.787
shp_3_31,50.000427,22.671856,218,9299.773
shp_3_31,50.000408,22.671919,219,9304.759
shp_3_31,50.000401,22.671993,220,9310.165
shp_3_31,50.000404,22.672068,221,9315.571
shp_3_31,50.000431,22.67214,222,9321.439
shp_3_31,50.000469,22.672197,223,9327.309
shp_3_31,50.000519,22.672228,224,9333.184
shp_3_31,50.000553,22.672235,225,9337.149
shp_3_31,50.000587,22.672228,226,9341.129
shp_3_31,50.000622,22.672209,227,9345.093
shp_3_31,50.000668,22.672155,228,9351.45
shp_3_31,50.000725,22.672129,229,9358.212
shp_3_31,50.000824,22.672131,230,9368.989
shp_3_31,50.000889,22.672123,231,9376.184
shp_3_31,50.001038,22.672186,232,9393.61
shp_3_31,50.001217,22.672287,233,9414.909
shp_3_31,50.001373,22.672417,234,9434.608
shp_3_31,50.001732,22.672766,235,9481.558
shp_3_31,50.001732,22.672766,236,9481.558
shp_3_31,50.003181,22.674179,237,9672.218
shp_3_31,50.003407,22.674366,238,9700.367
shp_3_31,50.003597,22.674475,239,9723.169
shp_3_31,50.004066,22.674671,240,9777.13
shp_3_31,50.006359,22.675583,241,10040.579
shp_3_31,50.006771,22.675755,242,10087.955
shp_3_31,50.007214,22.675966,243,10139.561
shp_3_31,50.007664,22.676157,244,10191.578
shp_3_31,50.007664,22.676157,245,10191.578
shp_3_31,50.008381,22.676462,246,10274.438
shp_3_31,50.008522,22.676487,247,10289.853
shp_3_31,50.008629,22.676487,248,10301.864
shp_3_31,50.008785,22.67642,249,10319.992
shp_3_31,50.008846,22.676373,250,10327.662
shp_3_31,50.008972,22.67625,251,10344.211
shp_3_31,50.00909,22.676067,252,10362.533
shp_3_31,50.00914,22.675945,253,10373.023
shp_3_31,50.009445,22.674879,254,10456.575
shp_3_31,50.009548,22.67465,255,10476.569
shp_3_31,50.009644,22.674528,256,10490.051
shp_3_31,50.009758,22.6744,257,10505.777
shp_3_31,50.010086,22.674242,258,10544.191
shp_3_31,50.010368,22.67412,259,10576.632
shp_3_31,50.010368,22.67412,260,10576.632
shp_3_31,50.010555,22.674051,261,10597.982
shp_3_31,50.010647,22.674047,262,10608.341
shp_3_31,50.010792,22.674095,263,10625.007
shp_3_31,50.010902,22.674221,264,10639.996
shp_3_31,50.011005,22.67429,265,10652.716
shp_3_31,50.011295,22.674385,266,10685.529
shp_3_31,50.011486,22.674465,267,10707.739
shp_3_31,50.011585,22.674593,268,10721.925
shp_3_31,50.011627,22.674669,269,10729.134
shp_3_31,50.011662,22.674767,270,10737.194
shp_3_31,50.011921,22.676048,271,10833.194
shp_3_31,50.012016,22.676472,272,10865.41
shp_3_31,50.012081,22.676617,273,10877.917
shp_3_31,50.012188,22.677195,274,10920.96
shp_3_31,50.012169,22.677332,275,10931.105
shp_3_31,50.012173,22.677383,276,10934.718
shp_3_31,50.012165,22.67745,277,10939.651
shp_3_31,50.012077,22.677618,278,10954.978
shp_3_31,50.011848,22.677528,279,10981.421
shp_3_31,50.011574,22.677437,280,11012.829
shp_3_31,50.011505,22.677443,281,11020.324
shp_3_31,50.011459,22.677475,282,11025.874
shp_3_31,50.011425,22.677544,283,11032.062
shp_3_31,50.011406,22.67762,284,11037.889
shp_3_31,50.01141,22.67771,285,11044.25
shp_3_31,50.01144,22.67787,286,11056.247
shp_3_31,50.01144,22.67787,287,11056.247
shp_3_31,50.011887,22.680376,288,11242.213
shp_3_31,50.012077,22.681353,289,11315.362
shp_3_31,50.01263,22.682936,290,11444.236
shp_3_31,50.012951,22.683949,291,11524.9
shp_3_31,50.012951,22.683949,292,11524.9
shp_3_31,50.013206,22.684784,293,11591.149
shp_3_31,50.013573,22.685844,294,11677.301
shp_3_31,50.014248,22.68791,295,11842.98
shp_3_31,50.014595,22.688906,296,11924.129
shp_3_31,50.015026,22.689936,297,12011.847
shp_3_31,50.015072,22.690109,298,12025.502
shp_3_31,50.015091,22.69022,299,12033.63
shp_3_31,50.015095,22.690329,300,12041.424
shp_3_31,50.014866,22.690819,301,12084.747
shp_3_31,50.014763,22.691057,302,12105.204
shp_3_31,50.014473,22.691687,303,12160.593
shp_3_31,50.014473,22.691687,304,12160.593
shp_3_31,50.013351,22.694134,305,12375.685
shp_3_31,50.012463,22.695618,306,12520.83
shp_3_31,50.010162,22.699406,307,12893.689
shp_3_31,50.010162,22.699406,308,12893.689
shp_3_31,50.00956,22.700415,309,12992.291
shp_3_31,50.008327,22.702946,310,13219.371
shp_3_31,50.006718,22.706289,311,13518.383
shp_3_31,50.006332,22.707127,312,13591.941
shp_3_31,50.005955,22.707909,313,13662.038
shp_3_31,50.005955,22.707909,314,13662.038
shp_3_31,50.00536,22.70915,315,13772.774
shp_3_31,50.004601,22.710709,316,13912.603
shp_3_31,50.004219,22.711521,317,13984.803
shp_3_31,50.004169,22.711546,318,13990.354
shp_3_31,50.003906,22.712061,319,14037.416
shp_3_31,50.00386,22.712168,320,14046.652
shp_3_31,50.003826,22.712158,321,14050.349
shp_3_31,50.003796,22.712164,322,14054.055
shp_3_31,50.003765,22.712183,323,14057.749
shp_3_31,50.003738,22.712215,324,14061.448
shp_3_31,50.003708,22.712296,325,14068.004
shp_3_31,50.003708,22.71236,326,14072.581
shp_3_31,50.003716,22.71241,327,14076.307
shp_3_31,50.00359,22.712648,328,14098.307
shp_3_31,50.003559,22.712748,329,14106.243
shp_3_31,50.003468,22.712915,330,14121.866
shp_3_31,50.003323,22.713213,331,14148.569
shp_3_31,50.003143,22.713715,332,14189.582
shp_3_31,50.002972,22.714098,333,14223.001
shp_3_31,50.002659,22.714745,334,14280.842
shp_3_31,50.002659,22.714745,335,14280.842
shp_3_31,50.000984,22.718224,336,14591.901
shp_3_31,50.000355,22.719498,337,14707.053
shp_3_31,50.00024,22.719309,338,14725.605
shp_3_31,49.999928,22.718504,339,14792.954
shp_3_31,49.99984,22.718456,340,14803.33
shp_3_31,49.999741,22.718493,341,14814.89
shp_3_31,49.999542,22.718731,342,14842.713
shp_3_34,50.023567,22.668962,1,0.0
shp_3_34,50.0233,22.669096,2,31.242
shp_3_34,50.023079,22.668217,3,98.703
shp_3_34,50.022915,22.667435,4,157.506
shp_3_34,50.02261,22.665905,5,272.085
shp_3_34,50.022564,22.665747,6,284.452
shp_3_34,50.023525,22.66523,7,397.592
shp_3_34,50.024166,22.664896,8,472.945
shp_3_34,50.024166,22.664896,9,472.945
shp_3_34,50.024334,22.664804,10,492.58
shp_3_34,50.024471,22.664753,11,508.153
shp_3_34,50.024776,22.666304,12,624.099
shp_3_34,50.025166,22.668182,13,765.326
shp_3_34,50.025448,22.669678,14,876.815
shp_3_34,50.025448,22.669678,15,876.815
shp_3_34,50.025566,22.670292,16,922.674
shp_3_34,50.025612,22.670486,17,937.429
shp_3_34,50.025646,22.670536,18,942.788
shp_3_34,50.025257,22.671513,19,1025.15
shp_3_34,50.024685,22.672668,20,1129.285
shp_3_34,50.024643,22.672791,21,1139.34
shp_3_34,50.024612,22.672916,22,1148.819
shp_3_34,50.024597,22.673077,23,1160.465
shp_3_34,50.024326,22.673418,24,1199.299
shp_3_34,50.023899,22.674036,25,1264.086
shp_3_34,50.023823,22.674118,26,1274.508
shp_3_34,50.023727,22.674189,27,1286.139
shp_3_34,50.023533,22.674263,28,1308.609
shp_3_34,50.023506,22.674236,29,1312.079
shp_3_34,50.023479,22.674219,30,1315.539
shp_3_34,50.023445,22.674217,31,1319.005
shp_3_34,50.023418,22.674229,32,1322.467
shp_3_34,50.023388,22.674253,33,1325.933
shp_3_34,50.023369,22.67429,34,1329.399
shp_3_34,50.02335,22.674362,35,1335.017
shp_3_34,50.02319,22.674511,36,1356.025
shp_3_34,50.022602,22.674887,37,1426.626
shp_3_34,50.021847,22.671854,38,1659.164
shp_3_34,50.021622,22.67083,39,1736.641
shp_3_34,50.021622,22.67083,40,1736.641
shp_3_34,50.021019,22.667641,41,1974.381
shp_3_34,50.02084,22.666607,42,2051.004
shp_3_34,50.020088,22.666992,43,2138.941
shp_3_34,50.020088,22.666992,44,2138.941
shp_3_34,50.019787,22.66715,45,2174.398
shp_3_34,50.018593,22.667738,46,2314.002
shp_3_34,50.017666,22.668173,47,2421.911
shp_3_34,50.01659,22.668524,48,2544.089
shp_3_34,50.01659,22.668524,49,2544.089
shp_3_34,50.016083,22.668688,50,2601.628
shp_3_34,50.015945,22.668688,51,2617.002
shp_3_34,50.015743,22.668489,52,2643.817
shp_3_34,50.0154,22.669298,53,2712.964
shp_3_34,50.015141,22.669886,54,2764.104
shp_3_34,50.015018,22.670282,55,2795.516
shp_3_34,50.014988,22.67054,56,2814.249
shp_3_34,50.014977,22.670805,57,2833.216
shp_3_34,50.014992,22.671064,58,2851.885
shp_3_34,50.015636,22.674923,59,3137.014
shp_3_34,50.015636,22.674923,60,3137.014
shp_3_34,50.015747,22.675762,61,3198.31
shp_3_34,50.015884,22.676592,62,3259.651
shp_3_34,50.01606,22.677696,63,3341.075
shp_3_34,50.015934,22.67767,64,3355.471
shp_3_34,50.014256,22.678135,65,3545.292
shp_3_34,50.014256,22.678135,66,3545.292
shp_3_34,50.013897,22.678228,67,3585.777
shp_3_34,50.013699,22.678223,68,3607.855
shp_3_34,50.013489,22.678198,69,3631.182
shp_3_34,50.013084,22.678049,70,3677.304
shp_3_34,50.012295,22.677717,71,3768.536
shp_3_34,50.012077,22.677618,72,3793.548
shp_3_34,50.011848,22.677528,73,3819.992
shp_3_34,50.011574,22.677437,74,3851.4
shp_3_34,50.011505,22.677443,75,3858.895
shp_3_34,50.011459,22.677475,76,3864.444
shp_3_34,50.011425,22.677544,77,3870.632
shp_3_34,50.011406,22.67762,78,3876.459
shp_3_34,50.01141,22.67771,79,3882.82
shp_3_34,50.01144,22.67787,80,3894.817
shp_3_34,50.01144,22.67787,81,3894.817
shp_3_34,50.011887,22.680376,82,4080.782
shp_3_34,50.012077,22.681353,83,4153.932
shp_3_34,50.01263,22.682936,84,4282.805
shp_3_34,50.012951,22.683949,85,4363.47
shp_3_34,50.012951,22.683949,86,4363.47
shp_3_34,50.013206,22.684784,87,4429.719
shp_3_34,50.013573,22.685844,88,4515.87
shp_3_34,50.014248,22.68791,89,4681.549
shp_3_34,50.014595,22.688906,90,4762.698
shp_3_34,50.015026,22.689936,91,4850.416
shp_3_34,50.015072,22.690109,92,4864.071
shp_3_34,50.015091,22.69022,93,4872.199
shp_3_34,50.015095,22.690329,94,4879.993
shp_3_34,50.014866,22.690819,95,4923.316
shp_3_34,50.014763,22.691057,96,4943.773
shp_3_34,50.014473,22.691687,97,4999.162
shp_3_34,50.014473,22.691687,98,4999.162
shp_3_34,50.013351,22.694134,99,5214.253
shp_3_34,50.012463,22.695618,100,5359.399
shp_3_34,50.010162,22.699406,101,5732.258
shp_3_34,50.010162,22.699406,102,5732.258
shp_3_34,50.00956,22.700415,103,5830.86
shp_3_34,50.008327,22.702946,104,6057.94
shp_3_34,50.006718,22.706289,105,6356.953
shp_3_34,50.006332,22.707127,106,6430.511
shp_3_34,50.005955,22.707909,107,6500.607
shp_3_34,50.005955,22.707909,108,6500.607
shp_3_34,50.00536,22.70915,109,6611.343
shp_3_34,50.004601,22.710709,110,6751.17
shp_3_34,50.004219,22.711521,111,6823.371
shp_3_34,50.004169,22.711546,112,6828.922
shp_3_34,50.003906,22.712061,113,6875.984
shp_3_34,50.00386,22.712168,114,6885.221
shp_3_34,50.003826,22.712158,115,6888.918
shp_3_34,50.003796,22.712164,116,6892.624
shp_3_34,50.003765,22.712183,117,6896.317
shp_3_34,50.003738,22.712215,118,6900.017
shp_3_34,50.003708,22.712296,119,6906.572
shp_3_34,50.003708,22.71236,120,6911.149
shp_3_34,50.003716,22.71241,121,6914.875
shp_3_34,50.00359,22.712648,122,6936.875
shp_3_34,50.003559,22.712748,123,6944.811
shp_3_34,50.003468,22.712915,124,6960.434
shp_3_34,50.003323,22.713213,125,6987.137
shp_3_34,50.003143,22.713715,126,7028.15
shp_3_34,50.002972,22.714098,127,7061.57
shp_3_34,50.002659,22.714745,128,7119.411
shp_3_34,50.002659,22.714745,129,7119.411
shp_3_34,50.000984,22.718224,130,7430.47
shp_3_34,50.000355,22.719498,131,7545.621
shp_3_34,50.00024,22.719309,132,7564.174
shp_3_34,49.999928,22.718504,133,7631.523
shp_3_34,49.99984,22.718456,134,7641.899
shp_3_34,49.999741,22.718493,135,7653.459
shp_3_34,49.999542,22.718731,136,7681.282
shp_3_35,50.023567,22.668962,1,0.0
shp_3_35,50.0233,22.669096,2,31.242
shp_3_35,50.023079,22.668217,3,98.703
shp_3_35,50.022915,22.667435,4,157.506
shp_3_35,50.02261,22.665905,5,272.085
shp_3_35,50.022564,22.665747,6,284.452
shp_3_35,50.023525,22.66523,7,397.592
shp_3_35,50.024166,22.664896,8,472.945
shp_3_35,50.024166,22.664896,9,472.945
shp_3_35,50.024334,22.664804,10,492.58
shp_3_35,50.024471,22.664753,11,508.153
shp_3_35,50.024776,22.666304,12,624.099
shp_3_35,50.025166,22.668182,13,765.326
shp_3_35,50.025448,22.669678,14,876.815
shp_3_35,50.025448,22.669678,15,876.815
shp_3_35,50.025566,22.670292,16,922.674
shp_3_35,50.025612,22.670486,17,937.429
shp_3_35,50.025646,22.670536,18,942.788
shp_3_35,50.025257,22.671513,19,1025.15
shp_3_35,50.024685,22.672668,20,1129.285
shp_3_35,50.024643,22.672791,21,1139.34
shp_3_35,50.024612,22.672916,22,1148.819
shp_3_35,50.024597,22.673077,23,1160.465
shp_3_35,50.024326,22.673418,24,1199.299
shp_3_35,50.023899,22.674036,25,1264.086
shp_3_35,50.023823,22.674118,26,1274.508
shp_3_35,50.023727,22.674189,27,1286.139
shp_3_35,50.023533,22.674263,28,1308.609
shp_3_35,50.023506,22.674236,29,1312.079
shp_3_35,50.023479,22.674219,30,1315.539
shp_3_35,50.023445,22.674217,31,1319.005
shp_3_35,50.023418,22.674229,32,1322.467
shp_3_35,50.023388,22.674253,33,1325.933
shp_3_35,50.023369,22.67429,34,1329.399
shp_3_35,50.02335,22.674362,35,1335.017
shp_3_35,50.02319,22.674511,36,1356.025
shp_3_35,50.022602,22.674887,37,1426.626
shp_3_35,50.021847,22.671854,38,1659.164
shp_3_35,50.021622,22.67083,39,1736.641
shp_3_35,50.021622,22.67083,40,1736.641
shp_3_35,50.021019,22.667641,41,1974.381
shp_3_35,50.02084,22.666607,42,2051.004
shp_3_35,50.020088,22.666992,43,2138.941
shp_3_35,50.020088,22.666992,44,2138.941
shp_3_35,50.019787,22.66715,45,2174.398
shp_3_35,50.018593,22.667738,46,2314.002
shp_3_35,50.017666,22.668173,47,2421.911
shp_3_35,50.01659,22.668524,48,2544.089
shp_3_35,50.01659,22.668524,49,2544.089
shp_3_35,50.016083,22.668688,50,2601.628
shp_3_35,50.015945,22.668688,51,2617.002
shp_3_35,50.015743,22.668489,52,2643.817
shp_3_35,50.016197,22.667528,53,2729.238
shp_3_35,50.016735,22.666426,54,2828.242
shp_3_35,50.016876,22.666126,55,2854.621
shp_3_35,50.016991,22.665836,56,2879.053
shp_3_35,50.017166,22.66527,57,2924.1
shp_3_35,50.018719,22.659706,58,3357.876
shp_3_35,50.018719,22.659706,59,3357.876
shp_3_35,50.019009,22.658646,60,3440.427
shp_3_35,50.019688,22.656239,61,3628.427
shp_3_35,50.021431,22.649958,62,4117.737
shp_3_35,50.021561,22.649532,63,4151.38
shp_3_35,50.021904,22.648304,64,4247.231
shp_3_35,50.021904,22.648304,65,4247.231
shp_3_35,50.021999,22.647949,66,4274.728
shp_3_35,50.022106,22.647524,67,4307.397
shp_3_35,50.022263,22.646988,68,4349.546
shp_3_35,50.024021,22.640734,69,4837.802
shp_3_35,50.02438,22.639437,70,4938.686
shp_3_35,50.02438,22.639437,71,4938.686
shp_3_35,50.024509,22.63896,72,4975.809
shp_3_35,50.024635,22.638548,73,5008.355
shp_3_35,50.024807,22.638147,74,5042.938
shp_3_35,50.024872,22.638029,75,5053.987
shp_3_35,50.024914,22.638037,76,5058.54
shp_3_35,50.024952,22.638027,77,5063.091
shp_3_35,50.02499,22.638002,78,5067.654
shp_3_35,50.025024,22.637964,79,5072.209
shp_3_35,50.025047,22.637915,80,5076.76
shp_3_35,50.025066,22.637856,81,5081.321
shp_3_35,50.02507,22.637794,82,5085.738
shp_3_35,50.025066,22.637733,83,5090.155
shp_3_35,50.025051,22.637671,84,5095.004
shp_3_35,50.025028,22.637615,85,5099.856
shp_3_35,50.024986,22.637566,86,5105.686
shp_3_35,50.024937,22.637541,87,5111.521
shp_3_35,50.024864,22.63755,88,5119.3
shp_3_35,50.024803,22.637604,89,5127.082
shp_3_35,50.024765,22.637693,90,5134.863
shp_3_35,50.024754,22.637766,91,5140.294
shp_3_35,50.024754,22.637842,92,5145.728
shp_3_35,50.024792,22.637951,93,5154.449
shp_3_35,50.024757,22.638107,94,5166.205
shp_3_35,50.024509,22.63896,95,5233.156
shp_3_35,50.024021,22.640734,96,5371.162
shp_3_35,50.024021,22.640734,97,5371.162
shp_3_35,50.022263,22.646988,98,5859.418
shp_3_35,50.022106,22.647524,99,5901.567
shp_3_35,50.021999,22.647949,100,5934.236
shp_3_35,50.021904,22.648304,101,5961.733
shp_3_35,50.021904,22.648304,102,5961.733
shp_3_35,50.021561,22.649532,103,6057.584
shp_3_35,50.021431,22.649958,104,6091.228
shp_3_35,50.019688,22.656239,105,6580.538
shp_3_35,50.019272,22.657705,106,6695.302
shp_3_35,50.019272,22.657705,107,6695.302
shp_3_35,50.018547,22.660332,108,6899.584
shp_3_35,50.018444,22.660669,109,6926.38
shp_3_35,50.017166,22.66527,110,7284.878
shp_3_35,50.016991,22.665836,111,7329.925
shp_3_35,50.016876,22.666126,112,7354.358
shp_3_35,50.016735,22.666426,113,7380.737
shp_3_35,50.016197,22.667528,114,7479.741
shp_3_35,50.016197,22.667528,115,7479.741
shp_3_35,50.015743,22.668489,116,7565.162
shp_3_35,50.0154,22.669298,117,7634.31
shp_3_35,50.015141,22.669886,118,7685.449
shp_3_35,50.015018,22.670282,119,7716.861
shp_3_35,50.014988,22.67054,120,7735.594
shp_3_35,50.014977,22.670805,121,7754.562
shp_3_35,50.014992,22.671064,122,7773.23
shp_3_35,50.015636,22.674923,123,8058.359
shp_3_35,50.015636,22.674923,124,8058.359
shp_3_35,50.015747,22.675762,125,8119.656
shp_3_35,50.015884,22.676592,126,8180.997
shp_3_35,50.01606,22.677696,127,8262.421
shp_3_35,50.015934,22.67767,128,8276.817
shp_3_35,50.014256,22.678135,129,8466.638
shp_3_35,50.014256,22.678135,130,8466.638
shp_3_35,50.013897,22.678228,131,8507.123
shp_3_35,50.013699,22.678223,132,8529.201
shp_3_35,50.013489,22.678198,133,8552.528
shp_3_35,50.013084,22.678049,134,8598.65
shp_3_35,50.012295,22.677717,135,8689.882
shp_3_35,50.012077,22.677618,136,8714.894
shp_3_35,50.011848,22.677528,137,8741.337
shp_3_35,50.011574,22.677437,138,8772.745
shp_3_35,50.011505,22.677443,139,8780.24
shp_3_35,50.011459,22.677475,140,8785.79
shp_3_35,50.011425,22.677544,141,8791.978
shp_3_35,50.011406,22.67762,142,8797.805
shp_3_35,50.01141,22.67771,143,8804.166
shp_3_35,50.01144,22.67787,144,8816.163
shp_3_35,50.01144,22.67787,145,8816.163
shp_3_35,50.011887,22.680376,146,9002.129
shp_3_35,50.012077,22.681353,147,9075.278
shp_3_35,50.01263,22.682936,148,9204.152
shp_3_35,50.012951,22.683949,149,9284.816
shp_3_35,50.012951,22.683949,150,9284.816
shp_3_35,50.013206,22.684784,151,9351.065
shp_3_35,50.013573,22.685844,152,9437.217
shp_3_35,50.014248,22.68791,153,9602.896
shp_3_35,50.014595,22.688906,154,9684.045
shp_3_35,50.015026,22.689936,155,9771.763
shp_3_35,50.015072,22.690109,156,9785.418
shp_3_35,50.015091,22.69022,157,9793.546
shp_3_35,50.015095,22.690329,158,9801.34
shp_3_35,50.014866,22.690819,159,9844.663
shp_3_35,50.014763,22.691057,160,9865.12
shp_3_35,50.014473,22.691687,161,9920.509
shp_3_35,50.014473,22.691687,162,9920.509
shp_3_35,50.013351,22.694134,163,10135.601
shp_3_35,50.012463,22.695618,164,10280.746
shp_3_35,50.010162,22.699406,165,10653.605
shp_3_35,50.010162,22.699406,166,10653.605
shp_3_35,50.00956,22.700415,167,10752.207
shp_3_35,50.008327,22.702946,168,10979.287
shp_3_35,50.006718,22.706289,169,11278.299
shp_3_35,50.006332,22.707127,170,11351.857
shp_3_35,50.005955,22.707909,171,11421.954
shp_3_35,50.005955,22.707909,172,11421.954
shp_3_35,50.00536,22.70915,173,11532.69
shp_3_35,50.004601,22.710709,174,11672.519
shp_3_35,50.004219,22.711521,175,11744.719
shp_3_35,50.004169,22.711546,176,11750.27
shp_3_35,50.003906,22.712061,177,11797.332
shp_3_35,50.00386,22.712168,178,11806.568
shp_3_35,50.003826,22.712158,179,11810.265
shp_3_35,50.003796,22.712164,180,11813.971
shp_3_35,50.003765,22.712183,181,11817.665
shp_3_35,50.003738,22.712215,182,11821.364
shp_3_35,50.003708,22.712296,183,11827.92
shp_3_35,50.003708,22.71236,184,11832.497
shp_3_35,50.003716,22.71241,185,11836.223
shp_3_35,50.00359,22.712648,186,11858.223
shp_3_35,50.003559,22.712748,187,11866.159
shp_3_35,50.003468,22.712915,188,11881.782
shp_3_35,50.003323,22.713213,189,11908.485
shp_3_35,50.003143,22.713715,190,11949.498
shp_3_35,50.002972,22.714098,191,11982.917
shp_3_35,50.002659,22.714745,192,12040.758
shp_3_35,50.002659,22.714745,193,12040.758
shp_3_35,50.000984,22.718224,194,12351.817
shp_3_35,50.000355,22.719498,195,12466.969
shp_3_35,50.00024,22.719309,196,12485.521
shp_3_35,49.999928,22.718504,197,12552.87
shp_3_35,49.99984,22.718456,198,12563.246
shp_3_35,49.999741,22.718493,199,12574.806
shp_3_35,49.999542,22.718731,200,12602.629
shp_3_36,50.015839,22.68251,1,0.0
shp_3_36,50.015697,22.682669,2,19.429
shp_3_36,50.015411,22.682964,3,57.631
shp_3_36,50.015079,22.683289,4,101.149
shp_3_36,50.014568,22.68372,5,165.892
shp_3_36,50.013206,22.684784,6,335.436
shp_3_36,50.012779,22.683407,7,444.766
shp_3_36,50.012779,22.683407,8,444.766
shp_3_36,50.01263,22.682936,9,482.349
shp_3_36,50.012077,22.681353,10,611.223
shp_3_36,50.011887,22.680376,11,684.372
shp_3_36,50.011551,22.678503,12,823.453
shp_3_36,50.011616,22.678391,13,834.142
shp_3_36,50.011642,22.678303,14,841.134
shp_3_36,50.011688,22.678085,15,857.474
shp_3_36,50.011688,22.678085,16,857.474
shp_3_36,50.01178,22.677666,17,889.198
shp_3_36,50.01181,22.677582,18,896.257
shp_3_36,50.011848,22.677528,19,901.791
shp_3_36,50.012077,22.677618,20,928.235
shp_3_36,50.012295,22.677717,21,953.246
shp_3_36,50.013084,22.678049,22,1044.478
shp_3_36,50.013489,22.678198,23,1090.6
shp_3_36,50.013699,22.678223,24,1113.927
shp_3_36,50.013897,22.678228,25,1136.005
shp_3_36,50.014256,22.678135,26,1176.49
shp_3_36,50.014256,22.678135,27,1176.49
shp_3_36,50.015934,22.67767,28,1366.311
shp_3_36,50.01606,22.677696,29,1380.707
shp_3_36,50.016186,22.678421,30,1434.432
shp_3_36,50.016327,22.679119,31,1486.681
shp_3_36,50.016483,22.679752,32,1535.215
shp_3_36,50.016544,22.67997,33,1552.111
shp_3_36,50.016651,22.680279,34,1577.298
shp_3_36,50.016842,22.680756,35,1617.62
shp_3_36,50.01688,22.680912,36,1629.568
shp_3_36,50.016888,22.680979,37,1634.266
shp_3_36,50.016865,22.681187,38,1649.409
shp_3_36,50.016838,22.681219,39,1653.156
shp_3_36,50.016819,22.681261,40,1656.917
shp_3_36,50.016808,22.681311,41,1660.674
shp_3_36,50.016804,22.681364,42,1664.426
shp_3_36,50.016815,22.681416,43,1668.182
shp_3_36,50.016685,22.681654,44,1690.484
shp_3_36,50.016605,22.681784,45,1703.181
shp_3_36,50.016579,22.681772,46,1706.411
shp_3_36,50.016548,22.681776,47,1709.635
shp_3_36,50.016521,22.681791,48,1712.862
shp_3_36,50.016499,22.681818,49,1716.087
shp_3_36,50.016476,22.681879,50,1721.111
shp_3_36,50.016472,22.681953,51,1726.398
shp_3_36,50.016479,22.682001,52,1729.99
shp_3_36,50.016514,22.682058,53,1735.473
shp_3_36,50.01656,22.682085,54,1740.954
shp_3_36,50.016655,22.682688,55,1785.342
shp_3_36,50.016861,22.683418,56,1842.391
shp_3_36,50.016884,22.683567,57,1853.297
shp_3_36,50.01688,22.68379,58,1869.288
shp_3_36,50.016853,22.683834,59,1873.411
shp_3_36,50.016842,22.683887,60,1877.527
shp_3_36,50.016842,22.683945,61,1881.648
shp_3_36,50.01685,22.683992,62,1885.24
shp_3_36,50.016869,22.684034,63,1888.829
shp_3_36,50.016895,22.684065,64,1892.423
shp_3_36,50.016922,22.684082,65,1895.841
shp_3_36,50.016953,22.684086,66,1899.257
shp_3_36,50.016983,22.684074,67,1902.685
shp_3_36,50.01704,22.684116,68,1909.552
shp_3_36,50.017155,22.684284,69,1926.919
shp_3_36,50.017326,22.684927,70,1976.839
shp_3_36,50.017418,22.685389,71,2011.419
shp_3_36,50.017952,22.689291,72,2296.826
shp_3_36,50.018097,22.689819,73,2337.794
shp_3_36,50.01857,22.691122,74,2444.841
shp_3_36,50.01857,22.691122,75,2444.841
shp_3_36,50.019096,22.692568,76,2563.756
shp_3_36,50.020226,22.69574,77,2823.056
shp_3_36,50.020313,22.695971,78,2842.345
shp_3_36,50.020325,22.696157,79,2855.691
shp_3_36,50.020302,22.696304,80,2866.545
shp_3_36,50.020267,22.696341,81,2871.298
shp_3_36,50.020214,22.696417,82,2879.266
shp_3_36,50.020203,22.696495,83,2885.0
shp_3_36,50.020206,22.6966,84,2892.506
shp_3_36,50.020412,22.697247,85,2944.045
shp_3_36,50.020451,22.697317,86,2950.591
shp_3_36,50.020531,22.697367,87,2960.459
shp_3_36,50.020668,22.69738,88,2975.481
shp_3_36,50.02076,22.697325,89,2986.769
shp_3_36,50.020817,22.697271,90,2994.096
shp_3_36,50.020863,22.697195,91,3001.636
shp_3_36,50.020893,22.697105,92,3008.849
shp_3_36,50.020916,22.696953,93,3020.048
shp_3_36,50.020958,22.696877,94,3027.11
shp_3_36,50.021004,22.696827,95,3033.468
shp_3_36,50.02108,22.696795,96,3042.139
shp_3_36,50.021141,22.696848,97,3050.154
shp_3_36,50.02124,22.696951,98,3063.262
shp_3_36,50.02124,22.696951,99,3063.262
shp_3_36,50.021553,22.697285,100,3105.444
shp_3_36,50.022018,22.697752,101,3167.327
shp_3_36,50.022369,22.697985,102,3209.632
shp_3_36,50.022682,22.698097,103,3245.372
shp_3_36,50.023003,22.69825,104,3282.589
shp_3_36,50.023235,22.69845,105,3312.197
shp_3_36,50.023296,22.698483,106,3319.523
shp_3_36,50.023342,22.698488,107,3324.76
shp_3_36,50.023376,22.698481,108,3328.638
shp_3_36,50.023411,22.698458,109,3332.669
shp_3_36,50.023449,22.698416,110,3337.84
shp_3_36,50.023628,22.698116,111,3367.007
shp_3_36,50.02475,22.69602,112,3562.346
shp_3_36,50.02475,22.69602,113,3562.346
shp_3_36,50.024971,22.695614,114,3600.237
shp_3_36,50.025246,22.695042,115,3651.419
shp_3_36,50.026215,22.693281,116,3817.256
shp_3_36,50.026379,22.693544,117,3843.497
shp_3_36,50.027153,22.694521,118,3954.199
shp_3_36,50.027435,22.694847,119,3993.358
shp_3_36,50.027512,22.694921,120,4003.321
shp_3_36,50.027584,22.694979,121,4012.511
shp_3_36,50.027664,22.695019,122,4021.808
shp_3_36,50.027744,22.695028,123,4030.84
shp_3_36,50.027889,22.695002,124,4047.013
shp_3_36,50.028172,22.694933,125,4078.953
shp_3_36,50.02829,22.694927,126,4092.029
shp_3_36,50.028446,22.694944,127,4109.543
shp_3_36,50.028641,22.694996,128,4131.47
shp_3_36,50.029037,22.695131,129,4176.563
shp_3_36,50.030437,22.695658,130,4337.274
shp_3_36,50.030651,22.695747,131,4361.634
shp_3_36,50.030766,22.695829,132,4375.728
shp_3_36,50.03072,22.696171,133,4400.731
shp_3_36,50.03072,22.696171,134,4400.731
shp_3_36,50.030766,22.695829,135,4425.734
shp_3_36,50.030651,22.695747,136,4439.828
shp_3_36,50.030437,22.695658,137,4464.188
shp_3_36,50.029037,22.695131,138,4624.899
shp_3_36,50.028641,22.694996,139,4669.992
shp_3_36,50.028446,22.694944,140,4691.919
shp_3_36,50.02829,22.694927,141,4709.433
shp_3_36,50.028172,22.694933,142,4722.509
shp_3_36,50.027889,22.695002,143,4754.45
shp_3_36,50.027744,22.695028,144,4770.622
shp_3_36,50.027664,22.695019,145,4779.654
shp_3_36,50.027584,22.694979,146,4788.951
shp_3_36,50.027512,22.694921,147,4798.142
shp_3_36,50.027435,22.694847,148,4808.104
shp_3_36,50.027153,22.694521,149,4847.264
shp_3_36,50.026379,22.693544,150,4957.966
shp_3_36,50.026215,22.693281,151,4984.206
shp_3_36,50.025681,22.692341,152,5074.001
shp_3_36,50.025513,22.692095,153,5099.661
shp_3_36,50.024723,22.691427,154,5199.86
shp_3_36,50.024597,22.69136,155,5214.661
shp_3_36,50.023476,22.690903,156,5343.65
shp_3_36,50.023548,22.689955,157,5411.942
shp_3_36,50.023548,22.689955,158,5411.942
shp_3_36,50.023643,22.688744,159,5499.197
shp_3_36,50.023865,22.686981,160,5627.665
shp_3_36,50.023869,22.686811,161,5639.774
shp_3_36,50.0238,22.68671,162,5650.545
shp_3_36,50.023418,22.686268,163,5703.21
shp_3_36,50.02314,22.68574,164,5752.102
shp_3_36,50.02314,22.68574,165,5752.102
shp_3_36,50.022766,22.685032,166,5817.771
shp_3_36,50.023186,22.683523,167,5935.365
shp_3_36,50.023403,22.683758,168,5964.862
shp_3_36,50.023403,22.683758,169,5964.862
shp_3_36,50.024162,22.68458,170,6067.944
shp_3_36,50.024254,22.684658,171,6079.431
shp_3_36,50.0243,22.68453,172,6089.862
shp_3_36,50.024334,22.684385,173,6100.979
shp_3_36,50.024506,22.683435,174,6171.568
shp_3_36,50.024822,22.683229,175,6209.69
shp_3_36,50.026146,22.68364,176,6359.903
shp_3_36,50.027172,22.683775,177,6474.613
shp_3_36,50.028923,22.683966,178,6669.755
shp_3_36,50.028923,22.683966,179,6669.755
shp_3_36,50.029472,22.684027,180,6731.111
shp_3_36,50.031628,22.684761,181,6976.568
shp_3_36,50.032333,22.684994,182,7057.169
shp_3_36,50.033169,22.685287,183,7152.58
shp_3_36,50.033169,22.685287,184,7152.58
shp_3_36,50.033901,22.685543,185,7236.048
shp_3_36,50.035202,22.685974,186,7383.794
shp_3_36,50.035561,22.686108,187,7425.0
shp_3_36,50.035923,22.686287,188,7467.258
shp_3_36,50.036247,22.68648,189,7505.839
shp_3_36,50.036896,22.686815,190,7581.986
shp_3_37,50.015839,22.68251,1,0.0
shp_3_37,50.015697,22.682669,2,19.429
shp_3_37,50.015411,22.682964,3,57.631
shp_3_37,50.015079,22.683289,4,101.149
shp_3_37,50.014568,22.68372,5,165.892
shp_3_37,50.013206,22.684784,6,335.436
shp_3_37,50.012951,22.683949,7,401.686
shp_3_37,50.012951,22.683949,8,401.686
shp_3_37,50.01263,22.682936,9,482.35
shp_3_37,50.012077,22.681353,10,611.224
shp_3_37,50.011887,22.680376,11,684.373
shp_3_37,50.011551,22.678503,12,823.453
shp_3_37,50.011616,22.678391,13,834.143
shp_3_37,50.011642,22.678303,14,841.135
shp_3_37,50.011688,22.678085,15,857.475
shp_3_37,50.011688,22.678085,16,857.475
shp_3_37,50.01178,22.677666,17,889.199
shp_3_37,50.01181,22.677582,18,896.258
shp_3_37,50.011848,22.677528,19,901.791
shp_3_37,50.012077,22.677618,20,928.235
shp_3_37,50.012295,22.677717,21,953.247
shp_3_37,50.013084,22.678049,22,1044.479
shp_3_37,50.013489,22.678198,23,1090.601
shp_3_37,50.013699,22.678223,24,1113.928
shp_3_37,50.013897,22.678228,25,1136.006
shp_3_37,50.014256,22.678135,26,1176.491
shp_3_37,50.014256,22.678135,27,1176.491
shp_3_37,50.015934,22.67767,28,1366.312
shp_3_37,50.01606,22.677696,29,1380.708
shp_3_37,50.016186,22.678421,30,1434.432
shp_3_37,50.016327,22.679119,31,1486.682
shp_3_37,50.016483,22.679752,32,1535.215
shp_3_37,50.016544,22.67997,33,1552.112
shp_3_37,50.016651,22.680279,34,1577.299
shp_3_37,50.016842,22.680756,35,1617.621
shp_3_37,50.01688,22.680912,36,1629.568
shp_3_37,50.016888,22.680979,37,1634.266
shp_3_37,50.016865,22.681187,38,1649.41
shp_3_37,50.016838,22.681219,39,1653.157
shp_3_37,50.016819,22.681261,40,1656.918
shp_3_37,50.016808,22.681311,41,1660.675
shp_3_37,50.016804,22.681364,42,1664.427
shp_3_37,50.016815,22.681416,43,1668.182
shp_3_37,50.016685,22.681654,44,1690.485
shp_3_37,50.016605,22.681784,45,1703.182
shp_3_37,50.016579,22.681772,46,1706.412
shp_3_37,50.016548,22.681776,47,1709.636
shp_3_37,50.016521,22.681791,48,1712.863
shp_3_37,50.016499,22.681818,49,1716.088
shp_3_37,50.016476,22.681879,50,1721.111
shp_3_37,50.016472,22.681953,51,1726.398
shp_3_37,50.016479,22.682001,52,1729.991
shp_3_37,50.016514,22.682058,53,1735.474
shp_3_37,50.01656,22.682085,54,1740.955
shp_3_37,50.016655,22.682688,55,1785.343
shp_3_37,50.016861,22.683418,56,1842.392
shp_3_37,50.016884,22.683567,57,1853.297
shp_3_37,50.01688,22.68379,58,1869.288
shp_3_37,50.016853,22.683834,59,1873.411
shp_3_37,50.016842,22.683887,60,1877.528
shp_3_37,50.016842,22.683945,61,1881.649
shp_3_37,50.01685,22.683992,62,1885.241
shp_3_37,50.016869,22.684034,63,1888.83
shp_3_37,50.016895,22.684065,64,1892.423
shp_3_37,50.016922,22.684082,65,1895.842
shp_3_37,50.016953,22.684086,66,1899.258
shp_3_37,50.016983,22.684074,67,1902.686
shp_3_37,50.01704,22.684116,68,1909.553
shp_3_37,50.017155,22.684284,69,1926.919
shp_3_37,50.017326,22.684927,70,1976.839
shp_3_37,50.017418,22.685389,71,2011.42
shp_3_37,50.017952,22.689291,72,2296.826
shp_3_37,50.018097,22.689819,73,2337.795
shp_3_37,50.01857,22.691122,74,2444.842
shp_3_37,50.01857,22.691122,75,2444.842
shp_3_37,50.019096,22.692568,76,2563.757
shp_3_37,50.020226,22.69574,77,2823.057
shp_3_37,50.020313,22.695971,78,2842.346
shp_3_37,50.020325,22.696157,79,2855.691
shp_3_37,50.020302,22.696304,80,2866.546
shp_3_37,50.020267,22.696341,81,2871.298
shp_3_37,50.020214,22.696417,82,2879.267
shp_3_37,50.020203,22.696495,83,2885.0
shp_3_37,50.020206,22.6966,84,2892.506
shp_3_37,50.020412,22.697247,85,2944.045
shp_3_37,50.020451,22.697317,86,2950.591
shp_3_37,50.020531,22.697367,87,2960.46
shp_3_37,50.020668,22.69738,88,2975.482
shp_3_37,50.02076,22.697325,89,2986.769
shp_3_37,50.020817,22.697271,90,2994.097
shp_3_37,50.020863,22.697195,91,3001.637
shp_3_37,50.020893,22.697105,92,3008.849
shp_3_37,50.020916,22.696953,93,3020.049
shp_3_37,50.020958,22.696877,94,3027.11
shp_3_37,50.021004,22.696827,95,3033.468
shp_3_37,50.02108,22.696795,96,3042.14
shp_3_37,50.021141,22.696848,97,3050.155
shp_3_37,50.02124,22.696951,98,3063.262
shp_3_37,50.02124,22.696951,99,3063.262
shp_3_37,50.021553,22.697285,100,3105.444
shp_3_37,50.022018,22.697752,101,3167.327
shp_3_37,50.022369,22.697985,102,3209.633
shp_3_37,50.022682,22.698097,103,3245.373
shp_3_37,50.023003,22.69825,104,3282.589
shp_3_37,50.023235,22.69845,105,3312.198
shp_3_37,50.023296,22.698483,106,3319.524
shp_3_37,50.023342,22.698488,107,3324.76
shp_3_37,50.023376,22.698481,108,3328.638
shp_3_37,50.023411,22.698458,109,3332.67
shp_3_37,50.023449,22.698416,110,3337.841
shp_3_37,50.023628,22.698116,111,3367.008
shp_3_37,50.02475,22.69602,112,3562.347
shp_3_37,50.02475,22.69602,113,3562.347
shp_3_37,50.024971,22.695614,114,3600.237
shp_3_37,50.025246,22.695042,115,3651.419
shp_3_37,50.026215,22.693281,116,3817.257
shp_3_37,50.025681,22.692341,117,3907.052
shp_3_37,50.025513,22.692095,118,3932.712
shp_3_37,50.024723,22.691427,119,4032.911
shp_3_37,50.024597,22.69136,120,4047.711
shp_3_37,50.023476,22.690903,121,4176.701
shp_3_37,50.023548,22.689955,122,4244.992
shp_3_37,50.023548,22.689955,123,4244.992
shp_3_37,50.023643,22.688744,124,4332.247
shp_3_37,50.023865,22.686981,125,4460.715
shp_3_37,50.023869,22.686811,126,4472.825
shp_3_37,50.0238,22.68671,127,4483.595
shp_3_37,50.023418,22.686268,128,4536.261
shp_3_37,50.02314,22.68574,129,4585.152
shp_3_37,50.02314,22.68574,130,4585.152
shp_3_37,50.022766,22.685032,131,4650.821
shp_3_37,50.023186,22.683523,132,4768.415
shp_3_37,50.023403,22.683758,133,4797.912
shp_3_37,50.023403,22.683758,134,4797.912
shp_3_37,50.024162,22.68458,135,4900.995
shp_3_37,50.024254,22.684658,136,4912.481
shp_3_37,50.0243,22.68453,137,4922.912
shp_3_37,50.024334,22.684385,138,4934.029
shp_3_37,50.024506,22.683435,139,5004.619
shp_3_37,50.024822,22.683229,140,5042.741
shp_3_37,50.026146,22.68364,141,5192.953
shp_3_37,50.027172,22.683775,142,5307.663
shp_3_37,50.028923,22.683966,143,5502.805
shp_3_37,50.028923,22.683966,144,5502.805
shp_3_37,50.029472,22.684027,145,5564.162
shp_3_37,50.031628,22.684761,146,5809.618
shp_3_37,50.032333,22.684994,147,5890.219
shp_3_37,50.033169,22.685287,148,5985.63
shp_3_37,50.033169,22.685287,149,5985.63
shp_3_37,50.033901,22.685543,150,6069.099
shp_3_37,50.035202,22.685974,151,6216.844
shp_3_37,50.035561,22.686108,152,6258.05
shp_3_37,50.035923,22.686287,153,6300.309
shp_3_37,50.036247,22.68648,154,6338.889
shp_3_37,50.036896,22.686815,155,6415.037
shp_3_38,50.015839,22.68251,1,0.0
shp_3_38,50.015697,22.682669,2,19.429
shp_3_38,50.015411,22.682964,3,57.631
shp_3_38,50.015079,22.683289,4,101.149
shp_3_38,50.014568,22.68372,5,165.892
shp_3_38,50.013206,22.684784,6,335.436
shp_3_38,50.012951,22.683949,7,401.686
shp_3_38,50.012951,22.683949,8,401.686
shp_3_38,50.01263,22.682936,9,482.35
shp_3_38,50.012077,22.681353,10,611.224
shp_3_38,50.011887,22.680376,11,684.373
shp_3_38,50.011551,22.678503,12,823.453
shp_3_38,50.011616,22.678391,13,834.143
shp_3_38,50.011642,22.678303,14,841.135
shp_3_38,50.011688,22.678085,15,857.475
shp_3_38,50.011688,22.678085,16,857.475
shp_3_38,50.01178,22.677666,17,889.199
shp_3_38,50.01181,22.677582,18,896.258
shp_3_38,50.011848,22.677528,19,901.791
shp_3_38,50.012077,22.677618,20,928.235
shp_3_38,50.012295,22.677717,21,953.247
shp_3_38,50.013084,22.678049,22,1044.479
shp_3_38,50.013489,22.678198,23,1090.601
shp_3_38,50.013699,22.678223,24,1113.928
shp_3_38,50.013897,22.678228,25,1136.006
shp_3_38,50.014256,22.678135,26,1176.491
shp_3_38,50.014256,22.678135,27,1176.491
shp_3_38,50.015934,22.67767,28,1366.312
shp_3_38,50.01606,22.677696,29,1380.708
shp_3_38,50.016186,22.678421,30,1434.432
shp_3_38,50.016327,22.679119,31,1486.682
shp_3_38,50.016483,22.679752,32,1535.215
shp_3_38,50.016544,22.67997,33,1552.112
shp_3_38,50.016651,22.680279,34,1577.299
shp_3_38,50.016842,22.680756,35,1617.621
shp_3_38,50.01688,22.680912,36,1629.568
shp_3_38,50.016888,22.680979,37,1634.266
shp_3_38,50.016865,22.681187,38,1649.41
shp_3_38,50.016838,22.681219,39,1653.157
shp_3_38,50.016819,22.681261,40,1656.918
shp_3_38,50.016808,22.681311,41,1660.675
shp_3_38,50.016804,22.681364,42,1664.427
shp_3_38,50.016815,22.681416,43,1668.182
shp_3_38,50.016685,22.681654,44,1690.485
shp_3_38,50.016605,22.681784,45,1703.182
shp_3_38,50.016579,22.681772,46,1706.412
shp_3_38,50.016548,22.681776,47,1709.636
shp_3_38,50.016521,22.681791,48,1712.863
shp_3_38,50.016499,22.681818,49,1716.088
shp_3_38,50.016476,22.681879,50,1721.111
shp_3_38,50.016472,22.681953,51,1726.398
shp_3_38,50.016479,22.682001,52,1729.991
shp_3_38,50.016514,22.682058,53,1735.474
shp_3_38,50.01656,22.682085,54,1740.955
shp_3_38,50.016655,22.682688,55,1785.343
shp_3_38,50.016861,22.683418,56,1842.392
shp_3_38,50.016884,22.683567,57,1853.297
shp_3_38,50.01688,22.68379,58,1869.288
shp_3_38,50.016853,22.683834,59,1873.411
shp_3_38,50.016842,22.683887,60,1877.528
shp_3_38,50.016842,22.683945,61,1881.649
shp_3_38,50.01685,22.683992,62,1885.241
shp_3_38,50.016869,22.684034,63,1888.83
shp_3_38,50.016895,22.684065,64,1892.423
shp_3_38,50.016922,22.684082,65,1895.842
shp_3_38,50.016953,22.684086,66,1899.258
shp_3_38,50.016983,22.684074,67,1902.686
shp_3_38,50.01704,22.684116,68,1909.553
shp_3_38,50.017155,22.684284,69,1926.919
shp_3_38,50.017326,22.684927,70,1976.839
shp_3_38,50.017418,22.685389,71,2011.42
shp_3_38,50.017952,22.689291,72,2296.826
shp_3_38,50.018097,22.689819,73,2337.795
shp_3_38,50.01857,22.691122,74,2444.842
shp_3_38,50.01857,22.691122,75,2444.842
shp_3_38,50.019096,22.692568,76,2563.757
shp_3_38,50.020226,22.69574,77,2823.057
shp_3_38,50.020313,22.695971,78,2842.346
shp_3_38,50.020325,22.696157,79,2855.691
shp_3_38,50.020302,22.696304,80,2866.546
shp_3_38,50.020267,22.696341,81,2871.298
shp_3_38,50.020214,22.696417,82,2879.267
shp_3_38,50.020203,22.696495,83,2885.0
shp_3_38,50.020206,22.6966,84,2892.506
shp_3_38,50.020412,22.697247,85,2944.045
shp_3_38,50.020451,22.697317,86,2950.591
shp_3_38,50.020531,22.697367,87,2960.46
shp_3_38,50.020668,22.69738,88,2975.482
shp_3_38,50.02076,22.697325,89,2986.769
shp_3_38,50.020817,22.697271,90,2994.097
shp_3_38,50.020863,22.697195,91,3001.637
shp_3_38,50.020893,22.697105,92,3008.849
shp_3_38,50.020916,22.696953,93,3020.049
shp_3_38,50.020958,22.696877,94,3027.11
shp_3_38,50.021004,22.696827,95,3033.468
shp_3_38,50.02108,22.696795,96,3042.14
shp_3_38,50.021141,22.696848,97,3050.155
shp_3_38,50.02124,22.696951,98,3063.262
shp_3_38,50.02124,22.696951,99,3063.262
shp_3_38,50.021553,22.697285,100,3105.444
shp_3_38,50.022018,22.697752,101,3167.327
shp_3_38,50.022369,22.697985,102,3209.633
shp_3_38,50.022682,22.698097,103,3245.373
shp_3_38,50.023003,22.69825,104,3282.589
shp_3_38,50.023235,22.69845,105,3312.198
shp_3_38,50.023296,22.698483,106,3319.524
shp_3_38,50.023342,22.698488,107,3324.76
shp_3_38,50.023376,22.698481,108,3328.638
shp_3_38,50.023411,22.698458,109,3332.67
shp_3_38,50.023449,22.698416,110,3337.841
shp_3_38,50.023628,22.698116,111,3367.008
shp_3_38,50.02475,22.69602,112,3562.347
shp_3_38,50.02475,22.69602,113,3562.347
shp_3_38,50.024971,22.695614,114,3600.237
shp_3_38,50.025246,22.695042,115,3651.419
shp_3_38,50.026215,22.693281,116,3817.257
shp_3_38,50.026379,22.693544,117,3843.497
shp_3_38,50.027153,22.694521,118,3954.199
shp_3_38,50.027435,22.694847,119,3993.359
shp_3_38,50.027512,22.694921,120,4003.321
shp_3_38,50.027584,22.694979,121,4012.512
shp_3_38,50.027664,22.695019,122,4021.809
shp_3_38,50.027744,22.695028,123,4030.841
shp_3_38,50.027889,22.695002,124,4047.013
shp_3_38,50.028172,22.694933,125,4078.953
shp_3_38,50.02829,22.694927,126,4092.03
shp_3_38,50.028446,22.694944,127,4109.543
shp_3_38,50.028641,22.694996,128,4131.471
shp_3_38,50.029037,22.695131,129,4176.563
shp_3_38,50.030437,22.695658,130,4337.274
shp_3_38,50.030651,22.695747,131,4361.634
shp_3_38,50.030766,22.695829,132,4375.729
shp_3_38,50.03072,22.696171,133,4400.731
shp_3_38,50.03072,22.696171,134,4400.731
shp_3_38,50.030766,22.695829,135,4425.734
shp_3_38,50.030651,22.695747,136,4439.829
shp_3_38,50.030437,22.695658,137,4464.188
shp_3_38,50.029037,22.695131,138,4624.899
shp_3_38,50.028641,22.694996,139,4669.992
shp_3_38,50.028446,22.694944,140,4691.919
shp_3_38,50.02829,22.694927,141,4709.434
shp_3_38,50.028172,22.694933,142,4722.51
shp_3_38,50.027889,22.695002,143,4754.45
shp_3_38,50.027744,22.695028,144,4770.623
shp_3_38,50.027664,22.695019,145,4779.654
shp_3_38,50.027584,22.694979,146,4788.951
shp_3_38,50.027512,22.694921,147,4798.142
shp_3_38,50.027435,22.694847,148,4808.104
shp_3_38,50.027153,22.694521,149,4847.264
shp_3_38,50.026379,22.693544,150,4957.966
shp_3_38,50.026215,22.693281,151,4984.207
shp_3_38,50.025681,22.692341,152,5074.002
shp_3_38,50.025513,22.692095,153,5099.662
shp_3_38,50.024723,22.691427,154,5199.861
shp_3_38,50.024597,22.69136,155,5214.661
shp_3_38,50.023476,22.690903,156,5343.651
shp_3_38,50.023548,22.689955,157,5411.942
shp_3_38,50.023548,22.689955,158,5411.942
shp_3_38,50.023643,22.688744,159,5499.197
shp_3_38,50.023865,22.686981,160,5627.666
shp_3_38,50.023869,22.686811,161,5639.775
shp_3_38,50.0238,22.68671,162,5650.545
shp_3_38,50.023418,22.686268,163,5703.211
shp_3_38,50.02314,22.68574,164,5752.103
shp_3_38,50.02314,22.68574,165,5752.103
shp_3_38,50.022766,22.685032,166,5817.771
shp_3_38,50.023186,22.683523,167,5935.365
shp_3_38,50.023403,22.683758,168,5964.862
shp_3_38,50.023403,22.683758,169,5964.862
shp_3_38,50.024162,22.68458,170,6067.945
shp_3_38,50.024254,22.684658,171,6079.431
shp_3_38,50.0243,22.68453,172,6089.862
shp_3_38,50.024334,22.684385,173,6100.979
shp_3_38,50.024506,22.683435,174,6171.569
shp_3_38,50.024822,22.683229,175,6209.691
shp_3_38,50.026146,22.68364,176,6359.903
shp_3_38,50.027172,22.683775,177,6474.613
shp_3_38,50.028923,22.683966,178,6669.755
shp_3_38,50.028923,22.683966,179,6669.755
shp_3_38,50.029472,22.684027,180,6731.112
shp_3_38,50.031628,22.684761,181,6976.568
shp_3_38,50.032333,22.684994,182,7057.169
shp_3_38,50.033169,22.685287,183,7152.581
shp_3_38,50.033169,22.685287,184,7152.581
shp_3_38,50.033901,22.685543,185,7236.049
shp_3_38,50.035202,22.685974,186,7383.794
shp_3_38,50.035561,22.686108,187,7425.0
shp_3_38,50.035923,22.686287,188,7467.259
shp_3_38,50.036247,22.68648,189,7505.839
shp_3_38,50.036896,22.686815,190,7581.987
shp_3_39,50.015839,22.68251,1,0.0
shp_3_39,50.015697,22.682669,2,19.429
shp_3_39,50.015411,22.682964,3,57.631
shp_3_39,50.015079,22.683289,4,101.149
shp_3_39,50.014568,22.68372,5,165.892
shp_3_39,50.013206,22.684784,6,335.436
shp_3_39,50.012779,22.683407,7,444.766
shp_3_39,50.012779,22.683407,8,444.766
shp_3_39,50.01263,22.682936,9,482.349
shp_3_39,50.012077,22.681353,10,611.223
shp_3_39,50.011887,22.680376,11,684.372
shp_3_39,50.011551,22.678503,12,823.453
shp_3_39,50.011616,22.678391,13,834.142
shp_3_39,50.011642,22.678303,14,841.134
shp_3_39,50.011688,22.678085,15,857.474
shp_3_39,50.011688,22.678085,16,857.474
shp_3_39,50.01178,22.677666,17,889.198
shp_3_39,50.01181,22.677582,18,896.257
shp_3_39,50.011848,22.677528,19,901.791
shp_3_39,50.012077,22.677618,20,928.235
shp_3_39,50.012295,22.677717,21,953.246
shp_3_39,50.013084,22.678049,22,1044.478
shp_3_39,50.013489,22.678198,23,1090.6
shp_3_39,50.013699,22.678223,24,1113.927
shp_3_39,50.013897,22.678228,25,1136.005
shp_3_39,50.014256,22.678135,26,1176.49
shp_3_39,50.014256,22.678135,27,1176.49
shp_3_39,50.015934,22.67767,28,1366.311
shp_3_39,50.01606,22.677696,29,1380.707
shp_3_39,50.016186,22.678421,30,1434.432
shp_3_39,50.016327,22.679119,31,1486.681
shp_3_39,50.016483,22.679752,32,1535.215
shp_3_39,50.016544,22.67997,33,1552.111
shp_3_39,50.016651,22.680279,34,1577.298
shp_3_39,50.016842,22.680756,35,1617.62
shp_3_39,50.01688,22.680912,36,1629.568
shp_3_39,50.016888,22.680979,37,1634.266
shp_3_39,50.016865,22.681187,38,1649.409
shp_3_39,50.016838,22.681219,39,1653.156
shp_3_39,50.016819,22.681261,40,1656.917
shp_3_39,50.016808,22.681311,41,1660.674
shp_3_39,50.016804,22.681364,42,1664.426
shp_3_39,50.016815,22.681416,43,1668.182
shp_3_39,50.016685,22.681654,44,1690.484
shp_3_39,50.016605,22.681784,45,1703.181
shp_3_39,50.016579,22.681772,46,1706.411
shp_3_39,50.016548,22.681776,47,1709.635
shp_3_39,50.016521,22.681791,48,1712.862
shp_3_39,50.016499,22.681818,49,1716.087
shp_3_39,50.016476,22.681879,50,1721.111
shp_3_39,50.016472,22.681953,51,1726.398
shp_3_39,50.016479,22.682001,52,1729.99
shp_3_39,50.016514,22.682058,53,1735.473
shp_3_39,50.01656,22.682085,54,1740.954
shp_3_39,50.016655,22.682688,55,1785.342
shp_3_39,50.016861,22.683418,56,1842.391
shp_3_39,50.016884,22.683567,57,1853.297
shp_3_39,50.01688,22.68379,58,1869.288
shp_3_39,50.016853,22.683834,59,1873.411
shp_3_39,50.016842,22.683887,60,1877.527
shp_3_39,50.016842,22.683945,61,1881.648
shp_3_39,50.01685,22.683992,62,1885.24
shp_3_39,50.016869,22.684034,63,1888.829
shp_3_39,50.016895,22.684065,64,1892.423
shp_3_39,50.016922,22.684082,65,1895.841
shp_3_39,50.016953,22.684086,66,1899.257
shp_3_39,50.016983,22.684074,67,1902.685
shp_3_39,50.01704,22.684116,68,1909.552
shp_3_39,50.017155,22.684284,69,1926.919
shp_3_39,50.017326,22.684927,70,1976.839
shp_3_39,50.017418,22.685389,71,2011.419
shp_3_39,50.017952,22.689291,72,2296.826
shp_3_39,50.018097,22.689819,73,2337.794
shp_3_39,50.01857,22.691122,74,2444.841
shp_3_39,50.01857,22.691122,75,2444.841
shp_3_39,50.019096,22.692568,76,2563.756
shp_3_39,50.020226,22.69574,77,2823.056
shp_3_39,50.020313,22.695971,78,2842.345
shp_3_39,50.020325,22.696157,79,2855.691
shp_3_39,50.020302,22.696304,80,2866.545
shp_3_39,50.020267,22.696341,81,2871.298
shp_3_39,50.020214,22.696417,82,2879.266
shp_3_39,50.020203,22.696495,83,2885.0
shp_3_39,50.020206,22.6966,84,2892.506
shp_3_39,50.020412,22.697247,85,2944.045
shp_3_39,50.020451,22.697317,86,2950.591
shp_3_39,50.020531,22.697367,87,2960.459
shp_3_39,50.020668,22.69738,88,2975.481
shp_3_39,50.02076,22.697325,89,2986.769
shp_3_39,50.020817,22.697271,90,2994.096
shp_3_39,50.020863,22.697195,91,3001.636
shp_3_39,50.020893,22.697105,92,3008.849
shp_3_39,50.020916,22.696953,93,3020.048
shp_3_39,50.020958,22.696877,94,3027.11
shp_3_39,50.021004,22.696827,95,3033.468
shp_3_39,50.02108,22.696795,96,3042.139
shp_3_39,50.021141,22.696848,97,3050.154
shp_3_39,50.02124,22.696951,98,3063.262
shp_3_39,50.02124,22.696951,99,3063.262
shp_3_39,50.021553,22.697285,100,3105.444
shp_3_39,50.022018,22.697752,101,3167.327
shp_3_39,50.022369,22.697985,102,3209.632
shp_3_39,50.022682,22.698097,103,3245.372
shp_3_39,50.023003,22.69825,104,3282.589
shp_3_39,50.023235,22.69845,105,3312.197
shp_3_39,50.023296,22.698483,106,3319.523
shp_3_39,50.023342,22.698488,107,3324.76
shp_3_39,50.023376,22.698481,108,3328.638
shp_3_39,50.023411,22.698458,109,3332.669
shp_3_39,50.023449,22.698416,110,3337.84
shp_3_39,50.023628,22.698116,111,3367.007
shp_3_39,50.02475,22.69602,112,3562.346
shp_3_39,50.02475,22.69602,113,3562.346
shp_3_39,50.024971,22.695614,114,3600.237
shp_3_39,50.025246,22.695042,115,3651.419
shp_3_39,50.026215,22.693281,116,3817.256
shp_3_39,50.025681,22.692341,117,3907.052
shp_3_39,50.025513,22.692095,118,3932.711
shp_3_39,50.024723,22.691427,119,4032.911
shp_3_39,50.024597,22.69136,120,4047.711
shp_3_39,50.023476,22.690903,121,4176.7
shp_3_39,50.023548,22.689955,122,4244.992
shp_3_39,50.023548,22.689955,123,4244.992
shp_3_39,50.023643,22.688744,124,4332.247
shp_3_39,50.023865,22.686981,125,4460.715
shp_3_39,50.023869,22.686811,126,4472.824
shp_3_39,50.0238,22.68671,127,4483.595
shp_3_39,50.023418,22.686268,128,4536.26
shp_3_39,50.02314,22.68574,129,4585.152
shp_3_39,50.02314,22.68574,130,4585.152
shp_3_39,50.022766,22.685032,131,4650.82
shp_3_39,50.023186,22.683523,132,4768.415
shp_3_39,50.023403,22.683758,133,4797.912
shp_3_39,50.023403,22.683758,134,4797.912
shp_3_39,50.024162,22.68458,135,4900.994
shp_3_39,50.024254,22.684658,136,4912.48
shp_3_39,50.0243,22.68453,137,4922.912
shp_3_39,50.024334,22.684385,138,4934.028
shp_3_39,50.024506,22.683435,139,5004.618
shp_3_39,50.024822,22.683229,140,5042.74
shp_3_39,50.026146,22.68364,141,5192.953
shp_3_39,50.027172,22.683775,142,5307.663
shp_3_39,50.028923,22.683966,143,5502.805
shp_3_39,50.028923,22.683966,144,5502.805
shp_3_39,50.029472,22.684027,145,5564.161
shp_3_39,50.031628,22.684761,146,5809.618
shp_3_39,50.032333,22.684994,147,5890.219
shp_3_39,50.033169,22.685287,148,5985.63
shp_3_39,50.033169,22.685287,149,5985.63
shp_3_39,50.033901,22.685543,150,6069.098
shp_3_39,50.035202,22.685974,151,6216.844
shp_3_39,50.035561,22.686108,152,6258.05
shp_3_39,50.035923,22.686287,153,6300.308
shp_3_39,50.036247,22.68648,154,6338.889
shp_3_39,50.036896,22.686815,155,6415.036
shp_3_40,49.999542,22.718731,1,0.0
shp_3_40,49.999741,22.718493,2,27.823
shp_3_40,49.99984,22.718456,3,39.383
shp_3_40,49.999928,22.718504,4,49.759
shp_3_40,50.00024,22.719309,5,117.108
shp_3_40,50.000355,22.719498,6,135.661
shp_3_40,50.000984,22.718224,7,250.812
shp_3_40,50.002972,22.714098,8,619.712
shp_3_40,50.003143,22.713715,9,653.132
shp_3_40,50.003323,22.713213,10,694.145
shp_3_40,50.003468,22.712915,11,720.848
shp_3_40,50.003559,22.712748,12,736.471
shp_3_40,50.00362,22.71269,13,744.733
shp_3_40,50.003761,22.712532,14,764.083
shp_3_40,50.003784,22.712515,15,766.867
shp_3_40,50.003819,22.712526,16,770.704
shp_3_40,50.003853,22.712519,17,774.535
shp_3_40,50.00391,22.712463,18,782.111
shp_3_40,50.003929,22.712421,19,785.813
shp_3_40,50.003941,22.712372,20,789.515
shp_3_40,50.003941,22.71232,21,793.222
shp_3_40,50.003922,22.712236,22,799.555
shp_3_40,50.004116,22.711807,23,837.131
shp_3_40,50.004116,22.711807,24,837.131
shp_3_40,50.004173,22.711679,25,848.131
shp_3_40,50.004219,22.711521,26,860.504
shp_3_40,50.004601,22.710709,27,932.705
shp_3_40,50.00536,22.70915,28,1072.532
shp_3_40,50.005642,22.708553,29,1125.619
shp_3_40,50.006332,22.707127,30,1253.367
shp_3_40,50.006527,22.706701,31,1290.839
shp_3_40,50.006527,22.706701,32,1290.839
shp_3_40,50.006718,22.706289,33,1326.926
shp_3_40,50.007484,22.704689,34,1469.968
shp_3_40,50.00956,22.700415,35,1853.017
shp_3_40,50.010296,22.699184,36,1973.31
shp_3_40,50.010784,22.698385,37,2052.168
shp_3_40,50.010784,22.698385,38,2052.168
shp_3_40,50.012463,22.695618,39,2324.48
shp_3_40,50.013351,22.694134,40,2469.626
shp_3_40,50.013737,22.693293,41,2543.606
shp_3_40,50.013737,22.693293,42,2543.606
shp_3_40,50.014763,22.691057,43,2740.106
shp_3_40,50.014866,22.690819,44,2760.563
shp_3_40,50.015247,22.690002,45,2832.928
shp_3_40,50.015144,22.689894,46,2847.065
shp_3_40,50.014866,22.689556,47,2886.06
shp_3_40,50.014595,22.688906,48,2941.565
shp_3_40,50.014248,22.68791,49,3022.713
shp_3_40,50.013573,22.685844,50,3188.392
shp_3_40,50.013206,22.684784,51,3274.543
shp_3_40,50.012779,22.683407,52,3383.873
shp_3_40,50.012779,22.683407,53,3383.873
shp_3_40,50.01263,22.682936,54,3421.457
shp_3_40,50.012077,22.681353,55,3550.33
shp_3_40,50.011887,22.680376,56,3623.479
shp_3_40,50.011551,22.678503,57,3762.56
shp_3_40,50.011616,22.678391,58,3773.249
shp_3_40,50.011642,22.678303,59,3780.241
shp_3_40,50.011688,22.678085,60,3796.582
shp_3_40,50.011688,22.678085,61,3796.582
shp_3_40,50.01178,22.677666,62,3828.305
shp_3_40,50.01181,22.677582,63,3835.365
shp_3_40,50.011848,22.677528,64,3840.898
shp_3_40,50.012077,22.677618,65,3867.342
shp_3_40,50.012295,22.677717,66,3892.353
shp_3_40,50.013084,22.678049,67,3983.585
shp_3_40,50.013489,22.678198,68,4029.708
shp_3_40,50.013699,22.678223,69,4053.035
shp_3_40,50.013897,22.678228,70,4075.113
shp_3_40,50.014256,22.678135,71,4115.598
shp_3_40,50.014256,22.678135,72,4115.598
shp_3_40,50.015934,22.67767,73,4305.418
shp_3_40,50.01606,22.677696,74,4319.814
shp_3_40,50.016121,22.677702,75,4326.547
shp_3_40,50.01598,22.676802,76,4392.832
shp_3_40,50.0158,22.675743,77,4471.101
shp_3_40,50.01561,22.674753,78,4545.051
shp_3_40,50.015427,22.673674,79,4624.819
shp_3_40,50.015427,22.673674,80,4624.819
shp_3_40,50.014992,22.671064,81,4817.73
shp_3_40,50.014977,22.670805,82,4836.399
shp_3_40,50.014988,22.67054,83,4855.366
shp_3_40,50.015018,22.670282,84,4874.1
shp_3_40,50.015141,22.669886,85,4905.511
shp_3_40,50.0154,22.669298,86,4956.651
shp_3_40,50.015743,22.668489,87,5025.798
shp_3_40,50.015945,22.668688,88,5052.613
shp_3_40,50.016083,22.668688,89,5067.986
shp_3_40,50.01659,22.668524,90,5125.525
shp_3_40,50.01659,22.668524,91,5125.525
shp_3_40,50.017666,22.668173,92,5247.703
shp_3_40,50.018593,22.667738,93,5355.612
shp_3_40,50.019787,22.66715,94,5495.216
shp_3_40,50.020088,22.666992,95,5530.674
shp_3_40,50.020088,22.666992,96,5530.674
shp_3_40,50.02084,22.666607,97,5618.611
shp_3_40,50.021019,22.667641,98,5695.233
shp_3_40,50.021622,22.67083,99,5932.973
shp_3_40,50.021622,22.67083,100,5932.973
shp_3_40,50.021847,22.671854,101,6010.45
shp_3_40,50.022602,22.674887,102,6242.988
shp_3_40,50.023121,22.674553,103,6305.48
shp_3_40,50.023121,22.674553,104,6305.48
shp_3_40,50.02319,22.674511,105,6313.589
shp_3_40,50.023365,22.674473,106,6333.314
shp_3_40,50.023384,22.674511,107,6336.785
shp_3_40,50.023438,22.674555,108,6343.636
shp_3_40,50.023468,22.674557,109,6347.102
shp_3_40,50.023499,22.674545,110,6350.575
shp_3_40,50.023525,22.67452,111,6354.031
shp_3_40,50.023548,22.674486,112,6357.497
shp_3_40,50.02356,22.674442,113,6360.961
shp_3_40,50.023567,22.674381,114,6365.401
shp_3_40,50.023727,22.674189,115,6388.13
shp_3_40,50.023823,22.674118,116,6399.76
shp_3_40,50.023899,22.674036,117,6410.183
shp_3_40,50.024326,22.673418,118,6474.97
shp_3_40,50.024597,22.673077,119,6513.804
shp_3_40,50.024612,22.672916,120,6525.45
shp_3_40,50.024643,22.672791,121,6534.928
shp_3_40,50.024685,22.672668,122,6544.983
shp_3_40,50.025257,22.671513,123,6649.119
shp_3_40,50.025646,22.670536,124,6731.48
shp_3_40,50.025612,22.670486,125,6736.839
shp_3_40,50.025566,22.670292,126,6751.594
shp_3_40,50.025448,22.669678,127,6797.453
shp_3_40,50.025448,22.669678,128,6797.453
shp_3_40,50.025166,22.668182,129,6908.942
shp_3_40,50.024372,22.66856,130,7001.008
shp_3_40,50.023567,22.668962,131,7095.318
shp_3_41,49.999542,22.718731,1,0.0
shp_3_41,49.999741,22.718493,2,27.823
shp_3_41,49.99984,22.718456,3,39.383
shp_3_41,49.999928,22.718504,4,49.759
shp_3_41,50.00024,22.719309,5,117.108
shp_3_41,50.000355,22.719498,6,135.661
shp_3_41,50.000984,22.718224,7,250.812
shp_3_41,50.002972,22.714098,8,619.712
shp_3_41,50.003143,22.713715,9,653.132
shp_3_41,50.003323,22.713213,10,694.145
shp_3_41,50.003468,22.712915,11,720.848
shp_3_41,50.003559,22.712748,12,736.471
shp_3_41,50.00362,22.71269,13,744.733
shp_3_41,50.003761,22.712532,14,764.083
shp_3_41,50.003784,22.712515,15,766.867
shp_3_41,50.003819,22.712526,16,770.704
shp_3_41,50.003853,22.712519,17,774.535
shp_3_41,50.00391,22.712463,18,782.111
shp_3_41,50.003929,22.712421,19,785.813
shp_3_41,50.003941,22.712372,20,789.515
shp_3_41,50.003941,22.71232,21,793.222
shp_3_41,50.003922,22.712236,22,799.555
shp_3_41,50.004116,22.711807,23,837.131
shp_3_41,50.004116,22.711807,24,837.131
shp_3_41,50.004173,22.711679,25,848.131
shp_3_41,50.004219,22.711521,26,860.504
shp_3_41,50.004601,22.710709,27,932.705
shp_3_41,50.00536,22.70915,28,1072.532
shp_3_41,50.005642,22.708553,29,1125.619
shp_3_41,50.006332,22.707127,30,1253.367
shp_3_41,50.006527,22.706701,31,1290.839
shp_3_41,50.006527,22.706701,32,1290.839
shp_3_41,50.006718,22.706289,33,1326.926
shp_3_41,50.007484,22.704689,34,1469.968
shp_3_41,50.00956,22.700415,35,1853.017
shp_3_41,50.010296,22.699184,36,1973.31
shp_3_41,50.010784,22.698385,37,2052.168
shp_3_41,50.010784,22.698385,38,2052.168
shp_3_41,50.012463,22.695618,39,2324.48
shp_3_41,50.013351,22.694134,40,2469.626
shp_3_41,50.013737,22.693293,41,2543.606
shp_3_41,50.013737,22.693293,42,2543.606
shp_3_41,50.014763,22.691057,43,2740.106
shp_3_41,50.014866,22.690819,44,2760.563
shp_3_41,50.015247,22.690002,45,2832.928
shp_3_41,50.015144,22.689894,46,2847.065
shp_3_41,50.014866,22.689556,47,2886.06
shp_3_41,50.014595,22.688906,48,2941.565
shp_3_41,50.014248,22.68791,49,3022.713
shp_3_41,50.013573,22.685844,50,3188.392
shp_3_41,50.013206,22.684784,51,3274.543
shp_3_41,50.012779,22.683407,52,3383.873
shp_3_41,50.012779,22.683407,53,3383.873
shp_3_41,50.01263,22.682936,54,3421.457
shp_3_41,50.012077,22.681353,55,3550.33
shp_3_41,50.011887,22.680376,56,3623.479
shp_3_41,50.011551,22.678503,57,3762.56
shp_3_41,50.011616,22.678391,58,3773.249
shp_3_41,50.011642,22.678303,59,3780.241
shp_3_41,50.011688,22.678085,60,3796.582
shp_3_41,50.011688,22.678085,61,3796.582
shp_3_41,50.01178,22.677666,62,3828.305
shp_3_41,50.01181,22.677582,63,3835.365
shp_3_41,50.011848,22.677528,64,3840.898
shp_3_41,50.012077,22.677618,65,3867.342
shp_3_41,50.012295,22.677717,66,3892.353
shp_3_41,50.013084,22.678049,67,3983.585
shp_3_41,50.013489,22.678198,68,4029.708
shp_3_41,50.013699,22.678223,69,4053.035
shp_3_41,50.013897,22.678228,70,4075.113
shp_3_41,50.014256,22.678135,71,4115.598
shp_3_41,50.014256,22.678135,72,4115.598
shp_3_41,50.015934,22.67767,73,4305.418
shp_3_41,50.01606,22.677696,74,4319.814
shp_3_41,50.016121,22.677702,75,4326.547
shp_3_41,50.01598,22.676802,76,4392.832
shp_3_41,50.0158,22.675743,77,4471.101
shp_3_41,50.01561,22.674753,78,4545.051
shp_3_41,50.015427,22.673674,79,4624.819
shp_3_41,50.015427,22.673674,80,4624.819
shp_3_41,50.014992,22.671064,81,4817.73
shp_3_41,50.014977,22.670805,82,4836.399
shp_3_41,50.014988,22.67054,83,4855.366
shp_3_41,50.015018,22.670282,84,4874.1
shp_3_41,50.015141,22.669886,85,4905.511
shp_3_41,50.0154,22.669298,86,4956.651
shp_3_41,50.015743,22.668489,87,5025.798
shp_3_41,50.016197,22.667528,88,5111.219
shp_3_41,50.016197,22.667528,89,5111.219
shp_3_41,50.016735,22.666426,90,5210.224
shp_3_41,50.016876,22.666126,91,5236.603
shp_3_41,50.016991,22.665836,92,5261.035
shp_3_41,50.017166,22.66527,93,5306.082
shp_3_41,50.018444,22.660669,94,5664.581
shp_3_41,50.018547,22.660332,95,5691.376
shp_3_41,50.019272,22.657705,96,5895.659
shp_3_41,50.019272,22.657705,97,5895.659
shp_3_41,50.019688,22.656239,98,6010.423
shp_3_41,50.021431,22.649958,99,6499.733
shp_3_41,50.021561,22.649532,100,6533.376
shp_3_41,50.021904,22.648304,101,6629.227
shp_3_41,50.021904,22.648304,102,6629.227
shp_3_41,50.021999,22.647949,103,6656.724
shp_3_41,50.022106,22.647524,104,6689.394
shp_3_41,50.022263,22.646988,105,6731.542
shp_3_41,50.024021,22.640734,106,7219.798
shp_3_41,50.024021,22.640734,107,7219.798
shp_3_41,50.02438,22.639437,108,7320.682
shp_3_41,50.02438,22.639437,109,7320.682
shp_3_41,50.024509,22.63896,110,7357.805
shp_3_41,50.024635,22.638548,111,7390.351
shp_3_41,50.024807,22.638147,112,7424.935
shp_3_41,50.024872,22.638029,113,7435.983
shp_3_41,50.024914,22.638037,114,7440.536
shp_3_41,50.024952,22.638027,115,7445.087
shp_3_41,50.02499,22.638002,116,7449.65
shp_3_41,50.025024,22.637964,117,7454.206
shp_3_41,50.025047,22.637915,118,7458.756
shp_3_41,50.025066,22.637856,119,7463.317
shp_3_41,50.02507,22.637794,120,7467.734
shp_3_41,50.025066,22.637733,121,7472.151
shp_3_41,50.025051,22.637671,122,7477.0
shp_3_41,50.025028,22.637615,123,7481.852
shp_3_41,50.024986,22.637566,124,7487.682
shp_3_41,50.024937,22.637541,125,7493.517
shp_3_41,50.024864,22.63755,126,7501.296
shp_3_41,50.024803,22.637604,127,7509.078
shp_3_41,50.024765,22.637693,128,7516.859
shp_3_41,50.024754,22.637766,129,7522.29
shp_3_41,50.024754,22.637842,130,7527.724
shp_3_41,50.024792,22.637951,131,7536.445
shp_3_41,50.024757,22.638107,132,7548.201
shp_3_41,50.024509,22.63896,133,7615.152
shp_3_41,50.024021,22.640734,134,7753.158
shp_3_41,50.022263,22.646988,135,8241.414
shp_3_41,50.022106,22.647524,136,8283.563
shp_3_41,50.021999,22.647949,137,8316.232
shp_3_41,50.021904,22.648304,138,8343.729
shp_3_41,50.021904,22.648304,139,8343.729
shp_3_41,50.021561,22.649532,140,8439.58
shp_3_41,50.021431,22.649958,141,8473.224
shp_3_41,50.019688,22.656239,142,8962.534
shp_3_41,50.019009,22.658646,143,9150.533
shp_3_41,50.018719,22.659706,144,9233.084
shp_3_41,50.018719,22.659706,145,9233.084
shp_3_41,50.017166,22.66527,146,9666.859
shp_3_41,50.016991,22.665836,147,9711.906
shp_3_41,50.016876,22.666126,148,9736.339
shp_3_41,50.016735,22.666426,149,9762.718
shp_3_41,50.016197,22.667528,150,9861.722
shp_3_41,50.015743,22.668489,151,9947.143
shp_3_41,50.015945,22.668688,152,9973.958
shp_3_41,50.016083,22.668688,153,9989.331
shp_3_41,50.01659,22.668524,154,10046.87
shp_3_41,50.01659,22.668524,155,10046.87
shp_3_41,50.017666,22.668173,156,10169.048
shp_3_41,50.018593,22.667738,157,10276.957
shp_3_41,50.019787,22.66715,158,10416.561
shp_3_41,50.020088,22.666992,159,10452.019
shp_3_41,50.020088,22.666992,160,10452.019
shp_3_41,50.02084,22.666607,161,10539.955
shp_3_41,50.021019,22.667641,162,10616.578
shp_3_41,50.021622,22.67083,163,10854.318
shp_3_41,50.021622,22.67083,164,10854.318
shp_3_41,50.021847,22.671854,165,10931.796
shp_3_41,50.022602,22.674887,166,11164.333
shp_3_41,50.023121,22.674553,167,11226.826
shp_3_41,50.023121,22.674553,168,11226.826
shp_3_41,50.02319,22.674511,169,11234.935
shp_3_41,50.023365,22.674473,170,11254.659
shp_3_41,50.023384,22.674511,171,11258.131
shp_3_41,50.023438,22.674555,172,11264.982
shp_3_41,50.023468,22.674557,173,11268.447
shp_3_41,50.023499,22.674545,174,11271.921
shp_3_41,50.023525,22.67452,175,11275.377
shp_3_41,50.023548,22.674486,176,11278.843
shp_3_41,50.02356,22.674442,177,11282.307
shp_3_41,50.023567,22.674381,178,11286.746
shp_3_41,50.023727,22.674189,179,11309.476
shp_3_41,50.023823,22.674118,180,11321.106
shp_3_41,50.023899,22.674036,181,11331.529
shp_3_41,50.024326,22.673418,182,11396.316
shp_3_41,50.024597,22.673077,183,11435.15
shp_3_41,50.024612,22.672916,184,11446.796
shp_3_41,50.024643,22.672791,185,11456.274
shp_3_41,50.024685,22.672668,186,11466.329
shp_3_41,50.025257,22.671513,187,11570.465
shp_3_41,50.025646,22.670536,188,11652.826
shp_3_41,50.025612,22.670486,189,11658.186
shp_3_41,50.025566,22.670292,190,11672.94
shp_3_41,50.025448,22.669678,191,11718.8
shp_3_41,50.025448,22.669678,192,11718.8
shp_3_41,50.025166,22.668182,193,11830.289
shp_3_41,50.024372,22.66856,194,11922.354
shp_3_41,50.023567,22.668962,195,12016.665
shp_3_41,50.023567,22.668962,196,12016.665
shp_3_41,50.0233,22.669096,197,12047.906
shp_3_41,50.023079,22.668217,198,12115.368
shp_3_41,50.022915,22.667435,199,12174.171
shp_3_41,50.02261,22.665905,200,12288.749
shp_3_41,50.022564,22.665747,201,12301.115
shp_3_41,50.023525,22.66523,202,12414.255
shp_3_41,50.024166,22.664896,203,12489.608
shp_3_42,49.999542,22.718731,1,0.0
shp_3_42,49.999741,22.718493,2,27.823
shp_3_42,49.99984,22.718456,3,39.383
shp_3_42,49.999928,22.718504,4,49.759
shp_3_42,50.00024,22.719309,5,117.108
shp_3_42,50.000355,22.719498,6,135.661
shp_3_42,50.000984,22.718224,7,250.812
shp_3_42,50.002972,22.714098,8,619.712
shp_3_42,50.003143,22.713715,9,653.132
shp_3_42,50.003323,22.713213,10,694.145
shp_3_42,50.003468,22.712915,11,720.848
shp_3_42,50.003559,22.712748,12,736.471
shp_3_42,50.00362,22.71269,13,744.733
shp_3_42,50.003761,22.712532,14,764.083
shp_3_42,50.003784,22.712515,15,766.867
shp_3_42,50.003819,22.712526,16,770.704
shp_3_42,50.003853,22.712519,17,774.535
shp_3_42,50.00391,22.712463,18,782.111
shp_3_42,50.003929,22.712421,19,785.813
shp_3_42,50.003941,22.712372,20,789.515
shp_3_42,50.003941,22.71232,21,793.222
shp_3_42,50.003922,22.712236,22,799.555
shp_3_42,50.004116,22.711807,23,837.131
shp_3_42,50.004116,22.711807,24,837.131
shp_3_42,50.004173,22.711679,25,848.131
shp_3_42,50.004219,22.711521,26,860.504
shp_3_42,50.004601,22.710709,27,932.705
shp_3_42,50.00536,22.70915,28,1072.532
shp_3_42,50.005642,22.708553,29,1125.619
shp_3_42,50.006332,22.707127,30,1253.367
shp_3_42,50.006527,22.706701,31,1290.839
shp_3_42,50.006527,22.706701,32,1290.839
shp_3_42,50.006718,22.706289,33,1326.926
shp_3_42,50.007484,22.704689,34,1469.968
shp_3_42,50.00956,22.700415,35,1853.017
shp_3_42,50.010296,22.699184,36,1973.31
shp_3_42,50.010784,22.698385,37,2052.168
shp_3_42,50.010784,22.698385,38,2052.168
shp_3_42,50.012463,22.695618,39,2324.48
shp_3_42,50.013351,22.694134,40,2469.626
shp_3_42,50.013737,22.693293,41,2543.606
shp_3_42,50.013737,22.693293,42,2543.606
shp_3_42,50.014763,22.691057,43,2740.106
shp_3_42,50.014866,22.690819,44,2760.563
shp_3_42,50.015247,22.690002,45,2832.928
shp_3_42,50.015144,22.689894,46,2847.065
shp_3_42,50.014866,22.689556,47,2886.06
shp_3_42,50.014595,22.688906,48,2941.565
shp_3_42,50.014248,22.68791,49,3022.713
shp_3_42,50.013573,22.685844,50,3188.392
shp_3_42,50.013206,22.684784,51,3274.543
shp_3_42,50.012779,22.683407,52,3383.873
shp_3_42,50.012779,22.683407,53,3383.873
shp_3_42,50.01263,22.682936,54,3421.457
shp_3_42,50.012077,22.681353,55,3550.33
shp_3_42,50.011887,22.680376,56,3623.479
shp_3_42,50.011551,22.678503,57,3762.56
shp_3_42,50.011616,22.678391,58,3773.249
shp_3_42,50.011642,22.678303,59,3780.241
shp_3_42,50.011688,22.678085,60,3796.582
shp_3_42,50.011688,22.678085,61,3796.582
shp_3_42,50.01178,22.677666,62,3828.305
shp_3_42,50.01181,22.677582,63,3835.365
shp_3_42,50.011848,22.677528,64,3840.898
shp_3_42,50.012077,22.677618,65,3867.342
shp_3_42,50.012295,22.677717,66,3892.353
shp_3_42,50.013084,22.678049,67,3983.585
shp_3_42,50.013489,22.678198,68,4029.708
shp_3_42,50.013699,22.678223,69,4053.035
shp_3_42,50.013897,22.678228,70,4075.113
shp_3_42,50.014256,22.678135,71,4115.598
shp_3_42,50.014256,22.678135,72,4115.598
shp_3_42,50.015934,22.67767,73,4305.418
shp_3_42,50.01606,22.677696,74,4319.814
shp_3_42,50.016121,22.677702,75,4326.547
shp_3_42,50.01598,22.676802,76,4392.832
shp_3_42,50.0158,22.675743,77,4471.101
shp_3_42,50.01561,22.674753,78,4545.051
shp_3_42,50.015427,22.673674,79,4624.819
shp_3_42,50.015427,22.673674,80,4624.819
shp_3_42,50.014992,22.671064,81,4817.73
shp_3_42,50.014977,22.670805,82,4836.399
shp_3_42,50.014988,22.67054,83,4855.366
shp_3_42,50.015018,22.670282,84,4874.1
shp_3_42,50.015141,22.669886,85,4905.511
shp_3_42,50.0154,22.669298,86,4956.651
shp_3_42,50.015743,22.668489,87,5025.798
shp_3_42,50.015945,22.668688,88,5052.613
shp_3_42,50.016083,22.668688,89,5067.986
shp_3_42,50.01659,22.668524,90,5125.525
shp_3_42,50.01659,22.668524,91,5125.525
shp_3_42,50.017666,22.668173,92,5247.703
shp_3_42,50.018593,22.667738,93,5355.612
shp_3_42,50.019787,22.66715,94,5495.216
shp_3_42,50.020088,22.666992,95,5530.674
shp_3_42,50.020088,22.666992,96,5530.674
shp_3_42,50.02084,22.666607,97,5618.611
shp_3_42,50.021019,22.667641,98,5695.233
shp_3_42,50.021622,22.67083,99,5932.973
shp_3_42,50.021622,22.67083,100,5932.973
shp_3_42,50.021847,22.671854,101,6010.45
shp_3_42,50.022602,22.674887,102,6242.988
shp_3_42,50.023121,22.674553,103,6305.48
shp_3_42,50.023121,22.674553,104,6305.48
shp_3_42,50.02319,22.674511,105,6313.589
shp_3_42,50.023365,22.674473,106,6333.314
shp_3_42,50.023384,22.674511,107,6336.785
shp_3_42,50.023438,22.674555,108,6343.636
shp_3_42,50.023468,22.674557,109,6347.102
shp_3_42,50.023499,22.674545,110,6350.575
shp_3_42,50.023525,22.67452,111,6354.031
shp_3_42,50.023548,22.674486,112,6357.497
shp_3_42,50.02356,22.674442,113,6360.961
shp_3_42,50.023567,22.674381,114,6365.401
shp_3_42,50.023727,22.674189,115,6388.13
shp_3_42,50.023823,22.674118,116,6399.76
shp_3_42,50.023899,22.674036,117,6410.183
shp_3_42,50.024326,22.673418,118,6474.97
shp_3_42,50.024597,22.673077,119,6513.804
shp_3_42,50.024612,22.672916,120,6525.45
shp_3_42,50.024643,22.672791,121,6534.928
shp_3_42,50.024685,22.672668,122,6544.983
shp_3_42,50.025257,22.671513,123,6649.119
shp_3_42,50.025646,22.670536,124,6731.48
shp_3_42,50.025612,22.670486,125,6736.839
shp_3_42,50.025566,22.670292,126,6751.594
shp_3_42,50.025448,22.669678,127,6797.453
shp_3_42,50.025448,22.669678,128,6797.453
shp_3_42,50.025166,22.668182,129,6908.942
shp_3_42,50.024372,22.66856,130,7001.008
shp_3_42,50.023567,22.668962,131,7095.318
shp_3_42,50.023567,22.668962,132,7095.318
shp_3_42,50.0233,22.669096,133,7126.56
shp_3_42,50.023079,22.668217,134,7194.022
shp_3_42,50.022915,22.667435,135,7252.825
shp_3_42,50.02261,22.665905,136,7367.404
shp_3_42,50.022564,22.665747,137,7379.771
shp_3_42,50.023525,22.66523,138,7492.911
shp_3_42,50.024166,22.664896,139,7568.264
shp_3_43,49.999542,22.718731,1,0.0
shp_3_43,49.999741,22.718493,2,27.823
shp_3_43,49.99984,22.718456,3,39.383
shp_3_43,49.999928,22.718504,4,49.759
shp_3_43,50.00024,22.719309,5,117.108
shp_3_43,50.000355,22.719498,6,135.661
shp_3_43,50.000984,22.718224,7,250.812
shp_3_43,50.002972,22.714098,8,619.712
shp_3_43,50.003143,22.713715,9,653.132
shp_3_43,50.003323,22.713213,10,694.145
shp_3_43,50.003468,22.712915,11,720.848
shp_3_43,50.003559,22.712748,12,736.471
shp_3_43,50.00362,22.71269,13,744.733
shp_3_43,50.003761,22.712532,14,764.083
shp_3_43,50.003784,22.712515,15,766.867
shp_3_43,50.003819,22.712526,16,770.704
shp_3_43,50.003853,22.712519,17,774.535
shp_3_43,50.00391,22.712463,18,782.111
shp_3_43,50.003929,22.712421,19,785.813
shp_3_43,50.003941,22.712372,20,789.515
shp_3_43,50.003941,22.71232,21,793.222
shp_3_43,50.003922,22.712236,22,799.555
shp_3_43,50.004116,22.711807,23,837.131
shp_3_43,50.004116,22.711807,24,837.131
shp_3_43,50.004173,22.711679,25,848.131
shp_3_43,50.004219,22.711521,26,860.504
shp_3_43,50.004601,22.710709,27,932.705
shp_3_43,50.00536,22.70915,28,1072.532
shp_3_43,50.005642,22.708553,29,1125.619
shp_3_43,50.006332,22.707127,30,1253.367
shp_3_43,50.006527,22.706701,31,1290.839
shp_3_43,50.006527,22.706701,32,1290.839
shp_3_43,50.006718,22.706289,33,1326.926
shp_3_43,50.007484,22.704689,34,1469.968
shp_3_43,50.00956,22.700415,35,1853.017
shp_3_43,50.010296,22.699184,36,1973.31
shp_3_43,50.010784,22.698385,37,2052.168
shp_3_43,50.010784,22.698385,38,2052.168
shp_3_43,50.012463,22.695618,39,2324.48
shp_3_43,50.013351,22.694134,40,2469.626
shp_3_43,50.013737,22.693293,41,2543.606
shp_3_43,50.013737,22.693293,42,2543.606
shp_3_43,50.014763,22.691057,43,2740.106
shp_3_43,50.014866,22.690819,44,2760.563
shp_3_43,50.015247,22.690002,45,2832.928
shp_3_43,50.015144,22.689894,46,2847.065
shp_3_43,50.014866,22.689556,47,2886.06
shp_3_43,50.014595,22.688906,48,2941.565
shp_3_43,50.014248,22.68791,49,3022.713
shp_3_43,50.013573,22.685844,50,3188.392
shp_3_43,50.013206,22.684784,51,3274.543
shp_3_43,50.012779,22.683407,52,3383.873
shp_3_43,50.012779,22.683407,53,3383.873
shp_3_43,50.01263,22.682936,54,3421.457
shp_3_43,50.012077,22.681353,55,3550.33
shp_3_43,50.011887,22.680376,56,3623.479
shp_3_43,50.011551,22.678503,57,3762.56
shp_3_43,50.011616,22.678391,58,3773.249
shp_3_43,50.011642,22.678303,59,3780.241
shp_3_43,50.011688,22.678085,60,3796.582
shp_3_43,50.011688,22.678085,61,3796.582
shp_3_43,50.01178,22.677666,62,3828.305
shp_3_43,50.01181,22.677582,63,3835.365
shp_3_43,50.011848,22.677528,64,3840.898
shp_3_43,50.012077,22.677618,65,3867.342
shp_3_43,50.012295,22.677717,66,3892.353
shp_3_43,50.013084,22.678049,67,3983.585
shp_3_43,50.013489,22.678198,68,4029.708
shp_3_43,50.013699,22.678223,69,4053.035
shp_3_43,50.013897,22.678228,70,4075.113
shp_3_43,50.014256,22.678135,71,4115.598
shp_3_43,50.014256,22.678135,72,4115.598
shp_3_43,50.015934,22.67767,73,4305.418
shp_3_43,50.01606,22.677696,74,4319.814
shp_3_43,50.016121,22.677702,75,4326.547
shp_3_43,50.01598,22.676802,76,4392.832
shp_3_43,50.0158,22.675743,77,4471.101
shp_3_43,50.01561,22.674753,78,4545.051
shp_3_43,50.015427,22.673674,79,4624.819
shp_3_43,50.015427,22.673674,80,4624.819
shp_3_43,50.014992,22.671064,81,4817.73
shp_3_43,50.014977,22.670805,82,4836.399
shp_3_43,50.014988,22.67054,83,4855.366
shp_3_43,50.015018,22.670282,84,4874.1
shp_3_43,50.015141,22.669886,85,4905.511
shp_3_43,50.0154,22.669298,86,4956.651
shp_3_43,50.015743,22.668489,87,5025.798
shp_3_43,50.016197,22.667528,88,5111.219
shp_3_43,50.016197,22.667528,89,5111.219
shp_3_43,50.016735,22.666426,90,5210.224
shp_3_43,50.016876,22.666126,91,5236.603
shp_3_43,50.016991,22.665836,92,5261.035
shp_3_43,50.017166,22.66527,93,5306.082
shp_3_43,50.018444,22.660669,94,5664.581
shp_3_43,50.018547,22.660332,95,5691.376
shp_3_43,50.019272,22.657705,96,5895.659
shp_3_43,50.019272,22.657705,97,5895.659
shp_3_43,50.019688,22.656239,98,6010.423
shp_3_43,50.021431,22.649958,99,6499.733
shp_3_43,50.021561,22.649532,100,6533.376
shp_3_43,50.021904,22.648304,101,6629.227
shp_3_43,50.021904,22.648304,102,6629.227
shp_3_43,50.021999,22.647949,103,6656.724
shp_3_43,50.022106,22.647524,104,6689.394
shp_3_43,50.022263,22.646988,105,6731.542
shp_3_43,50.024021,22.640734,106,7219.798
shp_3_43,50.024021,22.640734,107,7219.798
shp_3_43,50.02438,22.639437,108,7320.682
shp_3_43,50.02438,22.639437,109,7320.682
shp_3_43,50.024509,22.63896,110,7357.805
shp_3_43,50.024635,22.638548,111,7390.351
shp_3_43,50.024807,22.638147,112,7424.935
shp_3_43,50.024872,22.638029,113,7435.983
shp_3_43,50.024914,22.638037,114,7440.536
shp_3_43,50.024952,22.638027,115,7445.087
shp_3_43,50.02499,22.638002,116,7449.65
shp_3_43,50.025024,22.637964,117,7454.206
shp_3_43,50.025047,22.637915,118,7458.756
shp_3_43,50.025066,22.637856,119,7463.317
shp_3_43,50.02507,22.637794,120,7467.734
shp_3_43,50.025066,22.637733,121,7472.151
shp_3_43,50.025051,22.637671,122,7477.0
shp_3_43,50.025028,22.637615,123,7481.852
shp_3_43,50.024986,22.637566,124,7487.682
shp_3_43,50.024937,22.637541,125,7493.517
shp_3_43,50.024864,22.63755,126,7501.296
shp_3_43,50.024803,22.637604,127,7509.078
shp_3_43,50.024765,22.637693,128,7516.859
shp_3_43,50.024754,22.637766,129,7522.29
shp_3_43,50.024754,22.637842,130,7527.724
shp_3_43,50.024792,22.637951,131,7536.445
shp_3_43,50.024757,22.638107,132,7548.201
shp_3_43,50.024509,22.63896,133,7615.152
shp_3_43,50.024021,22.640734,134,7753.158
shp_3_43,50.022263,22.646988,135,8241.414
shp_3_43,50.022106,22.647524,136,8283.563
shp_3_43,50.021999,22.647949,137,8316.232
shp_3_43,50.021904,22.648304,138,8343.729
shp_3_43,50.021904,22.648304,139,8343.729
shp_3_43,50.021561,22.649532,140,8439.58
shp_3_43,50.021431,22.649958,141,8473.224
shp_3_43,50.019688,22.656239,142,8962.534
shp_3_43,50.019009,22.658646,143,9150.533
shp_3_43,50.018719,22.659706,144,9233.084
shp_3_43,50.018719,22.659706,145,9233.084
shp_3_43,50.017166,22.66527,146,9666.859
shp_3_43,50.016991,22.665836,147,9711.906
shp_3_43,50.016876,22.666126,148,9736.339
shp_3_43,50.016735,22.666426,149,9762.718
shp_3_43,50.016197,22.667528,150,9861.722
shp_3_43,50.015743,22.668489,151,9947.143
shp_3_43,50.015945,22.668688,152,9973.958
shp_3_43,50.016083,22.668688,153,9989.331
shp_3_43,50.01659,22.668524,154,10046.87
shp_3_43,50.01659,22.668524,155,10046.87
shp_3_43,50.017666,22.668173,156,10169.048
shp_3_43,50.018593,22.667738,157,10276.957
shp_3_43,50.019787,22.66715,158,10416.561
shp_3_43,50.020088,22.666992,159,10452.019
shp_3_43,50.020088,22.666992,160,10452.019
shp_3_43,50.02084,22.666607,161,10539.955
shp_3_43,50.021019,22.667641,162,10616.578
shp_3_43,50.021622,22.67083,163,10854.318
shp_3_43,50.021622,22.67083,164,10854.318
shp_3_43,50.021847,22.671854,165,10931.796
shp_3_43,50.022602,22.674887,166,11164.333
shp_3_43,50.023121,22.674553,167,11226.826
shp_3_43,50.023121,22.674553,168,11226.826
shp_3_43,50.02319,22.674511,169,11234.935
shp_3_43,50.023365,22.674473,170,11254.659
shp_3_43,50.023384,22.674511,171,11258.131
shp_3_43,50.023438,22.674555,172,11264.982
shp_3_43,50.023468,22.674557,173,11268.447
shp_3_43,50.023499,22.674545,174,11271.921
shp_3_43,50.023525,22.67452,175,11275.377
shp_3_43,50.023548,22.674486,176,11278.843
shp_3_43,50.02356,22.674442,177,11282.307
shp_3_43,50.023567,22.674381,178,11286.746
shp_3_43,50.023727,22.674189,179,11309.476
shp_3_43,50.023823,22.674118,180,11321.106
shp_3_43,50.023899,22.674036,181,11331.529
shp_3_43,50.024326,22.673418,182,11396.316
shp_3_43,50.024597,22.673077,183,11435.15
shp_3_43,50.024612,22.672916,184,11446.796
shp_3_43,50.024643,22.672791,185,11456.274
shp_3_43,50.024685,22.672668,186,11466.329
shp_3_43,50.025257,22.671513,187,11570.465
shp_3_43,50.025646,22.670536,188,11652.826
shp_3_43,50.025612,22.670486,189,11658.186
shp_3_43,50.025566,22.670292,190,11672.94
shp_3_43,50.025448,22.669678,191,11718.8
shp_3_43,50.025448,22.669678,192,11718.8
shp_3_43,50.025166,22.668182,193,11830.289
shp_3_43,50.024372,22.66856,194,11922.354
shp_3_43,50.023567,22.668962,195,12016.665
shp_3_44,49.999542,22.718731,1,0.0
shp_3_44,49.999741,22.718493,2,27.823
shp_3_44,49.99984,22.718456,3,39.383
shp_3_44,49.999928,22.718504,4,49.759
shp_3_44,50.00024,22.719309,5,117.108
shp_3_44,50.000355,22.719498,6,135.661
shp_3_44,50.000984,22.718224,7,250.812
shp_3_44,50.002972,22.714098,8,619.712
shp_3_44,50.003143,22.713715,9,653.132
shp_3_44,50.003323,22.713213,10,694.145
shp_3_44,50.003468,22.712915,11,720.848
shp_3_44,50.003559,22.712748,12,736.471
shp_3_44,50.00362,22.71269,13,744.733
shp_3_44,50.003761,22.712532,14,764.083
shp_3_44,50.003784,22.712515,15,766.867
shp_3_44,50.003819,22.712526,16,770.704
shp_3_44,50.003853,22.712519,17,774.535
shp_3_44,50.00391,22.712463,18,782.111
shp_3_44,50.003929,22.712421,19,785.813
shp_3_44,50.003941,22.712372,20,789.515
shp_3_44,50.003941,22.71232,21,793.222
shp_3_44,50.003922,22.712236,22,799.555
shp_3_44,50.004116,22.711807,23,837.131
shp_3_44,50.004116,22.711807,24,837.131
shp_3_44,50.004173,22.711679,25,848.131
shp_3_44,50.004219,22.711521,26,860.504
shp_3_44,50.004601,22.710709,27,932.705
shp_3_44,50.00536,22.70915,28,1072.532
shp_3_44,50.005642,22.708553,29,1125.619
shp_3_44,50.006332,22.707127,30,1253.367
shp_3_44,50.006527,22.706701,31,1290.839
shp_3_44,50.006527,22.706701,32,1290.839
shp_3_44,50.006718,22.706289,33,1326.926
shp_3_44,50.007484,22.704689,34,1469.968
shp_3_44,50.00956,22.700415,35,1853.017
shp_3_44,50.010296,22.699184,36,1973.31
shp_3_44,50.010784,22.698385,37,2052.168
shp_3_44,50.010784,22.698385,38,2052.168
shp_3_44,50.012463,22.695618,39,2324.48
shp_3_44,50.013351,22.694134,40,2469.626
shp_3_44,50.013737,22.693293,41,2543.606
shp_3_44,50.013737,22.693293,42,2543.606
shp_3_44,50.014763,22.691057,43,2740.106
shp_3_44,50.014866,22.690819,44,2760.563
shp_3_44,50.015762,22.688894,45,2930.672
shp_3_44,50.015957,22.688433,46,2970.139
shp_3_44,50.016018,22.688234,47,2985.888
shp_3_44,50.016758,22.684439,48,3269.56
shp_3_44,50.016819,22.684225,49,3286.341
shp_3_44,50.016895,22.684065,50,3300.506
shp_3_44,50.016922,22.684082,51,3303.924
shp_3_44,50.016953,22.684086,52,3307.34
shp_3_44,50.016983,22.684074,53,3310.768
shp_3_44,50.01701,22.684055,54,3313.897
shp_3_44,50.017029,22.684025,55,3317.033
shp_3_44,50.017052,22.683945,56,3323.247
shp_3_44,50.017052,22.683887,57,3327.339
shp_3_44,50.01704,22.683834,58,3331.437
shp_3_44,50.017014,22.683792,59,3335.531
shp_3_44,50.016678,22.682598,60,3428.781
shp_3_44,50.016644,22.682425,61,3441.668
shp_3_44,50.016632,22.682285,62,3451.754
shp_3_44,50.016628,22.682058,63,3468.055
shp_3_44,50.016651,22.682024,64,3471.516
shp_3_44,50.016666,22.681982,65,3474.985
shp_3_44,50.01667,22.681934,66,3478.45
shp_3_44,50.016666,22.681887,67,3481.917
shp_3_44,50.016727,22.681715,68,3495.87
shp_3_44,50.016804,22.681581,69,3508.609
shp_3_44,50.016846,22.681528,70,3514.715
shp_3_44,50.01688,22.681515,71,3518.392
shp_3_44,50.016914,22.681528,72,3522.591
shp_3_44,50.016953,22.681522,73,3526.787
shp_3_44,50.016987,22.681498,74,3530.976
shp_3_44,50.017014,22.681459,75,3535.173
shp_3_44,50.017033,22.681408,76,3539.371
shp_3_44,50.017036,22.681311,77,3546.257
shp_3_44,50.017029,22.681265,78,3549.724
shp_3_44,50.017006,22.681219,79,3553.728
shp_3_44,50.016979,22.681185,80,3557.73
shp_3_44,50.016911,22.68079,81,3587.047
shp_3_44,50.016891,22.680721,82,3592.41
shp_3_44,50.016804,22.680517,83,3609.912
shp_3_44,50.016804,22.680517,84,3609.912
shp_3_44,50.016724,22.680325,85,3626.388
shp_3_44,50.016586,22.679928,86,3658.537
shp_3_44,50.016472,22.679508,87,3691.169
shp_3_44,50.016304,22.678753,88,3748.451
shp_3_44,50.016163,22.67798,89,3805.795
shp_3_44,50.01598,22.676802,90,3892.573
shp_3_44,50.0158,22.675743,91,3970.843
shp_3_44,50.01561,22.674753,92,4044.793
shp_3_44,50.015427,22.673674,93,4124.561
shp_3_44,50.015427,22.673674,94,4124.561
shp_3_44,50.014992,22.671064,95,4317.472
shp_3_44,50.014977,22.670805,96,4336.141
shp_3_44,50.014988,22.67054,97,4355.108
shp_3_44,50.015018,22.670282,98,4373.841
shp_3_44,50.015141,22.669886,99,4405.253
shp_3_44,50.0154,22.669298,100,4456.393
shp_3_44,50.015743,22.668489,101,4525.54
shp_3_44,50.016197,22.667528,102,4610.961
shp_3_44,50.016197,22.667528,103,4610.961
shp_3_44,50.016735,22.666426,104,4709.965
shp_3_44,50.016876,22.666126,105,4736.344
shp_3_44,50.016991,22.665836,106,4760.777
shp_3_44,50.017166,22.66527,107,4805.824
shp_3_44,50.018444,22.660669,108,5164.322
shp_3_44,50.018547,22.660332,109,5191.118
shp_3_44,50.019272,22.657705,110,5395.4
shp_3_44,50.019272,22.657705,111,5395.4
shp_3_44,50.019688,22.656239,112,5510.165
shp_3_44,50.021431,22.649958,113,5999.475
shp_3_44,50.021561,22.649532,114,6033.118
shp_3_44,50.021904,22.648304,115,6128.969
shp_3_44,50.021904,22.648304,116,6128.969
shp_3_44,50.021999,22.647949,117,6156.466
shp_3_44,50.022106,22.647524,118,6189.135
shp_3_44,50.022263,22.646988,119,6231.284
shp_3_44,50.024021,22.640734,120,6719.54
shp_3_44,50.024021,22.640734,121,6719.54
shp_3_44,50.024509,22.63896,122,6857.546
shp_3_44,50.024635,22.638548,123,6890.092
shp_3_44,50.024807,22.638147,124,6924.676
shp_3_44,50.024872,22.638029,125,6935.724
shp_3_44,50.024914,22.638037,126,6940.277
shp_3_44,50.024952,22.638027,127,6944.829
shp_3_44,50.02499,22.638002,128,6949.392
shp_3_44,50.025024,22.637964,129,6953.947
shp_3_44,50.025047,22.637915,130,6958.498
shp_3_44,50.025066,22.637856,131,6963.058
shp_3_44,50.02507,22.637794,132,6967.475
shp_3_44,50.025066,22.637733,133,6971.893
shp_3_44,50.025051,22.637671,134,6976.742
shp_3_44,50.025028,22.637615,135,6981.593
shp_3_44,50.024986,22.637566,136,6987.423
shp_3_44,50.024937,22.637541,137,6993.258
shp_3_44,50.024864,22.63755,138,7001.038
shp_3_44,50.024803,22.637604,139,7008.819
shp_3_44,50.024765,22.637693,140,7016.6
shp_3_44,50.024731,22.637701,141,7020.452
shp_3_44,50.024654,22.637693,142,7028.867
shp_3_44,50.024422,22.637737,143,7054.817
shp_3_44,50.024353,22.637756,144,7062.681
shp_3_44,50.023884,22.637995,145,7117.74
shp_3_44,50.02158,22.6392,146,7388.013
shp_3_44,50.02158,22.6392,147,7388.013
shp_3_44,50.01899,22.640553,148,7692.243
shp_3_44,50.018417,22.640877,149,7760.0
shp_3_44,50.018417,22.640877,150,7760.0
shp_3_44,50.018253,22.640982,151,7779.985
shp_3_44,50.01498,22.643475,152,8185.569
shp_3_44,50.014729,22.643627,153,8215.679
shp_3_44,50.014706,22.64362,154,8218.28
shp_3_44,50.014664,22.643627,155,8222.705
shp_3_44,50.014648,22.643642,156,8225.034
shp_3_44,50.014633,22.643669,157,8227.615
shp_3_44,50.01458,22.643854,158,8242.079
shp_3_44,50.01453,22.643957,159,8251.269
shp_3_44,50.014515,22.644022,160,8256.299
shp_3_44,50.014427,22.644161,161,8270.177
shp_3_44,50.014301,22.644455,162,8295.443
shp_3_44,50.014221,22.644615,163,8309.761
shp_3_44,50.014221,22.644615,164,8309.761
shp_3_44,50.012066,22.649002,165,8705.015
shp_3_44,50.012066,22.649002,166,8705.015
shp_3_44,50.011715,22.649712,167,8768.916
shp_3_44,50.009987,22.652901,168,9067.265
shp_3_44,50.009724,22.653231,169,9104.926
shp_3_44,50.009445,22.653519,170,9142.248
shp_3_44,50.008827,22.653839,171,9214.891
shp_3_44,50.008694,22.653946,172,9231.361
shp_3_44,50.008583,22.654053,173,9246.093
shp_3_44,50.008461,22.654194,174,9262.927
shp_3_44,50.008331,22.654396,175,9283.306
shp_3_44,50.008217,22.654619,176,9303.793
shp_3_44,50.008022,22.65493,177,9334.82
shp_3_44,50.007862,22.655142,178,9358.098
shp_3_44,50.007721,22.655298,179,9377.485
shp_3_44,50.00716,22.655863,180,9451.78
shp_3_44,50.00705,22.656038,181,9469.487
shp_3_44,50.006977,22.656191,182,9482.937
shp_3_44,50.006924,22.656347,183,9495.686
shp_3_44,50.00687,22.656557,184,9511.803
shp_3_44,50.006832,22.656826,185,9531.56
shp_3_44,50.006802,22.657124,186,9553.164
shp_3_44,50.006775,22.657202,187,9559.369
shp_3_44,50.006748,22.657351,188,9570.455
shp_3_44,50.006668,22.657572,189,9588.491
shp_3_44,50.006645,22.657593,190,9591.535
shp_3_44,50.006603,22.657661,191,9598.154
shp_3_44,50.006584,22.657749,192,9604.767
shp_3_44,50.006592,22.65785,193,9612.086
shp_3_44,50.006626,22.65794,194,9619.41
shp_3_44,50.006615,22.658171,195,9635.989
shp_3_44,50.006577,22.658474,196,9657.997
shp_3_44,50.006153,22.660351,197,9800.467
shp_3_44,50.00584,22.661087,198,9863.557
shp_3_44,50.00584,22.661087,199,9863.557
shp_3_44,50.00528,22.662447,200,9979.085
shp_3_44,50.004997,22.663052,201,10032.735
shp_3_44,50.004173,22.664415,202,10166.661
shp_3_44,50.004036,22.664623,203,10187.776
shp_3_44,50.004036,22.664623,204,10187.776
shp_3_44,50.003704,22.665138,205,10240.084
shp_3_44,50.003147,22.666075,206,10331.183
shp_3_44,50.003006,22.666283,207,10352.977
shp_3_44,50.002728,22.666754,208,10398.806
shp_3_44,50.002419,22.667406,209,10456.813
shp_3_44,50.001812,22.668898,210,10583.226
shp_3_44,50.001812,22.668898,211,10583.226
shp_3_44,50.001366,22.669992,212,10675.984
shp_3_44,50.001057,22.670683,213,10735.912
shp_3_44,50.000679,22.671452,214,10805.308
shp_3_44,50.000622,22.671537,215,10814.161
shp_3_44,50.000526,22.671761,216,10833.335
shp_3_44,50.000496,22.671772,217,10836.585
shp_3_44,50.000458,22.671806,218,10841.563
shp_3_44,50.000427,22.671856,219,10846.549
shp_3_44,50.000408,22.671919,220,10851.534
shp_3_44,50.000401,22.671993,221,10856.94
shp_3_44,50.000404,22.672068,222,10862.347
shp_3_44,50.000431,22.67214,223,10868.215
shp_3_44,50.000469,22.672197,224,10874.084
shp_3_44,50.000519,22.672228,225,10879.959
shp_3_44,50.000553,22.672235,226,10883.925
shp_3_44,50.000587,22.672228,227,10887.904
shp_3_44,50.000622,22.672209,228,10891.868
shp_3_44,50.000668,22.672155,229,10898.226
shp_3_44,50.000725,22.672129,230,10904.987
shp_3_44,50.000824,22.672131,231,10915.765
shp_3_44,50.000889,22.672123,232,10922.959
shp_3_44,50.001038,22.672186,233,10940.386
shp_3_44,50.001217,22.672287,234,10961.685
shp_3_44,50.001373,22.672417,235,10981.384
shp_3_44,50.001732,22.672766,236,11028.333
shp_3_44,50.001732,22.672766,237,11028.333
shp_3_44,50.003181,22.674179,238,11218.993
shp_3_44,50.003407,22.674366,239,11247.143
shp_3_44,50.003597,22.674475,240,11269.944
shp_3_44,50.004066,22.674671,241,11323.905
shp_3_44,50.006359,22.675583,242,11587.354
shp_3_44,50.006771,22.675755,243,11634.73
shp_3_44,50.007214,22.675966,244,11686.336
shp_3_44,50.007664,22.676157,245,11738.354
shp_3_44,50.007664,22.676157,246,11738.354
shp_3_44,50.008381,22.676462,247,11821.213
shp_3_44,50.008522,22.676487,248,11836.628
shp_3_44,50.008629,22.676487,249,11848.64
shp_3_44,50.008785,22.67642,250,11866.768
shp_3_44,50.008846,22.676373,251,11874.438
shp_3_44,50.008972,22.67625,252,11890.986
shp_3_44,50.00909,22.676067,253,11909.309
shp_3_44,50.00914,22.675945,254,11919.799
shp_3_44,50.009445,22.674879,255,12003.351
shp_3_44,50.009548,22.67465,256,12023.345
shp_3_44,50.009644,22.674528,257,12036.826
shp_3_44,50.009758,22.6744,258,12052.553
shp_3_44,50.010086,22.674242,259,12090.967
shp_3_44,50.010368,22.67412,260,12123.407
shp_3_44,50.010368,22.67412,261,12123.407
shp_3_44,50.010555,22.674051,262,12144.758
shp_3_44,50.010647,22.674047,263,12155.116
shp_3_44,50.010792,22.674095,264,12171.782
shp_3_44,50.010902,22.674221,265,12186.771
shp_3_44,50.011005,22.67429,266,12199.491
shp_3_44,50.011295,22.674385,267,12232.305
shp_3_44,50.011486,22.674465,268,12254.515
shp_3_44,50.011585,22.674593,269,12268.7
shp_3_44,50.011627,22.674669,270,12275.909
shp_3_44,50.011662,22.674767,271,12283.97
shp_3_44,50.011921,22.676048,272,12379.97
shp_3_44,50.012016,22.676472,273,12412.186
shp_3_44,50.012081,22.676617,274,12424.692
shp_3_44,50.012188,22.677195,275,12467.735
shp_3_44,50.012169,22.677332,276,12477.881
shp_3_44,50.012173,22.677383,277,12481.493
shp_3_44,50.012165,22.67745,278,12486.427
shp_3_44,50.012077,22.677618,279,12501.753
shp_3_44,50.011848,22.677528,280,12528.196
shp_3_44,50.011574,22.677437,281,12559.604
shp_3_44,50.011505,22.677443,282,12567.1
shp_3_44,50.011459,22.677475,283,12572.649
shp_3_44,50.011425,22.677544,284,12578.837
shp_3_44,50.011406,22.67762,285,12584.664
shp_3_44,50.01141,22.67771,286,12591.025
shp_3_44,50.01144,22.67787,287,12603.022
shp_3_44,50.01144,22.67787,288,12603.022
shp_3_44,50.011887,22.680376,289,12788.988
shp_3_44,50.012077,22.681353,290,12862.138
shp_3_44,50.01263,22.682936,291,12991.012
shp_3_44,50.012951,22.683949,292,13071.676
shp_3_44,50.012951,22.683949,293,13071.676
shp_3_44,50.013206,22.684784,294,13137.925
shp_3_44,50.014568,22.68372,295,13307.469
shp_3_44,50.015079,22.683289,296,13372.212
shp_3_44,50.015411,22.682964,297,13415.729
shp_3_44,50.015697,22.682669,298,13453.932
shp_3_44,50.015839,22.68251,299,13473.36
shp_3_44,50.016193,22.682158,300,13520.12
shp_3_44,50.016281,22.682056,301,13532.378
shp_3_44,50.016418,22.682024,302,13548.07
shp_3_44,50.016479,22.682001,303,13555.02
shp_3_44,50.016514,22.682058,304,13560.503
shp_3_44,50.01656,22.682085,305,13565.983
shp_3_44,50.016605,22.682076,306,13571.281
shp_3_44,50.016628,22.682058,307,13573.953
shp_3_44,50.016651,22.682024,308,13577.414
shp_3_44,50.016666,22.681982,309,13580.883
shp_3_44,50.01667,22.681934,310,13584.349
shp_3_44,50.016666,22.681887,311,13587.815
shp_3_44,50.016727,22.681715,312,13601.768
shp_3_44,50.016804,22.681581,313,13614.507
shp_3_44,50.016846,22.681528,314,13620.613
shp_3_44,50.01688,22.681515,315,13624.29
shp_3_44,50.016914,22.681528,316,13628.489
shp_3_44,50.016953,22.681522,317,13632.685
shp_3_44,50.016987,22.681498,318,13636.874
shp_3_44,50.017014,22.681459,319,13641.071
shp_3_44,50.017033,22.681408,320,13645.27
shp_3_44,50.017036,22.681311,321,13652.155
shp_3_44,50.017029,22.681265,322,13655.622
shp_3_44,50.017006,22.681219,323,13659.627
shp_3_44,50.016979,22.681185,324,13663.629
shp_3_44,50.016911,22.68079,325,13692.945
shp_3_44,50.016891,22.680721,326,13698.309
shp_3_44,50.016804,22.680517,327,13715.811
shp_3_45,49.999542,22.718731,1,0.0
shp_3_45,49.999741,22.718493,2,27.823
shp_3_45,49.99984,22.718456,3,39.383
shp_3_45,49.999928,22.718504,4,49.759
shp_3_45,50.00024,22.719309,5,117.108
shp_3_45,50.000355,22.719498,6,135.661
shp_3_45,50.000984,22.718224,7,250.812
shp_3_45,50.002972,22.714098,8,619.712
shp_3_45,50.003143,22.713715,9,653.132
shp_3_45,50.003323,22.713213,10,694.145
shp_3_45,50.003468,22.712915,11,720.848
shp_3_45,50.003559,22.712748,12,736.471
shp_3_45,50.00362,22.71269,13,744.733
shp_3_45,50.003761,22.712532,14,764.083
shp_3_45,50.003784,22.712515,15,766.867
shp_3_45,50.003819,22.712526,16,770.704
shp_3_45,50.003853,22.712519,17,774.535
shp_3_45,50.00391,22.712463,18,782.111
shp_3_45,50.003929,22.712421,19,785.813
shp_3_45,50.003941,22.712372,20,789.515
shp_3_45,50.003941,22.71232,21,793.222
shp_3_45,50.003922,22.712236,22,799.555
shp_3_45,50.004116,22.711807,23,837.131
shp_3_45,50.004116,22.711807,24,837.131
shp_3_45,50.004173,22.711679,25,848.131
shp_3_45,50.004219,22.711521,26,860.504
shp_3_45,50.004601,22.710709,27,932.705
shp_3_45,50.00536,22.70915,28,1072.532
shp_3_45,50.005642,22.708553,29,1125.619
shp_3_45,50.006332,22.707127,30,1253.367
shp_3_45,50.006527,22.706701,31,1290.839
shp_3_45,50.006527,22.706701,32,1290.839
shp_3_45,50.006718,22.706289,33,1326.926
shp_3_45,50.007484,22.704689,34,1469.968
shp_3_45,50.00956,22.700415,35,1853.017
shp_3_45,50.010296,22.699184,36,1973.31
shp_3_45,50.010784,22.698385,37,2052.168
shp_3_45,50.010784,22.698385,38,2052.168
shp_3_45,50.012463,22.695618,39,2324.48
shp_3_45,50.013351,22.694134,40,2469.626
shp_3_45,50.013737,22.693293,41,2543.606
shp_3_45,50.013737,22.693293,42,2543.606
shp_3_45,50.014763,22.691057,43,2740.106
shp_3_45,50.014866,22.690819,44,2760.563
shp_3_45,50.015762,22.688894,45,2930.672
shp_3_45,50.015957,22.688433,46,2970.139
shp_3_45,50.016018,22.688234,47,2985.888
shp_3_45,50.016758,22.684439,48,3269.56
shp_3_45,50.016819,22.684225,49,3286.341
shp_3_45,50.016895,22.684065,50,3300.506
shp_3_45,50.016922,22.684082,51,3303.924
shp_3_45,50.016953,22.684086,52,3307.34
shp_3_45,50.016983,22.684074,53,3310.768
shp_3_45,50.01701,22.684055,54,3313.897
shp_3_45,50.017029,22.684025,55,3317.033
shp_3_45,50.017052,22.683945,56,3323.247
shp_3_45,50.017052,22.683887,57,3327.339
shp_3_45,50.01704,22.683834,58,3331.437
shp_3_45,50.017014,22.683792,59,3335.531
shp_3_45,50.016678,22.682598,60,3428.781
shp_3_45,50.016644,22.682425,61,3441.668
shp_3_45,50.016632,22.682285,62,3451.754
shp_3_45,50.016628,22.682058,63,3468.055
shp_3_45,50.016651,22.682024,64,3471.516
shp_3_45,50.016666,22.681982,65,3474.985
shp_3_45,50.01667,22.681934,66,3478.45
shp_3_45,50.016666,22.681887,67,3481.917
shp_3_45,50.016727,22.681715,68,3495.87
shp_3_45,50.016804,22.681581,69,3508.609
shp_3_45,50.016846,22.681528,70,3514.715
shp_3_45,50.01688,22.681515,71,3518.392
shp_3_45,50.016914,22.681528,72,3522.591
shp_3_45,50.016953,22.681522,73,3526.787
shp_3_45,50.016987,22.681498,74,3530.976
shp_3_45,50.017014,22.681459,75,3535.173
shp_3_45,50.017033,22.681408,76,3539.371
shp_3_45,50.017036,22.681311,77,3546.257
shp_3_45,50.017029,22.681265,78,3549.724
shp_3_45,50.017006,22.681219,79,3553.728
shp_3_45,50.016979,22.681185,80,3557.73
shp_3_45,50.016911,22.68079,81,3587.047
shp_3_45,50.016891,22.680721,82,3592.41
shp_3_45,50.016804,22.680517,83,3609.912
shp_3_45,50.016804,22.680517,84,3609.912
shp_3_45,50.016724,22.680325,85,3626.388
shp_3_45,50.016586,22.679928,86,3658.537
shp_3_45,50.016472,22.679508,87,3691.169
shp_3_45,50.016304,22.678753,88,3748.451
shp_3_45,50.016163,22.67798,89,3805.795
shp_3_45,50.01598,22.676802,90,3892.573
shp_3_45,50.0158,22.675743,91,3970.843
shp_3_45,50.01561,22.674753,92,4044.793
shp_3_45,50.015427,22.673674,93,4124.561
shp_3_45,50.015427,22.673674,94,4124.561
shp_3_45,50.014992,22.671064,95,4317.472
shp_3_45,50.014977,22.670805,96,4336.141
shp_3_45,50.014988,22.67054,97,4355.108
shp_3_45,50.015018,22.670282,98,4373.841
shp_3_45,50.015141,22.669886,99,4405.253
shp_3_45,50.0154,22.669298,100,4456.393
shp_3_45,50.015743,22.668489,101,4525.54
shp_3_45,50.016197,22.667528,102,4610.961
shp_3_45,50.016197,22.667528,103,4610.961
shp_3_45,50.016735,22.666426,104,4709.965
shp_3_45,50.016876,22.666126,105,4736.344
shp_3_45,50.016991,22.665836,106,4760.777
shp_3_45,50.017166,22.66527,107,4805.824
shp_3_45,50.018444,22.660669,108,5164.322
shp_3_45,50.018547,22.660332,109,5191.118
shp_3_45,50.019272,22.657705,110,5395.4
shp_3_45,50.019272,22.657705,111,5395.4
shp_3_45,50.019688,22.656239,112,5510.165
shp_3_45,50.021431,22.649958,113,5999.475
shp_3_45,50.021561,22.649532,114,6033.118
shp_3_45,50.021904,22.648304,115,6128.969
shp_3_45,50.021904,22.648304,116,6128.969
shp_3_45,50.021999,22.647949,117,6156.466
shp_3_45,50.022106,22.647524,118,6189.135
shp_3_45,50.022263,22.646988,119,6231.284
shp_3_45,50.024021,22.640734,120,6719.54
shp_3_45,50.024021,22.640734,121,6719.54
shp_3_45,50.024509,22.63896,122,6857.546
shp_3_45,50.024635,22.638548,123,6890.092
shp_3_45,50.024807,22.638147,124,6924.676
shp_3_45,50.024872,22.638029,125,6935.724
shp_3_45,50.024914,22.638037,126,6940.277
shp_3_45,50.024952,22.638027,127,6944.829
shp_3_45,50.02499,22.638002,128,6949.392
shp_3_45,50.025024,22.637964,129,6953.947
shp_3_45,50.025047,22.637915,130,6958.498
shp_3_45,50.025066,22.637856,131,6963.058
shp_3_45,50.02507,22.637794,132,6967.475
shp_3_45,50.025066,22.637733,133,6971.893
shp_3_45,50.025051,22.637671,134,6976.742
shp_3_45,50.025028,22.637615,135,6981.593
shp_3_45,50.024986,22.637566,136,6987.423
shp_3_45,50.024937,22.637541,137,6993.258
shp_3_45,50.024864,22.63755,138,7001.038
shp_3_45,50.024803,22.637604,139,7008.819
shp_3_45,50.024765,22.637693,140,7016.6
shp_3_45,50.024731,22.637701,141,7020.452
shp_3_45,50.024654,22.637693,142,7028.867
shp_3_45,50.024422,22.637737,143,7054.817
shp_3_45,50.024353,22.637756,144,7062.681
shp_3_45,50.023884,22.637995,145,7117.74
shp_3_45,50.02158,22.6392,146,7388.013
shp_3_45,50.02158,22.6392,147,7388.013
shp_3_45,50.01899,22.640553,148,7692.243
shp_3_45,50.018417,22.640877,149,7760.0
shp_3_45,50.018417,22.640877,150,7760.0
shp_3_45,50.018253,22.640982,151,7779.985
shp_3_45,50.01498,22.643475,152,8185.569
shp_3_45,50.014729,22.643627,153,8215.679
shp_3_45,50.014706,22.64362,154,8218.28
shp_3_45,50.014664,22.643627,155,8222.705
shp_3_45,50.014648,22.643642,156,8225.034
shp_3_45,50.014633,22.643669,157,8227.615
shp_3_45,50.01458,22.643854,158,8242.079
shp_3_45,50.01453,22.643957,159,8251.269
shp_3_45,50.014515,22.644022,160,8256.299
shp_3_45,50.014511,22.644064,161,8259.176
shp_3_45,50.014523,22.644127,162,8263.917
shp_3_45,50.014557,22.644173,163,8268.719
shp_3_45,50.01461,22.644196,164,8275.013
shp_3_45,50.014629,22.644331,165,8285.002
shp_3_45,50.014671,22.644651,166,8308.383
shp_3_45,50.014687,22.645206,167,8348.012
shp_3_45,50.014687,22.645206,168,8348.012
shp_3_45,50.014706,22.645901,169,8397.769
shp_3_45,50.014774,22.645889,170,8405.325
shp_3_45,50.015419,22.645727,171,8478.021
shp_3_45,50.015568,22.645674,172,8495.155
shp_3_45,50.01572,22.645594,173,8512.851
shp_3_45,50.016041,22.645369,174,8551.954
shp_3_45,50.01656,22.645027,175,8614.563
shp_3_45,50.01656,22.645027,176,8614.563
shp_3_45,50.016041,22.645369,177,8677.173
shp_3_45,50.01572,22.645594,178,8716.276
shp_3_45,50.015568,22.645674,179,8733.972
shp_3_45,50.015419,22.645727,180,8751.105
shp_3_45,50.014774,22.645889,181,8823.802
shp_3_45,50.014706,22.645901,182,8831.358
shp_3_45,50.014671,22.644651,183,8920.744
shp_3_45,50.014698,22.644125,184,8958.532
shp_3_45,50.014725,22.643969,185,8970.168
shp_3_45,50.014778,22.643749,186,8986.9
shp_3_45,50.014759,22.643665,187,8993.203
shp_3_45,50.014729,22.643627,188,8997.764
shp_3_45,50.014706,22.64362,189,9000.365
shp_3_45,50.014664,22.643627,190,9004.79
shp_3_45,50.014648,22.643642,191,9007.119
shp_3_45,50.014633,22.643669,192,9009.7
shp_3_45,50.01458,22.643854,193,9024.164
shp_3_45,50.01453,22.643957,194,9033.354
shp_3_45,50.014515,22.644022,195,9038.384
shp_3_45,50.014427,22.644161,196,9052.262
shp_3_45,50.014301,22.644455,197,9077.528
shp_3_45,50.014221,22.644615,198,9091.846
shp_3_45,50.014221,22.644615,199,9091.846
shp_3_45,50.012066,22.649002,200,9487.1
shp_3_45,50.012066,22.649002,201,9487.1
shp_3_45,50.011715,22.649712,202,9551.001
shp_3_45,50.009987,22.652901,203,9849.35
shp_3_45,50.009724,22.653231,204,9887.011
shp_3_45,50.009445,22.653519,205,9924.333
shp_3_45,50.008827,22.653839,206,9996.976
shp_3_45,50.008694,22.653946,207,10013.446
shp_3_45,50.008583,22.654053,208,10028.178
shp_3_45,50.008461,22.654194,209,10045.012
shp_3_45,50.008331,22.654396,210,10065.391
shp_3_45,50.008217,22.654619,211,10085.878
shp_3_45,50.008022,22.65493,212,10116.905
shp_3_45,50.007862,22.655142,213,10140.183
shp_3_45,50.007721,22.655298,214,10159.57
shp_3_45,50.00716,22.655863,215,10233.865
shp_3_45,50.00705,22.656038,216,10251.572
shp_3_45,50.006977,22.656191,217,10265.021
shp_3_45,50.006924,22.656347,218,10277.771
shp_3_45,50.00687,22.656557,219,10293.888
shp_3_45,50.006832,22.656826,220,10313.645
shp_3_45,50.006802,22.657124,221,10335.249
shp_3_45,50.006775,22.657202,222,10341.454
shp_3_45,50.006748,22.657351,223,10352.54
shp_3_45,50.006668,22.657572,224,10370.576
shp_3_45,50.006645,22.657593,225,10373.62
shp_3_45,50.006603,22.657661,226,10380.239
shp_3_45,50.006584,22.657749,227,10386.852
shp_3_45,50.006592,22.65785,228,10394.171
shp_3_45,50.006626,22.65794,229,10401.495
shp_3_45,50.006615,22.658171,230,10418.074
shp_3_45,50.006577,22.658474,231,10440.082
shp_3_45,50.006153,22.660351,232,10582.552
shp_3_45,50.00584,22.661087,233,10645.642
shp_3_45,50.00584,22.661087,234,10645.642
shp_3_45,50.00528,22.662447,235,10761.17
shp_3_45,50.004997,22.663052,236,10814.82
shp_3_45,50.004173,22.664415,237,10948.746
shp_3_45,50.004036,22.664623,238,10969.861
shp_3_45,50.004036,22.664623,239,10969.861
shp_3_45,50.003704,22.665138,240,11022.169
shp_3_45,50.003147,22.666075,241,11113.268
shp_3_45,50.003006,22.666283,242,11135.062
shp_3_45,50.002728,22.666754,243,11180.891
shp_3_45,50.002419,22.667406,244,11238.898
shp_3_45,50.001812,22.668898,245,11365.311
shp_3_45,50.001812,22.668898,246,11365.311
shp_3_45,50.001366,22.669992,247,11458.069
shp_3_45,50.001057,22.670683,248,11517.997
shp_3_45,50.000679,22.671452,249,11587.393
shp_3_45,50.000622,22.671537,250,11596.246
shp_3_45,50.000526,22.671761,251,11615.42
shp_3_45,50.000496,22.671772,252,11618.67
shp_3_45,50.000458,22.671806,253,11623.647
shp_3_45,50.000427,22.671856,254,11628.634
shp_3_45,50.000408,22.671919,255,11633.619
shp_3_45,50.000401,22.671993,256,11639.025
shp_3_45,50.000404,22.672068,257,11644.432
shp_3_45,50.000431,22.67214,258,11650.3
shp_3_45,50.000469,22.672197,259,11656.169
shp_3_45,50.000519,22.672228,260,11662.044
shp_3_45,50.000553,22.672235,261,11666.01
shp_3_45,50.000587,22.672228,262,11669.989
shp_3_45,50.000622,22.672209,263,11673.953
shp_3_45,50.000668,22.672155,264,11680.311
shp_3_45,50.000725,22.672129,265,11687.072
shp_3_45,50.000824,22.672131,266,11697.85
shp_3_45,50.000889,22.672123,267,11705.044
shp_3_45,50.001038,22.672186,268,11722.471
shp_3_45,50.001217,22.672287,269,11743.77
shp_3_45,50.001373,22.672417,270,11763.469
shp_3_45,50.001732,22.672766,271,11810.418
shp_3_45,50.001732,22.672766,272,11810.418
shp_3_45,50.003181,22.674179,273,12001.078
shp_3_45,50.003407,22.674366,274,12029.228
shp_3_45,50.003597,22.674475,275,12052.029
shp_3_45,50.004066,22.674671,276,12105.99
shp_3_45,50.006359,22.675583,277,12369.439
shp_3_45,50.006771,22.675755,278,12416.815
shp_3_45,50.007214,22.675966,279,12468.421
shp_3_45,50.007664,22.676157,280,12520.438
shp_3_45,50.007664,22.676157,281,12520.438
shp_3_45,50.008381,22.676462,282,12603.298
shp_3_45,50.008522,22.676487,283,12618.713
shp_3_45,50.008629,22.676487,284,12630.725
shp_3_45,50.008785,22.67642,285,12648.853
shp_3_45,50.008846,22.676373,286,12656.522
shp_3_45,50.008972,22.67625,287,12673.071
shp_3_45,50.00909,22.676067,288,12691.394
shp_3_45,50.00914,22.675945,289,12701.884
shp_3_45,50.009445,22.674879,290,12785.436
shp_3_45,50.009548,22.67465,291,12805.43
shp_3_45,50.009644,22.674528,292,12818.911
shp_3_45,50.009758,22.6744,293,12834.638
shp_3_45,50.010086,22.674242,294,12873.052
shp_3_45,50.010368,22.67412,295,12905.492
shp_3_45,50.010368,22.67412,296,12905.492
shp_3_45,50.010555,22.674051,297,12926.843
shp_3_45,50.010647,22.674047,298,12937.201
shp_3_45,50.010792,22.674095,299,12953.867
shp_3_45,50.010902,22.674221,300,12968.856
shp_3_45,50.011005,22.67429,301,12981.576
shp_3_45,50.011295,22.674385,302,13014.39
shp_3_45,50.011486,22.674465,303,13036.6
shp_3_45,50.011585,22.674593,304,13050.785
shp_3_45,50.011627,22.674669,305,13057.994
shp_3_45,50.011662,22.674767,306,13066.055
shp_3_45,50.011921,22.676048,307,13162.055
shp_3_45,50.012016,22.676472,308,13194.271
shp_3_45,50.012081,22.676617,309,13206.777
shp_3_45,50.012188,22.677195,310,13249.82
shp_3_45,50.012169,22.677332,311,13259.966
shp_3_45,50.012173,22.677383,312,13263.578
shp_3_45,50.012165,22.67745,313,13268.512
shp_3_45,50.012077,22.677618,314,13283.838
shp_3_45,50.011848,22.677528,315,13310.281
shp_3_45,50.011574,22.677437,316,13341.689
shp_3_45,50.011505,22.677443,317,13349.185
shp_3_45,50.011459,22.677475,318,13354.734
shp_3_45,50.011425,22.677544,319,13360.922
shp_3_45,50.011406,22.67762,320,13366.749
shp_3_45,50.01141,22.67771,321,13373.11
shp_3_45,50.01144,22.67787,322,13385.107
shp_3_45,50.01144,22.67787,323,13385.107
shp_3_45,50.011887,22.680376,324,13571.073
shp_3_45,50.012077,22.681353,325,13644.223
shp_3_45,50.01263,22.682936,326,13773.097
shp_3_45,50.012951,22.683949,327,13853.761
shp_3_46,49.999542,22.718731,1,0.0
shp_3_46,49.999741,22.718493,2,27.823
shp_3_46,49.99984,22.718456,3,39.383
shp_3_46,49.999928,22.718504,4,49.759
shp_3_46,50.00024,22.719309,5,117.108
shp_3_46,50.000355,22.719498,6,135.661
shp_3_46,50.000984,22.718224,7,250.812
shp_3_46,50.002972,22.714098,8,619.712
shp_3_46,50.003143,22.713715,9,653.132
shp_3_46,50.003323,22.713213,10,694.145
shp_3_46,50.003468,22.712915,11,720.848
shp_3_46,50.003559,22.712748,12,736.471
shp_3_46,50.00362,22.71269,13,744.733
shp_3_46,50.003761,22.712532,14,764.083
shp_3_46,50.003784,22.712515,15,766.867
shp_3_46,50.003819,22.712526,16,770.704
shp_3_46,50.003853,22.712519,17,774.535
shp_3_46,50.00391,22.712463,18,782.111
shp_3_46,50.003929,22.712421,19,785.813
shp_3_46,50.003941,22.712372,20,789.515
shp_3_46,50.003941,22.71232,21,793.222
shp_3_46,50.003922,22.712236,22,799.555
shp_3_46,50.004116,22.711807,23,837.131
shp_3_46,50.004116,22.711807,24,837.131
shp_3_46,50.004173,22.711679,25,848.131
shp_3_46,50.004219,22.711521,26,860.504
shp_3_46,50.004601,22.710709,27,932.705
shp_3_46,50.00536,22.70915,28,1072.532
shp_3_46,50.005642,22.708553,29,1125.619
shp_3_46,50.006332,22.707127,30,1253.367
shp_3_46,50.006527,22.706701,31,1290.839
shp_3_46,50.006527,22.706701,32,1290.839
shp_3_46,50.006718,22.706289,33,1326.926
shp_3_46,50.007484,22.704689,34,1469.968
shp_3_46,50.00956,22.700415,35,1853.017
shp_3_46,50.010296,22.699184,36,1973.31
shp_3_46,50.010784,22.698385,37,2052.168
shp_3_46,50.010784,22.698385,38,2052.168
shp_3_46,50.012463,22.695618,39,2324.48
shp_3_46,50.013351,22.694134,40,2469.626
shp_3_46,50.013737,22.693293,41,2543.606
shp_3_46,50.013737,22.693293,42,2543.606
shp_3_46,50.014763,22.691057,43,2740.106
shp_3_46,50.014866,22.690819,44,2760.563
shp_3_46,50.015762,22.688894,45,2930.672
shp_3_46,50.015957,22.688433,46,2970.139
shp_3_46,50.016018,22.688234,47,2985.888
shp_3_46,50.016758,22.684439,48,3269.56
shp_3_46,50.016819,22.684225,49,3286.341
shp_3_46,50.016895,22.684065,50,3300.506
shp_3_46,50.016922,22.684082,51,3303.924
shp_3_46,50.016953,22.684086,52,3307.34
shp_3_46,50.016983,22.684074,53,3310.768
shp_3_46,50.01701,22.684055,54,3313.897
shp_3_46,50.017029,22.684025,55,3317.033
shp_3_46,50.017052,22.683945,56,3323.247
shp_3_46,50.017052,22.683887,57,3327.339
shp_3_46,50.01704,22.683834,58,3331.437
shp_3_46,50.017014,22.683792,59,3335.531
shp_3_46,50.016678,22.682598,60,3428.781
shp_3_46,50.016644,22.682425,61,3441.668
shp_3_46,50.016632,22.682285,62,3451.754
shp_3_46,50.016628,22.682058,63,3468.055
shp_3_46,50.016651,22.682024,64,3471.516
shp_3_46,50.016666,22.681982,65,3474.985
shp_3_46,50.01667,22.681934,66,3478.45
shp_3_46,50.016666,22.681887,67,3481.917
shp_3_46,50.016727,22.681715,68,3495.87
shp_3_46,50.016804,22.681581,69,3508.609
shp_3_46,50.016846,22.681528,70,3514.715
shp_3_46,50.01688,22.681515,71,3518.392
shp_3_46,50.016914,22.681528,72,3522.591
shp_3_46,50.016953,22.681522,73,3526.787
shp_3_46,50.016987,22.681498,74,3530.976
shp_3_46,50.017014,22.681459,75,3535.173
shp_3_46,50.017033,22.681408,76,3539.371
shp_3_46,50.017036,22.681311,77,3546.257
shp_3_46,50.017029,22.681265,78,3549.724
shp_3_46,50.017006,22.681219,79,3553.728
shp_3_46,50.016979,22.681185,80,3557.73
shp_3_46,50.016911,22.68079,81,3587.047
shp_3_46,50.016891,22.680721,82,3592.41
shp_3_46,50.016804,22.680517,83,3609.912
shp_3_46,50.016804,22.680517,84,3609.912
shp_3_46,50.016724,22.680325,85,3626.388
shp_3_46,50.016586,22.679928,86,3658.537
shp_3_46,50.016472,22.679508,87,3691.169
shp_3_46,50.016304,22.678753,88,3748.451
shp_3_46,50.016163,22.67798,89,3805.795
shp_3_46,50.01598,22.676802,90,3892.573
shp_3_46,50.0158,22.675743,91,3970.843
shp_3_46,50.01561,22.674753,92,4044.793
shp_3_46,50.015427,22.673674,93,4124.561
shp_3_46,50.015427,22.673674,94,4124.561
shp_3_46,50.014992,22.671064,95,4317.472
shp_3_46,50.014977,22.670805,96,4336.141
shp_3_46,50.014988,22.67054,97,4355.108
shp_3_46,50.015018,22.670282,98,4373.841
shp_3_46,50.015141,22.669886,99,4405.253
shp_3_46,50.0154,22.669298,100,4456.393
shp_3_46,50.015743,22.668489,101,4525.54
shp_3_46,50.016197,22.667528,102,4610.961
shp_3_46,50.016197,22.667528,103,4610.961
shp_3_46,50.016735,22.666426,104,4709.965
shp_3_46,50.016876,22.666126,105,4736.344
shp_3_46,50.016991,22.665836,106,4760.777
shp_3_46,50.017166,22.66527,107,4805.824
shp_3_46,50.018444,22.660669,108,5164.322
shp_3_46,50.018547,22.660332,109,5191.118
shp_3_46,50.019272,22.657705,110,5395.4
shp_3_46,50.019272,22.657705,111,5395.4
shp_3_46,50.019688,22.656239,112,5510.165
shp_3_46,50.021431,22.649958,113,5999.475
shp_3_46,50.021561,22.649532,114,6033.118
shp_3_46,50.021904,22.648304,115,6128.969
shp_3_46,50.021904,22.648304,116,6128.969
shp_3_46,50.021999,22.647949,117,6156.466
shp_3_46,50.022106,22.647524,118,6189.135
shp_3_46,50.022263,22.646988,119,6231.284
shp_3_46,50.024021,22.640734,120,6719.54
shp_3_46,50.024021,22.640734,121,6719.54
shp_3_46,50.024509,22.63896,122,6857.546
shp_3_46,50.024635,22.638548,123,6890.092
shp_3_46,50.024807,22.638147,124,6924.676
shp_3_46,50.024872,22.638029,125,6935.724
shp_3_46,50.024914,22.638037,126,6940.277
shp_3_46,50.024952,22.638027,127,6944.829
shp_3_46,50.02499,22.638002,128,6949.392
shp_3_46,50.025024,22.637964,129,6953.947
shp_3_46,50.025047,22.637915,130,6958.498
shp_3_46,50.025066,22.637856,131,6963.058
shp_3_46,50.02507,22.637794,132,6967.475
shp_3_46,50.025066,22.637733,133,6971.893
shp_3_46,50.025051,22.637671,134,6976.742
shp_3_46,50.025028,22.637615,135,6981.593
shp_3_46,50.024986,22.637566,136,6987.423
shp_3_46,50.024937,22.637541,137,6993.258
shp_3_46,50.024864,22.63755,138,7001.038
shp_3_46,50.024803,22.637604,139,7008.819
shp_3_46,50.024765,22.637693,140,7016.6
shp_3_46,50.024731,22.637701,141,7020.452
shp_3_46,50.024654,22.637693,142,7028.867
shp_3_46,50.024422,22.637737,143,7054.817
shp_3_46,50.024353,22.637756,144,7062.681
shp_3_46,50.023884,22.637995,145,7117.74
shp_3_46,50.02158,22.6392,146,7388.013
shp_3_46,50.02158,22.6392,147,7388.013
shp_3_46,50.01899,22.640553,148,7692.243
shp_3_46,50.018417,22.640877,149,7760.0
shp_3_46,50.018417,22.640877,150,7760.0
shp_3_46,50.018253,22.640982,151,7779.985
shp_3_46,50.01498,22.643475,152,8185.569
shp_3_46,50.014729,22.643627,153,8215.679
shp_3_46,50.014706,22.64362,154,8218.28
shp_3_46,50.014664,22.643627,155,8222.705
shp_3_46,50.014648,22.643642,156,8225.034
shp_3_46,50.014633,22.643669,157,8227.615
shp_3_46,50.01458,22.643854,158,8242.079
shp_3_46,50.01453,22.643957,159,8251.269
shp_3_46,50.014515,22.644022,160,8256.299
shp_3_46,50.014511,22.644064,161,8259.176
shp_3_46,50.014523,22.644127,162,8263.917
shp_3_46,50.014557,22.644173,163,8268.719
shp_3_46,50.01461,22.644196,164,8275.013
shp_3_46,50.014629,22.644331,165,8285.002
shp_3_46,50.014671,22.644651,166,8308.383
shp_3_46,50.014687,22.645206,167,8348.012
shp_3_46,50.014687,22.645206,168,8348.012
shp_3_46,50.014706,22.645901,169,8397.769
shp_3_46,50.014774,22.645889,170,8405.325
shp_3_46,50.015419,22.645727,171,8478.021
shp_3_46,50.015568,22.645674,172,8495.155
shp_3_46,50.01572,22.645594,173,8512.851
shp_3_46,50.016041,22.645369,174,8551.954
shp_3_46,50.01656,22.645027,175,8614.563
shp_3_46,50.01656,22.645027,176,8614.563
shp_3_46,50.016041,22.645369,177,8677.173
shp_3_46,50.01572,22.645594,178,8716.276
shp_3_46,50.015568,22.645674,179,8733.972
shp_3_46,50.015419,22.645727,180,8751.105
shp_3_46,50.014774,22.645889,181,8823.802
shp_3_46,50.014706,22.645901,182,8831.358
shp_3_46,50.014671,22.644651,183,8920.744
shp_3_46,50.014698,22.644125,184,8958.532
shp_3_46,50.014725,22.643969,185,8970.168
shp_3_46,50.014778,22.643749,186,8986.9
shp_3_46,50.014759,22.643665,187,8993.203
shp_3_46,50.014729,22.643627,188,8997.764
shp_3_46,50.014706,22.64362,189,9000.365
shp_3_46,50.014664,22.643627,190,9004.79
shp_3_46,50.014648,22.643642,191,9007.119
shp_3_46,50.014633,22.643669,192,9009.7
shp_3_46,50.01458,22.643854,193,9024.164
shp_3_46,50.01453,22.643957,194,9033.354
shp_3_46,50.014515,22.644022,195,9038.384
shp_3_46,50.014427,22.644161,196,9052.262
shp_3_46,50.014301,22.644455,197,9077.528
shp_3_46,50.014221,22.644615,198,9091.846
shp_3_46,50.014221,22.644615,199,9091.846
shp_3_46,50.012066,22.649002,200,9487.1
shp_3_46,50.012066,22.649002,201,9487.1
shp_3_46,50.011715,22.649712,202,9551.001
shp_3_46,50.009987,22.652901,203,9849.35
shp_3_46,50.009724,22.653231,204,9887.011
shp_3_46,50.009445,22.653519,205,9924.333
shp_3_46,50.008827,22.653839,206,9996.976
shp_3_46,50.008694,22.653946,207,10013.446
shp_3_46,50.008583,22.654053,208,10028.178
shp_3_46,50.008461,22.654194,209,10045.012
shp_3_46,50.008331,22.654396,210,10065.391
shp_3_46,50.008217,22.654619,211,10085.878
shp_3_46,50.008022,22.65493,212,10116.905
shp_3_46,50.007862,22.655142,213,10140.183
shp_3_46,50.007721,22.655298,214,10159.57
shp_3_46,50.00716,22.655863,215,10233.865
shp_3_46,50.00705,22.656038,216,10251.572
shp_3_46,50.006977,22.656191,217,10265.021
shp_3_46,50.006924,22.656347,218,10277.771
shp_3_46,50.00687,22.656557,219,10293.888
shp_3_46,50.006832,22.656826,220,10313.645
shp_3_46,50.006802,22.657124,221,10335.249
shp_3_46,50.006775,22.657202,222,10341.454
shp_3_46,50.006748,22.657351,223,10352.54
shp_3_46,50.006668,22.657572,224,10370.576
shp_3_46,50.006645,22.657593,225,10373.62
shp_3_46,50.006603,22.657661,226,10380.239
shp_3_46,50.006584,22.657749,227,10386.852
shp_3_46,50.006592,22.65785,228,10394.171
shp_3_46,50.006626,22.65794,229,10401.495
shp_3_46,50.006615,22.658171,230,10418.074
shp_3_46,50.006577,22.658474,231,10440.082
shp_3_46,50.006153,22.660351,232,10582.552
shp_3_46,50.00584,22.661087,233,10645.642
shp_3_46,50.00584,22.661087,234,10645.642
shp_3_46,50.00528,22.662447,235,10761.17
shp_3_46,50.004997,22.663052,236,10814.82
shp_3_46,50.004173,22.664415,237,10948.746
shp_3_46,50.004036,22.664623,238,10969.861
shp_3_46,50.004036,22.664623,239,10969.861
shp_3_46,50.003704,22.665138,240,11022.169
shp_3_46,50.003147,22.666075,241,11113.268
shp_3_46,50.003006,22.666283,242,11135.062
shp_3_46,50.002728,22.666754,243,11180.891
shp_3_46,50.002419,22.667406,244,11238.898
shp_3_46,50.001812,22.668898,245,11365.311
shp_3_46,50.001812,22.668898,246,11365.311
shp_3_46,50.001366,22.669992,247,11458.069
shp_3_46,50.001057,22.670683,248,11517.997
shp_3_46,50.000679,22.671452,249,11587.393
shp_3_46,50.000622,22.671537,250,11596.246
shp_3_46,50.000526,22.671761,251,11615.42
shp_3_46,50.000496,22.671772,252,11618.67
shp_3_46,50.000458,22.671806,253,11623.647
shp_3_46,50.000427,22.671856,254,11628.634
shp_3_46,50.000408,22.671919,255,11633.619
shp_3_46,50.000401,22.671993,256,11639.025
shp_3_46,50.000404,22.672068,257,11644.432
shp_3_46,50.000431,22.67214,258,11650.3
shp_3_46,50.000469,22.672197,259,11656.169
shp_3_46,50.000519,22.672228,260,11662.044
shp_3_46,50.000553,22.672235,261,11666.01
shp_3_46,50.000587,22.672228,262,11669.989
shp_3_46,50.000622,22.672209,263,11673.953
shp_3_46,50.000668,22.672155,264,11680.311
shp_3_46,50.000725,22.672129,265,11687.072
shp_3_46,50.000824,22.672131,266,11697.85
shp_3_46,50.000889,22.672123,267,11705.044
shp_3_46,50.001038,22.672186,268,11722.471
shp_3_46,50.001217,22.672287,269,11743.77
shp_3_46,50.001373,22.672417,270,11763.469
shp_3_46,50.001732,22.672766,271,11810.418
shp_3_46,50.001732,22.672766,272,11810.418
shp_3_46,50.003181,22.674179,273,12001.078
shp_3_46,50.003407,22.674366,274,12029.228
shp_3_46,50.003597,22.674475,275,12052.029
shp_3_46,50.004066,22.674671,276,12105.99
shp_3_46,50.006359,22.675583,277,12369.439
shp_3_46,50.006771,22.675755,278,12416.815
shp_3_46,50.007214,22.675966,279,12468.421
shp_3_46,50.007664,22.676157,280,12520.438
shp_3_46,50.007664,22.676157,281,12520.438
shp_3_46,50.008381,22.676462,282,12603.298
shp_3_46,50.008522,22.676487,283,12618.713
shp_3_46,50.008629,22.676487,284,12630.725
shp_3_46,50.008785,22.67642,285,12648.853
shp_3_46,50.008846,22.676373,286,12656.522
shp_3_46,50.008972,22.67625,287,12673.071
shp_3_46,50.00909,22.676067,288,12691.394
shp_3_46,50.00914,22.675945,289,12701.884
shp_3_46,50.009445,22.674879,290,12785.436
shp_3_46,50.009548,22.67465,291,12805.43
shp_3_46,50.009644,22.674528,292,12818.911
shp_3_46,50.009758,22.6744,293,12834.638
shp_3_46,50.010086,22.674242,294,12873.052
shp_3_46,50.010368,22.67412,295,12905.492
shp_3_46,50.010368,22.67412,296,12905.492
shp_3_46,50.010555,22.674051,297,12926.843
shp_3_46,50.010647,22.674047,298,12937.201
shp_3_46,50.010792,22.674095,299,12953.867
shp_3_46,50.010902,22.674221,300,12968.856
shp_3_46,50.011005,22.67429,301,12981.576
shp_3_46,50.011295,22.674385,302,13014.39
shp_3_46,50.011486,22.674465,303,13036.6
shp_3_46,50.011585,22.674593,304,13050.785
shp_3_46,50.011627,22.674669,305,13057.994
shp_3_46,50.011662,22.674767,306,13066.055
shp_3_46,50.011921,22.676048,307,13162.055
shp_3_46,50.012016,22.676472,308,13194.271
shp_3_46,50.012081,22.676617,309,13206.777
shp_3_46,50.012188,22.677195,310,13249.82
shp_3_46,50.012169,22.677332,311,13259.966
shp_3_46,50.012173,22.677383,312,13263.578
shp_3_46,50.012165,22.67745,313,13268.512
shp_3_46,50.012077,22.677618,314,13283.838
shp_3_46,50.011848,22.677528,315,13310.281
shp_3_46,50.011574,22.677437,316,13341.689
shp_3_46,50.011505,22.677443,317,13349.185
shp_3_46,50.011459,22.677475,318,13354.734
shp_3_46,50.011425,22.677544,319,13360.922
shp_3_46,50.011406,22.67762,320,13366.749
shp_3_46,50.01141,22.67771,321,13373.11
shp_3_46,50.01144,22.67787,322,13385.107
shp_3_46,50.01144,22.67787,323,13385.107
shp_3_46,50.011887,22.680376,324,13571.073
shp_3_46,50.012077,22.681353,325,13644.223
shp_3_46,50.01263,22.682936,326,13773.097
shp_3_46,50.012951,22.683949,327,13853.761
shp_3_46,50.012951,22.683949,328,13853.761
shp_3_46,50.013206,22.684784,329,13920.01
shp_3_46,50.013573,22.685844,330,14006.161
shp_3_46,50.014248,22.68791,331,14171.841
shp_3_46,50.014595,22.688906,332,14252.989
shp_3_46,50.015026,22.689936,333,14340.707
shp_3_46,50.015072,22.690109,334,14354.362
shp_3_46,50.015091,22.69022,335,14362.49
shp_3_46,50.015095,22.690329,336,14370.284
shp_3_46,50.014866,22.690819,337,14413.607
shp_3_46,50.014763,22.691057,338,14434.064
shp_3_46,50.014473,22.691687,339,14489.453
shp_3_46,50.014473,22.691687,340,14489.453
shp_3_46,50.013351,22.694134,341,14704.545
shp_3_46,50.012463,22.695618,342,14849.69
shp_3_46,50.010162,22.699406,343,15222.55
shp_3_46,50.010162,22.699406,344,15222.55
shp_3_46,50.00956,22.700415,345,15321.151
shp_3_46,50.008327,22.702946,346,15548.231
shp_3_46,50.006718,22.706289,347,15847.243
shp_3_46,50.006332,22.707127,348,15920.802
shp_3_46,50.005955,22.707909,349,15990.898
shp_3_46,50.005955,22.707909,350,15990.898
shp_3_46,50.00536,22.70915,351,16101.635
shp_3_46,50.004601,22.710709,352,16241.463
shp_3_46,50.004219,22.711521,353,16313.663
shp_3_46,50.004169,22.711546,354,16319.214
shp_3_46,50.003906,22.712061,355,16366.276
shp_3_46,50.00386,22.712168,356,16375.513
shp_3_46,50.003826,22.712158,357,16379.209
shp_3_46,50.003796,22.712164,358,16382.915
shp_3_46,50.003765,22.712183,359,16386.609
shp_3_46,50.003738,22.712215,360,16390.309
shp_3_46,50.003708,22.712296,361,16396.863
shp_3_46,50.003708,22.71236,362,16401.439
shp_3_46,50.003716,22.71241,363,16405.166
shp_3_46,50.00359,22.712648,364,16427.166
shp_3_46,50.003559,22.712748,365,16435.102
shp_3_46,50.003468,22.712915,366,16450.725
shp_3_46,50.003323,22.713213,367,16477.428
shp_3_46,50.003143,22.713715,368,16518.441
shp_3_46,50.002972,22.714098,369,16551.861
shp_3_46,50.002659,22.714745,370,16609.701
shp_3_46,50.002659,22.714745,371,16609.701
shp_3_46,50.000984,22.718224,372,16920.762
shp_3_46,50.000355,22.719498,373,17035.912
shp_3_46,50.00024,22.719309,374,17054.465
shp_3_46,49.999928,22.718504,375,17121.813
shp_3_46,49.99984,22.718456,376,17132.189
shp_3_46,49.999741,22.718493,377,17143.75
shp_3_46,49.999542,22.718731,378,17171.574
shp_3_47,49.999542,22.718731,1,0.0
shp_3_47,49.999741,22.718493,2,27.823
shp_3_47,49.99984,22.718456,3,39.383
shp_3_47,49.999928,22.718504,4,49.759
shp_3_47,50.00024,22.719309,5,117.108
shp_3_47,50.000355,22.719498,6,135.661
shp_3_47,50.000984,22.718224,7,250.812
shp_3_47,50.002972,22.714098,8,619.712
shp_3_47,50.003143,22.713715,9,653.132
shp_3_47,50.003323,22.713213,10,694.145
shp_3_47,50.003468,22.712915,11,720.848
shp_3_47,50.003559,22.712748,12,736.471
shp_3_47,50.00362,22.71269,13,744.733
shp_3_47,50.003761,22.712532,14,764.083
shp_3_47,50.003784,22.712515,15,766.867
shp_3_47,50.003819,22.712526,16,770.704
shp_3_47,50.003853,22.712519,17,774.535
shp_3_47,50.00391,22.712463,18,782.111
shp_3_47,50.003929,22.712421,19,785.813
shp_3_47,50.003941,22.712372,20,789.515
shp_3_47,50.003941,22.71232,21,793.222
shp_3_47,50.003922,22.712236,22,799.555
shp_3_47,50.004116,22.711807,23,837.131
shp_3_47,50.004116,22.711807,24,837.131
shp_3_47,50.004173,22.711679,25,848.131
shp_3_47,50.004219,22.711521,26,860.504
shp_3_47,50.004601,22.710709,27,932.705
shp_3_47,50.00536,22.70915,28,1072.532
shp_3_47,50.005642,22.708553,29,1125.619
shp_3_47,50.006332,22.707127,30,1253.367
shp_3_47,50.006527,22.706701,31,1290.839
shp_3_47,50.006527,22.706701,32,1290.839
shp_3_47,50.006718,22.706289,33,1326.926
shp_3_47,50.007484,22.704689,34,1469.968
shp_3_47,50.00956,22.700415,35,1853.017
shp_3_47,50.010296,22.699184,36,1973.31
shp_3_47,50.010784,22.698385,37,2052.168
shp_3_47,50.010784,22.698385,38,2052.168
shp_3_47,50.012463,22.695618,39,2324.48
shp_3_47,50.013351,22.694134,40,2469.626
shp_3_47,50.013737,22.693293,41,2543.606
shp_3_47,50.013737,22.693293,42,2543.606
shp_3_47,50.014763,22.691057,43,2740.106
shp_3_47,50.014866,22.690819,44,2760.563
shp_3_47,50.015247,22.690002,45,2832.928
shp_3_47,50.015144,22.689894,46,2847.065
shp_3_47,50.014866,22.689556,47,2886.06
shp_3_47,50.014595,22.688906,48,2941.565
shp_3_47,50.014248,22.68791,49,3022.713
shp_3_47,50.013573,22.685844,50,3188.392
shp_3_47,50.013206,22.684784,51,3274.543
shp_3_47,50.012859,22.683657,52,3364.024
shp_3_47,50.01252,22.683914,53,3405.988
shp_3_47,50.012154,22.682751,54,3498.622
shp_3_47,50.01247,22.682474,55,3539.19
shp_3_47,50.01263,22.682936,56,3576.74
shp_3_47,50.012779,22.683407,57,3614.323
shp_3_47,50.012779,22.683407,58,3614.323
shp_3_47,50.013206,22.684784,59,3723.653
shp_3_47,50.014568,22.68372,60,3893.197
shp_3_47,50.015079,22.683289,61,3957.94
shp_3_47,50.015411,22.682964,62,4001.458
shp_3_47,50.015697,22.682669,63,4039.66
shp_3_47,50.015839,22.68251,64,4059.089
shp_3_47,50.016193,22.682158,65,4105.848
shp_3_47,50.016281,22.682056,66,4118.106
shp_3_47,50.016418,22.682024,67,4133.799
shp_3_47,50.016479,22.682001,68,4140.748
shp_3_47,50.016514,22.682058,69,4146.23
shp_3_47,50.01656,22.682085,70,4151.711
shp_3_47,50.016605,22.682076,71,4157.009
shp_3_47,50.016628,22.682058,72,4159.68
shp_3_47,50.016651,22.682024,73,4163.142
shp_3_47,50.016666,22.681982,74,4166.61
shp_3_47,50.01667,22.681934,75,4170.075
shp_3_47,50.016666,22.681887,76,4173.542
shp_3_47,50.016727,22.681715,77,4187.494
shp_3_47,50.016804,22.681581,78,4200.233
shp_3_47,50.016846,22.681528,79,4206.34
shp_3_47,50.01688,22.681515,80,4210.016
shp_3_47,50.016914,22.681528,81,4214.215
shp_3_47,50.016953,22.681522,82,4218.411
shp_3_47,50.016987,22.681498,83,4222.601
shp_3_47,50.017014,22.681459,84,4226.797
shp_3_47,50.017033,22.681408,85,4230.995
shp_3_47,50.017036,22.681311,86,4237.881
shp_3_47,50.017029,22.681265,87,4241.348
shp_3_47,50.017006,22.681219,88,4245.353
shp_3_47,50.016979,22.681185,89,4249.354
shp_3_47,50.016911,22.68079,90,4278.671
shp_3_47,50.016891,22.680721,91,4284.034
shp_3_47,50.016804,22.680517,92,4301.537
shp_3_47,50.016804,22.680517,93,4301.537
shp_3_47,50.016724,22.680325,94,4318.012
shp_3_47,50.016586,22.679928,95,4350.162
shp_3_47,50.016472,22.679508,96,4382.793
shp_3_47,50.016304,22.678753,97,4440.075
shp_3_47,50.016163,22.67798,98,4497.419
shp_3_47,50.016121,22.677702,99,4517.914
shp_3_47,50.016212,22.677715,100,4528.246
shp_3_47,50.016792,22.67754,101,4593.855
shp_3_47,50.017632,22.677242,102,4689.797
shp_3_47,50.017872,22.677166,103,4717.106
shp_3_47,50.017872,22.677166,104,4717.106
shp_3_47,50.018776,22.676867,105,4819.698
shp_3_47,50.02018,22.67638,106,4979.793
shp_3_47,50.020405,22.676281,107,5006.185
shp_3_47,50.023121,22.674553,108,5332.544
shp_3_47,50.023121,22.674553,109,5332.544
shp_3_47,50.02319,22.674511,110,5340.653
shp_3_47,50.023365,22.674473,111,5360.378
shp_3_47,50.023384,22.674511,112,5363.849
shp_3_47,50.023438,22.674555,113,5370.7
shp_3_47,50.023468,22.674557,114,5374.166
shp_3_47,50.023499,22.674545,115,5377.639
shp_3_47,50.023525,22.67452,116,5381.095
shp_3_47,50.023548,22.674486,117,5384.561
shp_3_47,50.02356,22.674442,118,5388.025
shp_3_47,50.023567,22.674381,119,5392.465
shp_3_47,50.023727,22.674189,120,5415.194
shp_3_47,50.023823,22.674118,121,5426.824
shp_3_47,50.023899,22.674036,122,5437.247
shp_3_47,50.024326,22.673418,123,5502.034
shp_3_47,50.024597,22.673077,124,5540.868
shp_3_47,50.024612,22.672916,125,5552.514
shp_3_47,50.024643,22.672791,126,5561.992
shp_3_47,50.024685,22.672668,127,5572.047
shp_3_47,50.025257,22.671513,128,5676.183
shp_3_47,50.025814,22.67012,129,5793.672
shp_3_47,50.025974,22.669786,130,5823.41
shp_3_47,50.026096,22.669575,131,5843.699
shp_3_47,50.026466,22.668989,132,5902.642
shp_3_47,50.026585,22.668787,133,5922.131
shp_3_47,50.026695,22.668579,134,5941.345
shp_3_47,50.026695,22.668579,135,5941.345
shp_3_47,50.026863,22.668228,136,5972.707
shp_3_47,50.027027,22.667841,137,6005.907
shp_3_47,50.027397,22.66692,138,6083.456
shp_3_47,50.027557,22.666475,139,6119.91
shp_3_47,50.027817,22.665688,140,6183.363
shp_3_47,50.028191,22.66453,141,6275.822
shp_3_47,50.028351,22.66395,142,6321.068
shp_3_47,50.028404,22.663681,143,6341.277
shp_3_47,50.028477,22.663111,144,6382.726
shp_3_47,50.028553,22.662676,145,6414.928
shp_3_47,50.028553,22.662676,146,6414.928
shp_3_47,50.028721,22.661724,147,6485.527
shp_3_47,50.029037,22.660435,148,6584.288
shp_3_47,50.029613,22.658552,149,6733.445
shp_3_47,50.029716,22.658281,150,6755.923
shp_3_47,50.029865,22.658005,151,6781.713
shp_3_47,50.030018,22.657814,152,6803.553
shp_3_47,50.030182,22.657629,153,6826.031
shp_3_47,50.030407,22.65741,154,6855.82
shp_3_47,50.030453,22.657333,155,6863.226
shp_3_47,50.030479,22.657263,156,6869.143
shp_3_47,50.030495,22.657156,157,6876.998
shp_3_47,50.030518,22.656675,158,6911.461
shp_3_47,50.031269,22.656778,159,6995.136
shp_3_47,50.031757,22.656879,160,7050.041
shp_3_47,50.031757,22.656879,161,7050.041
shp_3_47,50.031857,22.656902,162,7061.47
shp_3_47,50.032372,22.656809,163,7119.102
shp_3_47,50.032669,22.656637,164,7154.158
shp_3_47,50.033024,22.65608,165,7210.369
shp_3_47,50.03336,22.655531,166,7264.415
shp_3_47,50.03381,22.655128,167,7322.326
shp_3_47,50.03418,22.65485,168,7368.025
shp_3_47,50.034489,22.654518,169,7409.981
shp_3_47,50.034946,22.653711,170,7486.924
shp_3_47,50.03513,22.653555,171,7510.203
shp_3_47,50.036263,22.653156,172,7639.492
shp_3_47,50.036911,22.653133,173,7711.534
shp_3_47,50.037094,22.652971,174,7735.014
shp_3_47,50.037094,22.652971,175,7735.014
shp_3_47,50.036911,22.653133,176,7758.493
shp_3_47,50.036263,22.653156,177,7830.535
shp_3_47,50.03513,22.653555,178,7959.825
shp_3_47,50.034946,22.653711,179,7983.103
shp_3_47,50.034714,22.654125,180,8022.404
shp_3_47,50.034714,22.654125,181,8022.404
shp_3_47,50.034489,22.654518,182,8060.047
shp_3_47,50.03418,22.65485,183,8102.003
shp_3_47,50.03381,22.655128,184,8147.702
shp_3_47,50.03336,22.655531,185,8205.613
shp_3_47,50.033024,22.65608,186,8259.659
shp_3_47,50.032669,22.656637,187,8315.87
shp_3_47,50.032372,22.656809,188,8350.926
shp_3_47,50.031857,22.656902,189,8408.558
shp_3_47,50.031269,22.656778,190,8474.892
shp_3_47,50.030296,22.656641,191,8583.446
shp_3_47,50.030296,22.656641,192,8583.446
shp_3_47,50.029736,22.656555,193,8646.028
shp_3_47,50.02956,22.656542,194,8665.904
shp_3_47,50.029293,22.656584,195,8695.778
shp_3_47,50.028255,22.656921,196,8813.592
shp_3_47,50.027504,22.657179,197,8899.424
shp_3_47,50.027302,22.657207,198,8921.729
shp_3_47,50.027134,22.657217,199,8940.435
shp_3_47,50.026272,22.657146,200,9036.5
shp_3_47,50.026096,22.657137,201,9056.128
shp_3_47,50.025845,22.657143,202,9084.472
shp_3_47,50.025719,22.657196,203,9098.901
shp_3_47,50.025578,22.657284,204,9115.723
shp_3_47,50.025467,22.657385,205,9130.011
shp_3_47,50.025036,22.657829,206,9187.487
shp_3_47,50.024548,22.658373,207,9254.528
shp_3_47,50.024548,22.658373,208,9254.528
shp_3_47,50.024517,22.658405,209,9258.534
shp_3_47,50.023811,22.659515,210,9370.202
shp_3_47,50.023552,22.659893,211,9409.867
shp_3_47,50.023487,22.659971,212,9418.975
shp_3_47,50.023331,22.660126,213,9439.402
shp_3_47,50.023113,22.66029,214,9466.543
shp_3_47,50.022938,22.660395,215,9487.273
shp_3_47,50.022762,22.660452,216,9507.219
shp_3_47,50.022202,22.660568,217,9570.413
shp_3_47,50.022076,22.660667,218,9586.066
shp_3_47,50.021843,22.660948,219,9618.756
shp_3_47,50.021698,22.661079,220,9637.433
shp_3_47,50.021523,22.661184,221,9658.163
shp_3_47,50.021362,22.661203,222,9676.048
shp_3_47,50.020496,22.661161,223,9772.545
shp_3_47,50.02018,22.661324,224,9809.653
shp_3_47,50.019855,22.66153,225,9848.721
shp_3_47,50.019978,22.662119,226,9892.956
shp_3_47,50.019978,22.662119,227,9892.956
shp_3_47,50.020607,22.665245,228,10127.286
shp_3_47,50.02084,22.666607,229,10228.056
shp_3_47,50.020088,22.666992,230,10315.992
shp_3_47,50.020088,22.666992,231,10315.992
shp_3_47,50.019787,22.66715,232,10351.45
shp_3_47,50.018593,22.667738,233,10491.054
shp_3_47,50.017666,22.668173,234,10598.963
shp_3_47,50.01659,22.668524,235,10721.141
shp_3_47,50.01659,22.668524,236,10721.141
shp_3_47,50.016083,22.668688,237,10778.68
shp_3_47,50.015945,22.668688,238,10794.053
shp_3_47,50.015743,22.668489,239,10820.868
shp_3_47,50.0154,22.669298,240,10890.016
shp_3_47,50.015141,22.669886,241,10941.155
shp_3_47,50.015018,22.670282,242,10972.567
shp_3_47,50.014988,22.67054,243,10991.301
shp_3_47,50.014977,22.670805,244,11010.268
shp_3_47,50.014992,22.671064,245,11028.937
shp_3_47,50.015636,22.674923,246,11314.065
shp_3_48,49.999542,22.718731,1,0.0
shp_3_48,49.999741,22.718493,2,27.823
shp_3_48,49.99984,22.718456,3,39.383
shp_3_48,49.999928,22.718504,4,49.759
shp_3_48,50.00024,22.719309,5,117.108
shp_3_48,50.000355,22.719498,6,135.661
shp_3_48,50.000984,22.718224,7,250.812
shp_3_48,50.002972,22.714098,8,619.712
shp_3_48,50.003143,22.713715,9,653.132
shp_3_48,50.003323,22.713213,10,694.145
shp_3_48,50.003468,22.712915,11,720.848
shp_3_48,50.003559,22.712748,12,736.471
shp_3_48,50.00362,22.71269,13,744.733
shp_3_48,50.003761,22.712532,14,764.083
shp_3_48,50.003784,22.712515,15,766.867
shp_3_48,50.003819,22.712526,16,770.704
shp_3_48,50.003853,22.712519,17,774.535
shp_3_48,50.00391,22.712463,18,782.111
shp_3_48,50.003929,22.712421,19,785.813
shp_3_48,50.003941,22.712372,20,789.515
shp_3_48,50.003941,22.71232,21,793.222
shp_3_48,50.003922,22.712236,22,799.555
shp_3_48,50.004116,22.711807,23,837.131
shp_3_48,50.004116,22.711807,24,837.131
shp_3_48,50.004173,22.711679,25,848.131
shp_3_48,50.004219,22.711521,26,860.504
shp_3_48,50.004601,22.710709,27,932.705
shp_3_48,50.00536,22.70915,28,1072.532
shp_3_48,50.005642,22.708553,29,1125.619
shp_3_48,50.006332,22.707127,30,1253.367
shp_3_48,50.006527,22.706701,31,1290.839
shp_3_48,50.006527,22.706701,32,1290.839
shp_3_48,50.006718,22.706289,33,1326.926
shp_3_48,50.007484,22.704689,34,1469.968
shp_3_48,50.00956,22.700415,35,1853.017
shp_3_48,50.010296,22.699184,36,1973.31
shp_3_48,50.010784,22.698385,37,2052.168
shp_3_48,50.010784,22.698385,38,2052.168
shp_3_48,50.012463,22.695618,39,2324.48
shp_3_48,50.013351,22.694134,40,2469.626
shp_3_48,50.013737,22.693293,41,2543.606
shp_3_48,50.013737,22.693293,42,2543.606
shp_3_48,50.014763,22.691057,43,2740.106
shp_3_48,50.014866,22.690819,44,2760.563
shp_3_48,50.015247,22.690002,45,2832.928
shp_3_48,50.015144,22.689894,46,2847.065
shp_3_48,50.014866,22.689556,47,2886.06
shp_3_48,50.014595,22.688906,48,2941.565
shp_3_48,50.014248,22.68791,49,3022.713
shp_3_48,50.013573,22.685844,50,3188.392
shp_3_48,50.013206,22.684784,51,3274.543
shp_3_48,50.012859,22.683657,52,3364.024
shp_3_48,50.01252,22.683914,53,3405.988
shp_3_48,50.012154,22.682751,54,3498.622
shp_3_48,50.01247,22.682474,55,3539.19
shp_3_48,50.01263,22.682936,56,3576.74
shp_3_48,50.012779,22.683407,57,3614.323
shp_3_48,50.012779,22.683407,58,3614.323
shp_3_48,50.013206,22.684784,59,3723.653
shp_3_48,50.014568,22.68372,60,3893.197
shp_3_48,50.015079,22.683289,61,3957.94
shp_3_48,50.015411,22.682964,62,4001.458
shp_3_48,50.015697,22.682669,63,4039.66
shp_3_48,50.015839,22.68251,64,4059.089
shp_3_48,50.016193,22.682158,65,4105.848
shp_3_48,50.016281,22.682056,66,4118.106
shp_3_48,50.016418,22.682024,67,4133.799
shp_3_48,50.016479,22.682001,68,4140.748
shp_3_48,50.016514,22.682058,69,4146.23
shp_3_48,50.01656,22.682085,70,4151.711
shp_3_48,50.016605,22.682076,71,4157.009
shp_3_48,50.016628,22.682058,72,4159.68
shp_3_48,50.016651,22.682024,73,4163.142
shp_3_48,50.016666,22.681982,74,4166.61
shp_3_48,50.01667,22.681934,75,4170.075
shp_3_48,50.016666,22.681887,76,4173.542
shp_3_48,50.016727,22.681715,77,4187.494
shp_3_48,50.016804,22.681581,78,4200.233
shp_3_48,50.016846,22.681528,79,4206.34
shp_3_48,50.01688,22.681515,80,4210.016
shp_3_48,50.016914,22.681528,81,4214.215
shp_3_48,50.016953,22.681522,82,4218.411
shp_3_48,50.016987,22.681498,83,4222.601
shp_3_48,50.017014,22.681459,84,4226.797
shp_3_48,50.017033,22.681408,85,4230.995
shp_3_48,50.017036,22.681311,86,4237.881
shp_3_48,50.017029,22.681265,87,4241.348
shp_3_48,50.017006,22.681219,88,4245.353
shp_3_48,50.016979,22.681185,89,4249.354
shp_3_48,50.016911,22.68079,90,4278.671
shp_3_48,50.016891,22.680721,91,4284.034
shp_3_48,50.016804,22.680517,92,4301.537
shp_3_48,50.016804,22.680517,93,4301.537
shp_3_48,50.016724,22.680325,94,4318.012
shp_3_48,50.016586,22.679928,95,4350.162
shp_3_48,50.016472,22.679508,96,4382.793
shp_3_48,50.016304,22.678753,97,4440.075
shp_3_48,50.016163,22.67798,98,4497.419
shp_3_48,50.016121,22.677702,99,4517.914
shp_3_48,50.016212,22.677715,100,4528.246
shp_3_48,50.016792,22.67754,101,4593.855
shp_3_48,50.017632,22.677242,102,4689.797
shp_3_48,50.017872,22.677166,103,4717.106
shp_3_48,50.017872,22.677166,104,4717.106
shp_3_48,50.018776,22.676867,105,4819.698
shp_3_48,50.02018,22.67638,106,4979.793
shp_3_48,50.020405,22.676281,107,5006.185
shp_3_48,50.023121,22.674553,108,5332.544
shp_3_48,50.023121,22.674553,109,5332.544
shp_3_48,50.02319,22.674511,110,5340.653
shp_3_48,50.023365,22.674473,111,5360.378
shp_3_48,50.023384,22.674511,112,5363.849
shp_3_48,50.023438,22.674555,113,5370.7
shp_3_48,50.023468,22.674557,114,5374.166
shp_3_48,50.023499,22.674545,115,5377.639
shp_3_48,50.023525,22.67452,116,5381.095
shp_3_48,50.023548,22.674486,117,5384.561
shp_3_48,50.02356,22.674442,118,5388.025
shp_3_48,50.023567,22.674381,119,5392.465
shp_3_48,50.023727,22.674189,120,5415.194
shp_3_48,50.023823,22.674118,121,5426.824
shp_3_48,50.023899,22.674036,122,5437.247
shp_3_48,50.024326,22.673418,123,5502.034
shp_3_48,50.024597,22.673077,124,5540.868
shp_3_48,50.024612,22.672916,125,5552.514
shp_3_48,50.024643,22.672791,126,5561.992
shp_3_48,50.024685,22.672668,127,5572.047
shp_3_48,50.025257,22.671513,128,5676.183
shp_3_48,50.025814,22.67012,129,5793.672
shp_3_48,50.025974,22.669786,130,5823.41
shp_3_48,50.026096,22.669575,131,5843.699
shp_3_48,50.026466,22.668989,132,5902.642
shp_3_48,50.026585,22.668787,133,5922.131
shp_3_48,50.026695,22.668579,134,5941.345
shp_3_48,50.026695,22.668579,135,5941.345
shp_3_48,50.026863,22.668228,136,5972.707
shp_3_48,50.027027,22.667841,137,6005.907
shp_3_48,50.027397,22.66692,138,6083.456
shp_3_48,50.027557,22.666475,139,6119.91
shp_3_48,50.027817,22.665688,140,6183.363
shp_3_48,50.028191,22.66453,141,6275.822
shp_3_48,50.028351,22.66395,142,6321.068
shp_3_48,50.028404,22.663681,143,6341.277
shp_3_48,50.028477,22.663111,144,6382.726
shp_3_48,50.028553,22.662676,145,6414.928
shp_3_48,50.028553,22.662676,146,6414.928
shp_3_48,50.028721,22.661724,147,6485.527
shp_3_48,50.029037,22.660435,148,6584.288
shp_3_48,50.029613,22.658552,149,6733.445
shp_3_48,50.029716,22.658281,150,6755.923
shp_3_48,50.029865,22.658005,151,6781.713
shp_3_48,50.030018,22.657814,152,6803.553
shp_3_48,50.030182,22.657629,153,6826.031
shp_3_48,50.030407,22.65741,154,6855.82
shp_3_48,50.030453,22.657333,155,6863.226
shp_3_48,50.030479,22.657263,156,6869.143
shp_3_48,50.030495,22.657156,157,6876.998
shp_3_48,50.030518,22.656675,158,6911.461
shp_3_48,50.031269,22.656778,159,6995.136
shp_3_48,50.031757,22.656879,160,7050.041
shp_3_48,50.031757,22.656879,161,7050.041
shp_3_48,50.031857,22.656902,162,7061.47
shp_3_48,50.032372,22.656809,163,7119.102
shp_3_48,50.032669,22.656637,164,7154.158
shp_3_48,50.033024,22.65608,165,7210.369
shp_3_48,50.03336,22.655531,166,7264.415
shp_3_48,50.03381,22.655128,167,7322.326
shp_3_48,50.03418,22.65485,168,7368.025
shp_3_48,50.034489,22.654518,169,7409.981
shp_3_48,50.034946,22.653711,170,7486.924
shp_3_48,50.03513,22.653555,171,7510.203
shp_3_48,50.036263,22.653156,172,7639.492
shp_3_48,50.036911,22.653133,173,7711.534
shp_3_48,50.037094,22.652971,174,7735.014
shp_3_48,50.037094,22.652971,175,7735.014
shp_3_48,50.036911,22.653133,176,7758.493
shp_3_48,50.036263,22.653156,177,7830.535
shp_3_48,50.03513,22.653555,178,7959.825
shp_3_48,50.034946,22.653711,179,7983.103
shp_3_48,50.034714,22.654125,180,8022.404
shp_3_48,50.034714,22.654125,181,8022.404
shp_3_48,50.034489,22.654518,182,8060.047
shp_3_48,50.03418,22.65485,183,8102.003
shp_3_48,50.03381,22.655128,184,8147.702
shp_3_48,50.03336,22.655531,185,8205.613
shp_3_48,50.033024,22.65608,186,8259.659
shp_3_48,50.032669,22.656637,187,8315.87
shp_3_48,50.032372,22.656809,188,8350.926
shp_3_48,50.031857,22.656902,189,8408.558
shp_3_48,50.031269,22.656778,190,8474.892
shp_3_48,50.030296,22.656641,191,8583.446
shp_3_48,50.030296,22.656641,192,8583.446
shp_3_48,50.029736,22.656555,193,8646.028
shp_3_48,50.02956,22.656542,194,8665.904
shp_3_48,50.029293,22.656584,195,8695.778
shp_3_48,50.028255,22.656921,196,8813.592
shp_3_48,50.027504,22.657179,197,8899.424
shp_3_48,50.027302,22.657207,198,8921.729
shp_3_48,50.027134,22.657217,199,8940.435
shp_3_48,50.026272,22.657146,200,9036.5
shp_3_48,50.026096,22.657137,201,9056.128
shp_3_48,50.025845,22.657143,202,9084.472
shp_3_48,50.025719,22.657196,203,9098.901
shp_3_48,50.025578,22.657284,204,9115.723
shp_3_48,50.025467,22.657385,205,9130.011
shp_3_48,50.025036,22.657829,206,9187.487
shp_3_48,50.024548,22.658373,207,9254.528
shp_3_48,50.024548,22.658373,208,9254.528
shp_3_48,50.024517,22.658405,209,9258.534
shp_3_48,50.023811,22.659515,210,9370.202
shp_3_48,50.023552,22.659893,211,9409.867
shp_3_48,50.023487,22.659971,212,9418.975
shp_3_48,50.023331,22.660126,213,9439.402
shp_3_48,50.023113,22.66029,214,9466.543
shp_3_48,50.022938,22.660395,215,9487.273
shp_3_48,50.022762,22.660452,216,9507.219
shp_3_48,50.022202,22.660568,217,9570.413
shp_3_48,50.022076,22.660667,218,9586.066
shp_3_48,50.021843,22.660948,219,9618.756
shp_3_48,50.021698,22.661079,220,9637.433
shp_3_48,50.021523,22.661184,221,9658.163
shp_3_48,50.021362,22.661203,222,9676.048
shp_3_48,50.020496,22.661161,223,9772.545
shp_3_48,50.02018,22.661324,224,9809.653
shp_3_48,50.019855,22.66153,225,9848.721
shp_3_48,50.019978,22.662119,226,9892.956
shp_3_48,50.019978,22.662119,227,9892.956
shp_3_48,50.020607,22.665245,228,10127.286
shp_3_48,50.02084,22.666607,229,10228.056
shp_3_48,50.020088,22.666992,230,10315.992
shp_3_48,50.020088,22.666992,231,10315.992
shp_3_48,50.019787,22.66715,232,10351.45
shp_3_48,50.018593,22.667738,233,10491.054
shp_3_48,50.017666,22.668173,234,10598.963
shp_3_48,50.01659,22.668524,235,10721.141
shp_3_48,50.01659,22.668524,236,10721.141
shp_3_48,50.016083,22.668688,237,10778.68
shp_3_48,50.015945,22.668688,238,10794.053
shp_3_48,50.015743,22.668489,239,10820.868
shp_3_48,50.0154,22.669298,240,10890.016
shp_3_48,50.015141,22.669886,241,10941.155
shp_3_48,50.015018,22.670282,242,10972.567
shp_3_48,50.014988,22.67054,243,10991.301
shp_3_48,50.014977,22.670805,244,11010.268
shp_3_48,50.014992,22.671064,245,11028.937
shp_3_48,50.015636,22.674923,246,11314.065
shp_3_48,50.015636,22.674923,247,11314.065
shp_3_48,50.015747,22.675762,248,11375.362
shp_3_48,50.015884,22.676592,249,11436.703
shp_3_48,50.01606,22.677696,250,11518.127
shp_3_48,50.015934,22.67767,251,11532.523
shp_3_48,50.014256,22.678135,252,11722.344
shp_3_48,50.014256,22.678135,253,11722.344
shp_3_48,50.013897,22.678228,254,11762.829
shp_3_48,50.013699,22.678223,255,11784.907
shp_3_48,50.013489,22.678198,256,11808.234
shp_3_48,50.013084,22.678049,257,11854.356
shp_3_48,50.012295,22.677717,258,11945.588
shp_3_48,50.012081,22.676617,259,12027.904
shp_3_48,50.012054,22.676416,260,12042.402
shp_3_48,50.011749,22.674868,261,12158.378
shp_3_48,50.011707,22.674679,262,12172.612
shp_3_48,50.011665,22.674536,263,12183.845
shp_3_48,50.011581,22.674387,264,12198.192
shp_3_48,50.011482,22.674297,265,12210.764
shp_3_48,50.011162,22.674171,266,12247.773
shp_3_48,50.010902,22.674112,267,12276.757
shp_3_48,50.010792,22.674095,268,12289.096
shp_3_48,50.010647,22.674047,269,12305.762
shp_3_48,50.010555,22.674051,270,12316.12
shp_3_48,50.010368,22.67412,271,12337.471
shp_3_48,50.010368,22.67412,272,12337.471
shp_3_48,50.010086,22.674242,273,12369.911
shp_3_48,50.009758,22.6744,274,12408.325
shp_3_48,50.009644,22.674528,275,12424.052
shp_3_48,50.009548,22.67465,276,12437.533
shp_3_48,50.009445,22.674879,277,12457.527
shp_3_48,50.00914,22.675945,278,12541.079
shp_3_48,50.00909,22.676067,279,12551.569
shp_3_48,50.008972,22.67625,280,12569.892
shp_3_48,50.008846,22.676373,281,12586.44
shp_3_48,50.008785,22.67642,282,12594.11
shp_3_48,50.008629,22.676487,283,12612.238
shp_3_48,50.008522,22.676487,284,12624.25
shp_3_48,50.008381,22.676462,285,12639.665
shp_3_48,50.007214,22.675966,286,12774.542
shp_3_48,50.006771,22.675755,287,12826.147
shp_3_48,50.006359,22.675583,288,12873.523
shp_3_48,50.005444,22.67522,289,12978.615
shp_3_48,50.005444,22.67522,290,12978.615
shp_3_48,50.004066,22.674671,291,13136.973
shp_3_48,50.003597,22.674475,292,13190.934
shp_3_48,50.003407,22.674366,293,13213.735
shp_3_48,50.003181,22.674179,294,13241.885
shp_3_48,50.001373,22.672417,295,13479.494
shp_3_48,50.001217,22.672287,296,13499.193
shp_3_48,50.001186,22.67227,297,13502.945
shp_3_48,50.001186,22.67227,298,13502.945
shp_3_48,50.001038,22.672186,299,13520.491
shp_3_48,50.000889,22.672123,300,13537.918
shp_3_48,50.000736,22.671988,301,13557.206
shp_3_48,50.000698,22.671923,302,13563.517
shp_3_48,50.000683,22.671867,303,13567.794
shp_3_48,50.00066,22.671822,304,13572.065
shp_3_48,50.000618,22.67178,305,13577.407
shp_3_48,50.000572,22.671759,306,13582.752
shp_3_48,50.000526,22.671761,307,13588.097
shp_3_48,50.000496,22.671772,308,13591.347
shp_3_48,50.000458,22.671806,309,13596.324
shp_3_48,50.000427,22.671856,310,13601.311
shp_3_48,50.000408,22.671919,311,13606.296
shp_3_48,50.000401,22.671993,312,13611.702
shp_3_48,50.000404,22.672068,313,13617.108
shp_3_48,50.000431,22.67214,314,13622.977
shp_3_48,50.000469,22.672197,315,13628.846
shp_3_48,50.000519,22.672228,316,13634.721
shp_3_48,50.000553,22.672235,317,13638.687
shp_3_48,50.000587,22.672228,318,13642.666
shp_3_48,50.000622,22.672209,319,13646.63
shp_3_48,50.000668,22.672155,320,13652.987
shp_3_48,50.000725,22.672129,321,13659.749
shp_3_48,50.000824,22.672131,322,13670.526
shp_3_48,50.000889,22.672123,323,13677.721
shp_3_48,50.001038,22.672186,324,13695.147
shp_3_48,50.001217,22.672287,325,13716.446
shp_3_48,50.001373,22.672417,326,13736.146
shp_3_48,50.001732,22.672766,327,13783.095
shp_3_48,50.001732,22.672766,328,13783.095
shp_3_48,50.003181,22.674179,329,13973.755
shp_3_48,50.003407,22.674366,330,14001.904
shp_3_48,50.003597,22.674475,331,14024.706
shp_3_48,50.004066,22.674671,332,14078.667
shp_3_48,50.006359,22.675583,333,14342.116
shp_3_48,50.006771,22.675755,334,14389.492
shp_3_48,50.007214,22.675966,335,14441.098
shp_3_48,50.007664,22.676157,336,14493.115
shp_3_48,50.007664,22.676157,337,14493.115
shp_3_48,50.008381,22.676462,338,14575.975
shp_3_48,50.008522,22.676487,339,14591.39
shp_3_48,50.008629,22.676487,340,14603.401
shp_3_48,50.008785,22.67642,341,14621.529
shp_3_48,50.008846,22.676373,342,14629.199
shp_3_48,50.008972,22.67625,343,14645.748
shp_3_48,50.00909,22.676067,344,14664.07
shp_3_48,50.00914,22.675945,345,14674.561
shp_3_48,50.009445,22.674879,346,14758.112
shp_3_48,50.009548,22.67465,347,14778.106
shp_3_48,50.009644,22.674528,348,14791.588
shp_3_48,50.009758,22.6744,349,14807.314
shp_3_48,50.010086,22.674242,350,14845.729
shp_3_48,50.010368,22.67412,351,14878.169
shp_3_48,50.010368,22.67412,352,14878.169
shp_3_48,50.010555,22.674051,353,14899.52
shp_3_48,50.010647,22.674047,354,14909.878
shp_3_48,50.010792,22.674095,355,14926.544
shp_3_48,50.010902,22.674221,356,14941.533
shp_3_48,50.011005,22.67429,357,14954.253
shp_3_48,50.011295,22.674385,358,14987.066
shp_3_48,50.011486,22.674465,359,15009.276
shp_3_48,50.011585,22.674593,360,15023.462
shp_3_48,50.011627,22.674669,361,15030.671
shp_3_48,50.011662,22.674767,362,15038.731
shp_3_48,50.011921,22.676048,363,15134.731
shp_3_48,50.012016,22.676472,364,15166.947
shp_3_48,50.012081,22.676617,365,15179.454
shp_3_48,50.012188,22.677195,366,15222.497
shp_3_48,50.012169,22.677332,367,15232.643
shp_3_48,50.012173,22.677383,368,15236.255
shp_3_48,50.012165,22.67745,369,15241.188
shp_3_48,50.012077,22.677618,370,15256.515
shp_3_48,50.011848,22.677528,371,15282.958
shp_3_48,50.011574,22.677437,372,15314.366
shp_3_48,50.011505,22.677443,373,15321.861
shp_3_48,50.011459,22.677475,374,15327.411
shp_3_48,50.011425,22.677544,375,15333.599
shp_3_48,50.011406,22.67762,376,15339.426
shp_3_48,50.01141,22.67771,377,15345.787
shp_3_48,50.01144,22.67787,378,15357.784
shp_3_48,50.01144,22.67787,379,15357.784
shp_3_48,50.011887,22.680376,380,15543.75
shp_3_48,50.012077,22.681353,381,15616.899
shp_3_48,50.01263,22.682936,382,15745.773
shp_3_48,50.012951,22.683949,383,15826.438
shp_3_48,50.012951,22.683949,384,15826.438
shp_3_48,50.013206,22.684784,385,15892.687
shp_3_48,50.013573,22.685844,386,15978.838
shp_3_48,50.014248,22.68791,387,16144.518
shp_3_48,50.014595,22.688906,388,16225.666
shp_3_48,50.015026,22.689936,389,16313.384
shp_3_48,50.015072,22.690109,390,16327.039
shp_3_48,50.015091,22.69022,391,16335.167
shp_3_48,50.015095,22.690329,392,16342.961
shp_3_48,50.014866,22.690819,393,16386.283
shp_3_48,50.014763,22.691057,394,16406.74
shp_3_48,50.014473,22.691687,395,16462.129
shp_3_48,50.014473,22.691687,396,16462.129
shp_3_48,50.013351,22.694134,397,16677.221
shp_3_48,50.012463,22.695618,398,16822.367
shp_3_48,50.010162,22.699406,399,17195.227
shp_3_48,50.010162,22.699406,400,17195.227
shp_3_48,50.00956,22.700415,401,17293.828
shp_3_48,50.008327,22.702946,402,17520.908
shp_3_48,50.006718,22.706289,403,17819.92
shp_3_48,50.006332,22.707127,404,17893.479
shp_3_48,50.005955,22.707909,405,17963.574
shp_3_48,50.005955,22.707909,406,17963.574
shp_3_48,50.00536,22.70915,407,18074.311
shp_3_48,50.004601,22.710709,408,18214.139
shp_3_48,50.004219,22.711521,409,18286.34
shp_3_48,50.004169,22.711546,410,18291.891
shp_3_48,50.003906,22.712061,411,18338.953
shp_3_48,50.00386,22.712168,412,18348.189
shp_3_48,50.003826,22.712158,413,18351.887
shp_3_48,50.003796,22.712164,414,18355.592
shp_3_48,50.003765,22.712183,415,18359.285
shp_3_48,50.003738,22.712215,416,18362.984
shp_3_48,50.003708,22.712296,417,18369.539
shp_3_48,50.003708,22.71236,418,18374.115
shp_3_48,50.003716,22.71241,419,18377.842
shp_3_48,50.00359,22.712648,420,18399.842
shp_3_48,50.003559,22.712748,421,18407.777
shp_3_48,50.003468,22.712915,422,18423.4
shp_3_48,50.003323,22.713213,423,18450.104
shp_3_48,50.003143,22.713715,424,18491.117
shp_3_48,50.002972,22.714098,425,18524.537
shp_3_48,50.002659,22.714745,426,18582.377
shp_3_48,50.002659,22.714745,427,18582.377
shp_3_48,50.000984,22.718224,428,18893.438
shp_3_48,50.000355,22.719498,429,19008.588
shp_3_48,50.00024,22.719309,430,19027.141
shp_3_48,49.999928,22.718504,431,19094.488
shp_3_48,49.99984,22.718456,432,19104.865
shp_3_48,49.999741,22.718493,433,19116.426
shp_3_48,49.999542,22.718731,434,19144.25
